Filename,True_Label,Predicted_Label,Confidence (%)
000001_png.rf.0fcee819598680d023ab488df804b18b.jpg,fake,fake,23.77
000007_png.rf.67286dc394c772699841c34043ab9e04.jpg,fake,fake,41.24
000008_png.rf.7af3031e48482d99d7c2d736015109bf.jpg,fake,fake,2.5
000011_png.rf.b705d2647456a2af80528661842b072c.jpg,fake,fake,2.3
000016_png.rf.0acfa06874fc91f9fb5328f220cd91b9.jpg,fake,real,43.19
000020_png.rf.b02ed63f73b322b0609037d2ff17fc86.jpg,fake,fake,33.24
000023_png.rf.e2d2fe12e0d27182d35d7fba13fef545.jpg,fake,fake,5.01
000025_png.rf.466591c4d4b941a0c56a8b6d731f1732.jpg,fake,fake,5.02
000027_png.rf.55bc61441a61a81b8ac77d6f48fdaf9e.jpg,fake,fake,1.68
000032_png.rf.ea413a6573cc18e25c3cdf6a96d8c9cd.jpg,fake,real,32.12
000036_png.rf.3d3cbe11ac496fc0312ecf19dfe91a92.jpg,fake,fake,3.27
000039_png.rf.72372d79b5ea86ce7e22bbffc519768b.jpg,fake,fake,2.16
000044_png.rf.11fc664b433e5c1adb59a7b80b4ac48d.jpg,fake,real,43.66
000045_png.rf.cffcd8989ee4a5f4ba86835e25a10524.jpg,fake,fake,48.25
000046_png.rf.53e8d913115b25f4ceaa5b43e25e7aba.jpg,fake,fake,45.91
000051_png.rf.01756b8dab3cb706db4e837d506b1b71.jpg,fake,fake,4.58
000053_png.rf.8e8f5c97eead0fbf180758cf945a17da.jpg,fake,fake,0.5
000058_png.rf.9b1e39f6b54025dfcbf74381f5cd1218.jpg,fake,fake,24.93
000060_png.rf.433359a842f2396c7f5178de6fd52fca.jpg,fake,fake,9.52
000062_png.rf.f988fea2aaf2a7768fb653cb7ebf1a92.jpg,fake,real,41.53
000064_png.rf.5c201bd14714e5d0eb50e1c900319a1d.jpg,fake,fake,18.9
000064_png.rf.6a42f6e21b5e9141d7aecb73ff53fad5.jpg,fake,fake,2.01
000068_png.rf.1d227d670499034092e45b31fd9a171e.jpg,fake,fake,15.12
000070_png.rf.d729d901c5dbf01724e4dcc93e88fa03.jpg,fake,fake,5.41
000072_png.rf.4e282b9f1d5845d208b088d6cb0aad59.jpg,fake,fake,49.39
000075_png.rf.57abb6b8666a05c289c904c8c369d592.jpg,fake,fake,13.69
000077_png.rf.2deac8a7cf46533748a8fd4e13a18318.jpg,fake,fake,34.96
000077_png.rf.4bce191ac44bbc6d4db9077f6f30fced.jpg,fake,fake,20.15
000085_png.rf.84c13f43f5f551037be34efbbf6c416a.jpg,fake,real,40.38
000087_png.rf.9c4270fd8730fe0593a9b46bec1b38c4.jpg,fake,fake,4.53
000089_png.rf.fcc30bcc21147d955a9a342dbe4ebadd.jpg,fake,fake,12.08
000090_png.rf.fb8ebcc0322f165788484c9ff71f9299.jpg,fake,fake,47.98
000091_png.rf.a9c7cf851863f8d2e511fa307997caa0.jpg,fake,fake,17.27
000103_png.rf.c6192f19896a968f601e394634bb060a.jpg,fake,fake,2.33
000106_png.rf.2f5048674ff13d1b6d6d33f1116c4243.jpg,fake,fake,19.6
000117_png.rf.3f4b6750ca4b98b2cbc13f9f4a36f94b.jpg,fake,fake,14.91
000119_png.rf.976b4b73c42d2dcc5ae651b5576ef9fd.jpg,fake,fake,15.73
000122_png.rf.2fdfb4d8c32ebe5d55b66427ec61b45b.jpg,fake,fake,27.26
000131_png.rf.286fea2d2821d5a8aa97713c75f38312.jpg,fake,fake,33.26
000134_png.rf.e65a51aadb147d721a01b016731a55a2.jpg,fake,fake,25.69
000143_png.rf.75145bfe6e1885840df8ea54926a34a7.jpg,fake,real,33.24
000147_png.rf.f9538d08477120bd1451319146bec41f.jpg,fake,fake,4.32
000155_png.rf.21c13d0aa360135f02e117bda2fc3276.jpg,fake,fake,17.69
000158_png.rf.2b06862535604093f14756ee076fdfff.jpg,fake,fake,4.94
000161_png.rf.82affcad2526cbc28b00c031615b070b.jpg,fake,fake,1.37
000162_png.rf.2b91320e8369f93a93585ffdeae4e0f1.jpg,fake,fake,15.1
000167_png.rf.1f7a1a413862de769c728bc5791c5f4b.jpg,fake,real,46.65
000168_png.rf.79a8f24445be2497b38bbde61f5042ab.jpg,fake,fake,3.83
000169_png.rf.6a2f68911997b1056b7bcb333abef40b.jpg,fake,fake,6.17
000170_png.rf.dbd9f96a7cca6b79964cc47afe6a28d5.jpg,fake,real,44.03
000173_png.rf.c92015f2a5bd3d8896333360589ef7b2.jpg,fake,fake,4.57
000178_png.rf.fb336b9292e715dfa137e887dfd6ef7d.jpg,fake,fake,4.18
000184_png.rf.4bad1b9330c78c38d93793430819ebe3.jpg,fake,fake,34.54
000185_png.rf.23c2d8cbf1e7d2162f5215a174ea85c6.jpg,fake,fake,0.39
000189_png.rf.4246d78957115d04c56845668fbdaafa.jpg,fake,fake,3.89
000189_png.rf.fc88fe17dce09e1e1f2a6dfc58910af5.jpg,fake,fake,2.64
000191_png.rf.0719ca2bdf5e66d311dc93c0e3aac20d.jpg,fake,fake,4.59
000192_png.rf.85cf5c71cbf0fd5eef386ddfe6dd08c4.jpg,fake,real,29.43
000197_png.rf.553ff3042201535ce85336e9286d77bd.jpg,fake,fake,33.23
000198_png.rf.cb984ebf495c9c3905ce1c4cc37f2045.jpg,fake,real,43.6
000199_png.rf.91a31ca712eef445759c6b2a0c179076.jpg,fake,fake,0.64
000206_png.rf.9c03659750b7f605137e8a8f5967b9f1.jpg,fake,fake,23.86
000208_png.rf.c4c26c434af4646a7e6b8240e85bb633.jpg,fake,real,39.34
000211_png.rf.90e785d390ebd0c9ccd53cdea514ec71.jpg,fake,fake,5.72
000211_png.rf.bed2de496ad08e6ccde02df87aef4906.jpg,fake,fake,24.17
000214_png.rf.3d38fcbe6a1c071500fb153b9a43f736.jpg,fake,fake,13.94
000214_png.rf.603f7ad6a5ac34ab215775e3e8b36134.jpg,fake,fake,13.98
000215_png.rf.b3a7907b785209bc8b21abb697cac7ae.jpg,fake,real,29.63
000224_png.rf.6be62914f8414c165e6af02ce204d630.jpg,fake,fake,26.69
000227_png.rf.35ce2f1fde7f5a9a0ceff22cabf6b631.jpg,fake,fake,29.17
000233_png.rf.a4db92bd241e03c984e60d2fe304edf8.jpg,fake,fake,2.21
000237_png.rf.f5b3a9a27343e9edeb98fb9ab6354e72.jpg,fake,fake,18.59
000238_png.rf.f76771d4a801da120e09a3396e5e1969.jpg,fake,fake,8.35
000247_png.rf.69d51ebb6603c062d8944802c3ddd879.jpg,fake,fake,20.33
000253_png.rf.29f87130c80027ba831fb7969265e19f.jpg,fake,fake,7.49
000253_png.rf.800d2a3469f02addbaee2371c6f02d7f.jpg,fake,fake,28.4
000255_png.rf.d440c96e3f8d43c58270ce79e131633b.jpg,fake,fake,3.21
000256_png.rf.4f2a10013d526594225e2c6c423f31c0.jpg,fake,fake,17.05
000256_png.rf.e3795a09f7596e87f2cd900ec88f5bc5.jpg,fake,fake,24.28
000260_png.rf.68ae668332c3e6d7c3ab860b4ccd3257.jpg,fake,real,20.27
000264_png.rf.a50fff3df4e6b60332cea266b6774d83.jpg,fake,fake,26.68
000265_png.rf.a028bdbaf545191f8bcd441d92579b0d.jpg,fake,fake,33.7
000266_png.rf.c8abaf8e3235d240777e79784f59e1f6.jpg,fake,fake,28.22
000274_png.rf.973e932c668eb0f50894bddbe3f231e0.jpg,fake,fake,22.11
000275_png.rf.434ba2629e07ee5acc8a145394187e35.jpg,fake,real,34.79
000276_png.rf.c4a474827993a0688a178f8015ba6737.jpg,fake,fake,27.67
000279_png.rf.15f76da7e9fa930c6464991506bc6854.jpg,fake,fake,5.22
000279_png.rf.f9676a5bff4966a6306fcedc086f11c3.jpg,fake,fake,3.27
000281_png.rf.a61d29fd6b078cd8ab14be866eb8ac75.jpg,fake,real,40.83
000283_png.rf.b611a8a04f0dcf3ff69260fafca4df66.jpg,fake,fake,7.59
000287_png.rf.c9381bddfef42b66415bd11244f0d0a1.jpg,fake,fake,21.08
000288_png.rf.623379ad64490138fb448092a43b13ae.jpg,fake,fake,36.11
000291_png.rf.2d553385b71b7dc7451f67cfcfdc7e28.jpg,fake,fake,11.79
000296_png.rf.2b5954f7ce629495f32616af9c739fa6.jpg,fake,fake,1.43
000304_png.rf.e7d5705c29cd099253eb09dc1b99faeb.jpg,fake,fake,2.55
000310_png.rf.038c61e4ec62be87d9f9c5b85cc6dc53.jpg,fake,fake,9.4
000312_png.rf.5bfef4df783782666505110c518b1a78.jpg,fake,fake,11.71
000314_png.rf.3f7f8dbbfe74bc7aed7f18d20e7501c0.jpg,fake,fake,9.18
000316_png.rf.7ff04aaedd25c6eb07b1eff2a4a1d298.jpg,fake,fake,11.74
000317_png.rf.f001af04872f7520f790089d4c307df6.jpg,fake,real,18.5
000318_png.rf.93757715cf4bc55fbacaba56935eca55.jpg,fake,fake,16.64
000322_png.rf.12fe237009849320b741fc853464d50c.jpg,fake,fake,11.14
000328_png.rf.5cf90d48bdbe3ce43c5a39de43f24a17.jpg,fake,fake,0.9
000331_png.rf.a17e8d5fb8db1a4eb85f52ef3f430845.jpg,fake,real,31.42
000341_png.rf.84b6b5bdc928dcf6d1b93e8545c52a10.jpg,fake,fake,39.76
000343_png.rf.be07660cf0f127c8f5b7c1a56826d474.jpg,fake,fake,0.44
000346_png.rf.5069caa84677cf409d637f7cf4724024.jpg,fake,fake,15.66
000350_png.rf.23ae26aab0475506991b0a80b5c4af0a.jpg,fake,real,12.08
000350_png.rf.6be43f293b62603a6920332096f0ff0b.jpg,fake,fake,13.62
000351_png.rf.a804a6d986ece5ff8424ade12c03fcec.jpg,fake,real,32.0
000358_png.rf.2f0489be15630b69ce50b963273ee1a5.jpg,fake,fake,19.55
000364_png.rf.9dc98f08960799442f412279f5cf1008.jpg,fake,real,27.19
000370_png.rf.61a867156f5f450b7f7a109f0ba026a3.jpg,fake,fake,39.32
000371_png.rf.2aa80acbdf3def5663d2eb64e6ad7d7d.jpg,fake,fake,10.75
000374_png.rf.06245b1f21aee54da71491dcdb1ba932.jpg,fake,fake,7.88
000380_png.rf.d51f8e17c0013a40a7f63d7066f8f012.jpg,fake,fake,17.85
000382_png.rf.b33b8f15061cdaccfc4d1af1ecece9ba.jpg,fake,real,44.15
000390_png.rf.cc4b4b38719b4ffe8e83bbeaf88c7aff.jpg,fake,fake,27.17
000399_png.rf.aaa23a9cbc8b790e3939a5d8e83f46c8.jpg,fake,fake,14.75
000400_png.rf.e7f244439ad87232ea7ddcf84bf4fe48.jpg,fake,fake,0.82
000401_png.rf.db208195ce3e3afd0ca318ad10673835.jpg,fake,fake,9.58
000403_png.rf.38b5020e7e44b97dcbeaa227202cded5.jpg,fake,fake,12.04
000403_png.rf.e466a27a47a8f01d4cb63112edf61e76.jpg,fake,fake,31.75
000404_png.rf.e0067eede2a240018dbad8b519da7496.jpg,fake,fake,0.99
000405_png.rf.82f3ae1b6b57bc1db02afeff510df1c2.jpg,fake,fake,1.75
000408_png.rf.a048ab43bd857d663c838d2d9dcdfa41.jpg,fake,fake,1.3
000413_png.rf.4c2e9f3653c0b157f1347423d175192a.jpg,fake,real,41.88
000415_png.rf.72549f81d96e8a7229f787c109fbe18a.jpg,fake,fake,0.25
000417_png.rf.7530cf4fa62bc76b484c956481cc196c.jpg,fake,fake,17.96
000424_png.rf.38913eab6df5f94585e2de35e98cbb63.jpg,fake,fake,0.95
000426_png.rf.0c42b8580e5d593b0a704f39405d71e6.jpg,fake,fake,0.59
000435_png.rf.e0c99551e13f69988f2507fca05d43ed.jpg,fake,real,45.68
000440_png.rf.91cf871503beca6a16b04f67660890ce.jpg,fake,fake,3.31
000442_png.rf.a436c3dfca372ee1d79727e95b5e54fd.jpg,fake,fake,31.03
000446_png.rf.7887e9e6684627ef6994f3d99645d277.jpg,fake,fake,38.15
000449_png.rf.5f8ba804b70da19d827b9de44e2c5953.jpg,fake,fake,12.66
000452_png.rf.2ab0d85fd56c7a6cd51faa44c0b33e8d.jpg,fake,fake,36.18
000452_png.rf.c719883d0fa9e3fe039921076d5224ce.jpg,fake,fake,21.22
000464_png.rf.396f247fc06c40e3daf68ae44838e66b.jpg,fake,real,29.23
000465_png.rf.db1820479831884c779ad1ddc89ba6a7.jpg,fake,real,23.33
000469_png.rf.fd3010e4785ecb5c547ded5269cfb8e8.jpg,fake,fake,6.92
000475_png.rf.94001e8b8b75b137cab48c12474420fe.jpg,fake,fake,5.79
000476_png.rf.ccaa66dbc78262eb4f8efb728215a340.jpg,fake,fake,5.98
000477_png.rf.7d88fba7f5c06040cfaec3ff79111157.jpg,fake,fake,3.27
000477_png.rf.e05eb39204f2b1dccd825c69e9a62f8f.jpg,fake,fake,1.92
000479_png.rf.a745d0748e6066deae748ac5111f655d.jpg,fake,fake,30.11
000483_png.rf.90ff5a1c286fc1becc15682a92b4d4c7.jpg,fake,fake,6.38
000485_png.rf.f47c04af3af8e65ccc07d31e8fb3e9a7.jpg,fake,fake,6.03
000489_png.rf.054115dc131988e7251e3455e5b8d5ec.jpg,fake,real,5.25
000497_png.rf.08d9f55562024fa00f231af242233f0e.jpg,fake,fake,1.16
000498_png.rf.ea6dc845d924cf4338c59e200ddb9cb6.jpg,fake,real,38.04
000501_png.rf.082fff47cfb80e7381700a26ca6395f5.jpg,fake,fake,8.29
000503_png.rf.47af39c12f9f12e32bb6ea8f2e8de38c.jpg,fake,fake,2.6
000504_png.rf.1b2310e6777b5969a5cfa41391e99488.jpg,fake,fake,38.25
000505_png.rf.0fdb5fbbc92969fbd2e7f004745a4730.jpg,fake,real,13.19
000506_png.rf.d7f4e9053e9185b3ad82f32566bc9883.jpg,fake,fake,9.78
000509_png.rf.1776f5db86db96faac532b8a63fca477.jpg,fake,fake,34.59
000510_png.rf.2c464841dcc32ab1b8308f8622f1a1c3.jpg,fake,fake,4.84
000510_png.rf.6518d505ab7998e5d7f1f00bff45168d.jpg,fake,fake,39.25
000517_png.rf.5c717aa482b95b6f89fbc8f903cbfda6.jpg,fake,fake,6.65
000519_png.rf.978e12db85460175e15b7d33097e62bd.jpg,fake,fake,13.24
000523_png.rf.3e7c00478c5cc86a11fd873341f4842b.jpg,fake,fake,4.39
000535_png.rf.95dcf37cb552a4011a862be3f4feb41a.jpg,fake,fake,4.89
000537_png.rf.173858c43aa4827a352822c26ab5a967.jpg,fake,fake,1.77
000539_png.rf.a7d036a16bcfa03f23d954be0793fb84.jpg,fake,fake,1.05
000540_png.rf.b3323a6ac85894a8f6f031933b90c606.jpg,fake,fake,0.27
000551_png.rf.cc58a12809c5a9d7d66568245e80fbf2.jpg,fake,fake,21.86
000552_png.rf.c0f599eeb4be37f1fa70e50c3aa351e5.jpg,fake,fake,2.12
000561_png.rf.7366efd8417cdec9d8b70d2a9c8162d6.jpg,fake,fake,9.18
000565_png.rf.1203bd9e674264fe121edb22d8b90d76.jpg,fake,real,39.21
000568_png.rf.73f6185ac25cd79175c22e818bb03223.jpg,fake,fake,28.96
000568_png.rf.dd90f3e871290bf41eeacde9c41150e6.jpg,fake,fake,37.54
000569_png.rf.8c7652f454374dbca6bc1a3c0b7b9200.jpg,fake,fake,4.94
000570_png.rf.e9d745ba5b4789140b5414c7cde28fab.jpg,fake,fake,0.66
000575_png.rf.34423b797e86338d1c64fe55acd40da8.jpg,fake,fake,27.81
000578_png.rf.3d45955a05db72b2f042f23a3d7f52d6.jpg,fake,fake,4.43
000582_png.rf.909752526b4ac126a70f89c16f4dca49.jpg,fake,fake,0.5
000586_png.rf.173031056086a046eb1eaad016e20d77.jpg,fake,fake,9.41
000589_png.rf.f42163cbe9e17a1010f7a8c1c69e8e6b.jpg,fake,fake,12.57
000603_png.rf.912cdd8167dee7f2b7d355a4054ec15c.jpg,fake,fake,21.34
000606_png.rf.4edb3e4eaf17835bcd2b1877eb93ca45.jpg,fake,fake,10.12
000612_png.rf.f1e4c75c86ba0cdb85f029b3421f1382.jpg,fake,fake,12.91
000614_png.rf.355b6ef1d3f3852dec13deba940ac5f8.jpg,fake,real,42.18
000614_png.rf.69304f47a6d2a63b7010ecb8b133f23b.jpg,fake,fake,14.98
000624_png.rf.70a9f94c57d7f8f3f4cc8676107f3726.jpg,fake,fake,25.92
000626_png.rf.6223db9dc344bdda3db77788e939b03a.jpg,fake,fake,5.28
000627_png.rf.38a39e91c0b14c215a3a76c60dd27f4c.jpg,fake,fake,6.43
000627_png.rf.7be8e4fa0807c9d50f67863d37cd2eb8.jpg,fake,fake,4.78
000629_png.rf.cc214cd41e86b9e95277912449a438db.jpg,fake,fake,0.88
000631_png.rf.a13d327902fb684f1e69c82c9f036f2d.jpg,fake,fake,37.29
000645_png.rf.37a0bb44b83e2906eb000338597c6dcf.jpg,fake,real,38.62
000648_png.rf.ffcf3b0f1fadb5243b746661e78707b9.jpg,fake,fake,6.38
000651_png.rf.da66de035de2d3fa1c4714d6b19446e9.jpg,fake,fake,28.05
000653_png.rf.c51eabbc46df0d06f4f004d4c5d31523.jpg,fake,fake,7.56
000657_png.rf.d8175466d08176dfb5b70bd0a22ab4e5.jpg,fake,fake,1.88
000663_png.rf.1f16777216f91abacb7bccaa9762edf9.jpg,fake,real,29.04
000678_png.rf.156894baaca2e61fb0121126cbed8038.jpg,fake,fake,22.25
000678_png.rf.f09b57fca46d1f764cdfdf953612bce6.jpg,fake,fake,13.28
000681_png.rf.dc753f458b609b31d4bf8cf3d896a850.jpg,fake,fake,18.29
000684_png.rf.09d1b8fda7ddfa8f63a219254b94aaf0.jpg,fake,fake,0.23
000684_png.rf.900b96e8ae41b7a2f66c8a845095cfb6.jpg,fake,fake,0.94
000686_png.rf.4af984c6c29b6cadbbe601b13db04ce6.jpg,fake,fake,11.93
000686_png.rf.97c6758a60d6fa77520bfeab9f4d61ee.jpg,fake,real,46.65
000687_png.rf.b9ff9464cd7f75ab31ae2ed343815bb5.jpg,fake,fake,3.97
000688_png.rf.861628386933ef86a9d2e9267635fb6c.jpg,fake,fake,9.94
000695_png.rf.672a230fa8c9e697049bf4df1db39d7c.jpg,fake,fake,7.25
000697_png.rf.69ea3fa37d2f80c978bde6f537d3d874.jpg,fake,fake,37.57
000698_png.rf.3c9867063a9d0debe19c60336bc549d2.jpg,fake,fake,14.2
000699_png.rf.ba6e480979c685c77005f5bcb2643c57.jpg,fake,fake,5.88
000700_png.rf.bd4cffdbbdaa9ff2a8b2ac08d20823be.jpg,fake,fake,11.09
000702_png.rf.d56bdb1c8f690edf751bc13ead31d343.jpg,fake,fake,18.78
000704_png.rf.1df48d57d96f5f9bd8eaa089cf1eed0d.jpg,fake,fake,22.22
000715_png.rf.28091b26e401ee6c1ae544b0c1d8ac1f.jpg,fake,fake,1.66
000720_png.rf.bb51ae0d133a79a49ff0e8eecd0fab77.jpg,fake,fake,0.65
000727_png.rf.9c539ee4f2af4e94e112fd87cb661f64.jpg,fake,fake,3.88
000734_png.rf.72a08253ccfe0942d4828a214df1000d.jpg,fake,fake,1.37
000737_png.rf.01a12713a2a4d8a1f5bb9a71e478aa40.jpg,fake,fake,40.63
000737_png.rf.1f5983bd6b9ac6f4d8d3c091027885e8.jpg,fake,fake,4.7
000738_png.rf.945176f8155996d091c807cf9942e7bb.jpg,fake,real,34.46
000738_png.rf.ec6a389636c584c11c86d3413cae53bc.jpg,fake,real,36.88
000739_png.rf.9734dfd54729b44b37b83b143bfb3af3.jpg,fake,real,42.6
000740_png.rf.6d7c96048b2c22296f8e1ac52f9f72c2.jpg,fake,fake,9.3
000746_png.rf.1cf15b4c0462e6bf5587d86bb3cb5236.jpg,fake,fake,5.11
000748_png.rf.9b03c6da9713a771441cc866d0f1cb77.jpg,fake,fake,2.96
000755_png.rf.e529d9325acaa97e26909d895ff517b8.jpg,fake,fake,11.67
000757_png.rf.613a762f43da8c12500bf3003a7afe13.jpg,fake,fake,19.34
000762_png.rf.8f172ef76b042d656437f41677484784.jpg,fake,fake,5.74
000763_png.rf.957f8b555cdf21ae439c750082101d10.jpg,fake,fake,14.94
000781_png.rf.bbf16446f5ca96dd0035346f35bb8534.jpg,fake,fake,26.52
000786_png.rf.b49daca2f677f369b26bd2ffabd0fbbd.jpg,fake,real,45.69
000788_png.rf.1335e4e9a6460c6b4057e87aab55f32e.jpg,fake,fake,12.23
000788_png.rf.79644f8086dea14b272db13000d75e31.jpg,fake,fake,9.6
000789_png.rf.4f5233e7265d640cc79c1fb5991d0207.jpg,fake,fake,33.19
000790_png.rf.c3e1988e4f5f383a30f1776b95c5b9be.jpg,fake,fake,9.03
000792_png.rf.9971575cc0622c4acaa88aa6c1fb4606.jpg,fake,real,23.12
000799_png.rf.08748617aedc8af5251ce07d1809b981.jpg,fake,fake,3.23
000806_png.rf.84c9fa80b3dbb6e336d1fabba392f100.jpg,fake,fake,2.31
000807_png.rf.0825fb41afa973072cc15ede49e507fa.jpg,fake,fake,36.73
000808_png.rf.4509806d7fe8c49e7851d40f722941c1.jpg,fake,fake,34.54
000809_png.rf.adbfc88a8db6ee0e3e679cf166027395.jpg,fake,fake,0.79
000811_png.rf.d4691e78c142cfb59cccb79e4823341c.jpg,fake,fake,3.92
000813_png.rf.fe5bc21b761a8930db0c2b9b8a25b231.jpg,fake,fake,2.27
000821_png.rf.790d05e383c6a8c96d3bbc2575b3b46c.jpg,fake,real,28.89
000821_png.rf.7b45eb4ad75b5b860ad370c72dd7dda1.jpg,fake,fake,2.81
000822_png.rf.2d453674c71a3e659f9b40767bf2899f.jpg,fake,fake,14.77
000823_png.rf.9176a674c4c57c1d2c63876a2eb8b6da.jpg,fake,real,43.14
000824_png.rf.44c8a8cc41e79e9158559594cf5350ef.jpg,fake,real,40.05
000831_png.rf.d5529f0937b856068b2c8509ce51f0f3.jpg,fake,fake,6.86
000832_png.rf.184f82e2dbfd2b2c8eaa346bdddb7632.jpg,fake,fake,15.3
000833_png.rf.d73f210987bc2e06f3c820b13a19e6db.jpg,fake,fake,3.39
000834_png.rf.2849bbca138e79f2279de38a410445b3.jpg,fake,fake,2.81
000841_png.rf.5e247e9064b49c1fcab9f331d4cb1bdd.jpg,fake,fake,3.65
000843_png.rf.ca41c6547d2455a52efd8abd2ebff6c9.jpg,fake,fake,10.45
000844_png.rf.adc83e929302e4ef5ec3d13f2b31d36d.jpg,fake,fake,44.03
000847_png.rf.774dfac6257355b6b9482ef0b8e38e77.jpg,fake,fake,15.43
000854_png.rf.b57fba98e5480ef61f2cac79051344f7.jpg,fake,fake,43.43
000855_png.rf.41b17c64de02884c092ecdb470eb0df2.jpg,fake,fake,1.43
000864_png.rf.4691e130019c88ad7d4786339ca852ad.jpg,fake,fake,3.42
000865_png.rf.99ac7c1cdc9ad98501a4bc2a0f73a2f4.jpg,fake,fake,3.16
000866_png.rf.11aa9562200387f5071676f1e80563ba.jpg,fake,fake,19.37
000866_png.rf.8acd73853ef61086f506284e16b4698c.jpg,fake,real,30.29
000873_png.rf.5b40e64a647d584a67eada0b3f394d1d.jpg,fake,fake,12.35
000874_png.rf.ba9c6e34ea17540d9762ea9d82f14388.jpg,fake,fake,1.11
000881_png.rf.2da40775221e5ac82d065bc1674d787e.jpg,fake,real,22.6
000884_png.rf.2b0407f1db5e7796612dcb916564d5b5.jpg,fake,fake,30.88
000884_png.rf.e1628c26e03c08eb80d05d5bb3468179.jpg,fake,fake,0.72
000885_png.rf.f8428b8f53a6cb7a1c96f5c37c51bc2d.jpg,fake,fake,38.28
000885_png.rf.ff8d05719bc838209ca667a4f61d72c5.jpg,fake,fake,40.54
000886_png.rf.3da8be0dc4456138ac97949e34d1fd7f.jpg,fake,fake,2.74
000889_png.rf.ffe5fb41520a15f88e5098256f638543.jpg,fake,fake,22.98
000890_png.rf.b8e6fae3e198b36588883e40fdcf93e3.jpg,fake,fake,27.36
000891_png.rf.94322f57cc5b00e94d3be5c1e389a004.jpg,fake,fake,3.89
000896_png.rf.fc4a664d001c21b57cb7d5e5b35db234.jpg,fake,fake,38.06
000902_png.rf.4c16a6e60f083553c2510aa64e27ff95.jpg,fake,real,16.76
000904_png.rf.8f3114b58f07f0ebf20341ede2af94f2.jpg,fake,fake,0.26
000908_png.rf.425ac7cd48fadbd6d6ac38549d324143.jpg,fake,fake,1.69
000911_png.rf.8553118b5fd788125f5ed5c4c0eaf8fe.jpg,fake,real,39.47
000918_png.rf.104067a5e8f003b5d455e449e9436ff2.jpg,fake,fake,48.04
000919_png.rf.f5b481614e4d4291335784a97887533b.jpg,fake,fake,5.1
000923_png.rf.5dc3f601c35d688c0ca92b86755e4751.jpg,fake,fake,6.92
000934_png.rf.5b1628759a2e2529030bf105e6078739.jpg,fake,fake,29.6
000935_png.rf.b49ce0aaf0bcad2af644117fc60e46a1.jpg,fake,fake,5.39
000936_png.rf.3cf46db271c149d3f724b5b05a9e2c9d.jpg,fake,fake,6.21
000941_png.rf.d0889325799a8ec49275d82fbda6de79.jpg,fake,fake,11.93
000943_png.rf.46cd423044e3ed4097d4bbe7b0363321.jpg,fake,fake,18.93
000949_png.rf.1c13eb042287baa6f96db374b494520f.jpg,fake,fake,31.09
000949_png.rf.e92d17c1dca1f9ba8853d91fe8b33aac.jpg,fake,fake,3.35
000960_png.rf.b19785a37aa8a6e6595aabf8db2bde18.jpg,fake,fake,1.71
000961_png.rf.cd1642b5377cc3f3cf4b95693d65535a.jpg,fake,fake,24.49
000965_png.rf.d8106962769f67772ff0f38280c86e04.jpg,fake,real,21.64
000969_png.rf.456e25670d2867244ac3d7ab03c687ea.jpg,fake,fake,37.4
000973_png.rf.6238e211f065b94d7060b63f06e33c35.jpg,fake,real,21.43
000974_png.rf.421272885f7e8c27a73231ec7e6e3945.jpg,fake,fake,3.7
000974_png.rf.72a38153f9d9f564ee16bc85c99a90f9.jpg,fake,fake,42.18
000979_png.rf.92adba761fd114d52d28f659a233f49e.jpg,fake,fake,1.33
000982_png.rf.2ab2e9c6a041c99ba18a9d5359473e8e.jpg,fake,fake,48.77
000992_png.rf.808daf4025b230e1b4260b0730c103b5.jpg,fake,fake,4.46
000992_png.rf.bf8e8640125d928752f8c8ffe429c6d5.jpg,fake,real,49.68
000994_png.rf.01384540f558e0f6cd76d000ae757124.jpg,fake,real,15.77
000995_png.rf.30d7e0aafd25e2179fc8d20338b8c613.jpg,fake,real,14.97
0051_png.rf.e287784bd1a8e9e33650d89643f7cadf.jpg,fake,fake,37.46
0054_png.rf.31b8b40798b9fc8db53827f9f0f6bd9d.jpg,fake,real,13.45
0056_png.rf.cc41af8a8270afe870515448d229ab20.jpg,fake,real,10.1
0057_png.rf.651c86e75a3677911a9838f359a5e4b8.jpg,fake,real,46.24
0107_png.rf.0eb786ae5949d3f3394e997f6e7cd3fe.jpg,fake,fake,49.8
0154--2-_png.rf.4ca92ff363e549b118979f060a3529e1.jpg,fake,fake,47.94
0164_png.rf.8ea41a78edb3e9bd05e18d2462b5945d.jpg,fake,real,21.11
0213_png.rf.e2545a25e935e410af05f70614f84a8f.jpg,fake,real,33.78
0230_png.rf.066c8924aa87b8650f275084c99cde4a.jpg,fake,fake,35.71
0244_png.rf.1f6e78d261a6dec153c001266de313ec.jpg,fake,real,31.15
0296--2-_png.rf.3b5974a2f6cf1db2557b29b023c4f842.jpg,fake,fake,40.81
0325_png.rf.bb183954bc50ee96f26cb95fa5fe3f3e.jpg,fake,real,46.38
0331_png.rf.c11c26e64eee60cb080c8fdcabfa2d44.jpg,fake,real,13.23
0336_png.rf.d084a95dc29812f9adddc3e68f26b828.jpg,fake,fake,48.71
0379_png.rf.e6ef7684ac93e932d2f5d79a3bb4b6ec.jpg,fake,real,15.63
0402--2-_png.rf.9d9b4bcedcc7a7df27c7534393c9021f.jpg,fake,real,28.52
0416_png.rf.e8a33ac48bb90cd6c5bbff05b82d4f48.jpg,fake,real,34.07
0435_png.rf.e616c6016f8314a6ea82c7f45d6ed0c4.jpg,fake,real,44.56
0449_png.rf.d6b605ddf40e7efc40ddec0721882c55.jpg,fake,real,34.05
0463_png.rf.b11ff7f55746c1e242a25ff21031de18.jpg,fake,real,13.41
0474_png.rf.7d594e7e4fea4d12a58dca5fc516e7f8.jpg,fake,fake,10.6
0514_png.rf.433a84aa0dbbfaa299cb01fd630ec291.jpg,fake,real,31.38
0521_png.rf.b8732adc272e1002c1e349c3f33028ce.jpg,fake,real,39.47
0531_png.rf.5f1851fd9724f3a671f79463bcfada0a.jpg,fake,real,42.13
0579--2-_png.rf.7fb043e479536ed239c56f3e4a7ad9bb.jpg,fake,real,26.63
0584_png.rf.7b80534f00a1455df598f7759bccf689.jpg,fake,real,15.6
0598_png.rf.2d873694a83f2e9115859224210f31b5.jpg,fake,real,30.95
0615--2-_png.rf.9ad52e6b104b21c0154df5137eef434a.jpg,fake,fake,28.9
0615_png.rf.86c79aa24ec33db90f488489c3e09eee.jpg,fake,real,49.18
0666_png.rf.f09800fdb38a7f29723f4c4f0f5c8714.jpg,fake,real,41.04
0678_png.rf.02f3dbe2b152e399a80f512d10463661.jpg,fake,real,10.03
0685_png.rf.fc67bc5f29d9741899b749477667e338.jpg,fake,real,41.61
0693_png.rf.2c63ecdbeab6a05b59dd52e5c0dd2707.jpg,fake,fake,39.4
0708_png.rf.1ecb637b8a79b734e2a73a61a3740a2d.jpg,fake,real,17.36
0742_png.rf.0ded67732d01a9dc2090ef5bb20dbab3.jpg,fake,fake,20.23
0745--2-_png.rf.553a3dfdd51ef4c38ca7e0aefb960120.jpg,fake,fake,23.7
0758_png.rf.546412444d9eab36d1ce50a5b2d8ff15.jpg,fake,real,11.95
0779_png.rf.2f383f474b3bf485ec2f41837384ccc4.jpg,fake,real,23.32
0780_png.rf.a0e5e49c61c77dda6985980bff72127d.jpg,fake,fake,29.19
0787--2-_png.rf.d05bbb4c3d43f574440025e420d06e24.jpg,fake,fake,7.35
0795--2-_png.rf.cc5dd7adea09c23379e0684815756177.jpg,fake,real,25.55
0815_png.rf.cfd8aac63fc2d6e3cfa362ded4983a3c.jpg,fake,fake,30.94
0837_png.rf.d07d0082b81afb51590f0f13895f65f0.jpg,fake,real,45.72
0855_png.rf.f6664a633e556b71e6c751b51e329488.jpg,fake,real,31.19
0856_png.rf.57f1042dce47b50e5a72d2f02892e862.jpg,fake,real,26.44
0860_png.rf.6514962a092b68850850bf66a82a3585.jpg,fake,real,30.27
0916_png.rf.b0cf7a46549d6486301221c89c1ba265.jpg,fake,real,39.02
0924_png.rf.2e1d0c869f076ad49687c9bccadb4b37.jpg,fake,real,48.03
0999_png.rf.debb7cf17e5ac1f07bd03efba11225dc.jpg,fake,fake,47.1
1016_png.rf.da4fa47c8d4f02d24005208aa9582b51.jpg,fake,fake,49.51
1024_png.rf.61ee2f65251b35ce1b4d5967339dfc22.jpg,fake,fake,45.19
1058_png.rf.e71fc1f0f6095b66216e4697b068e196.jpg,fake,real,43.82
1078_png.rf.3c6a44ecb02c5ad7d76120169f9919b4.jpg,fake,real,10.79
1082_png.rf.9c672826ed7c383f82289364ea480d9f.jpg,fake,real,33.82
1092--2-_png.rf.29c64739eee161610a4b69fd4370dece.jpg,fake,fake,48.27
1092_png.rf.2f3bfb0adcccc4ad5150a54cef08e423.jpg,fake,real,39.44
1126_png.rf.9be0f2290534804308c5224f3f1dc825.jpg,fake,fake,41.56
1127_png.rf.3e128c2c8ae609cdc4894eb207a9773e.jpg,fake,real,8.97
1128_png.rf.d9e87e217500735b01bebd396c73e4b1.jpg,fake,real,28.96
1174_png.rf.8736055126c1e46e224562e7918e0eba.jpg,fake,real,35.56
1200--2-_png.rf.da4f3be99a4ebfd90004a9f40ee10de1.jpg,fake,real,32.88
1218--3-_png.rf.fc3cea4af1e58fdf2e6995766cded172.jpg,fake,fake,32.75
1230_png.rf.b4059a6013fb5230c79fa1d168bbb698.jpg,fake,fake,29.44
1326_png.rf.91da4164493274264eabe84ae40f42b5.jpg,fake,real,4.51
1344_png.rf.ad3fefbf419040e30fe7694b5441cac8.jpg,fake,real,31.5
1364_png.rf.40d3cbb8c6f58a0294e56cdc1af53d30.jpg,fake,fake,44.3
1388--2-_png.rf.01d5497e4aaaa267b22f3fcf0ad8ccc8.jpg,fake,real,43.04
1428_png.rf.0697b7e799d7e8c535d0e26eb9339e4e.jpg,fake,real,46.33
1438_png.rf.d6183ef47e8fd86294ce694970a7d912.jpg,fake,fake,39.98
1456_png.rf.4799370be163d4c0596881021555ea2e.jpg,fake,fake,11.25
1497_png.rf.3958d0a6d4869a114276c5f0cebb4c91.jpg,fake,real,26.53
1513--2-_png.rf.5564065c18c07ea0f2489219998be0e4.jpg,fake,fake,25.02
1513_png.rf.862dc840654780d7cb1b019e2f2d6bf0.jpg,fake,real,7.0
1563--2-_png.rf.679c6fc90bec5a339c2b3a7ae52d90f9.jpg,fake,real,44.74
1591_png.rf.1365cfcc3aed3be70a775cfd6b10c3d6.jpg,fake,fake,38.87
1600_png.rf.f312cebcdfdfcd30ec9f5949c79aaccd.jpg,fake,fake,23.57
1603_png.rf.cd13ba7664cc2730fad3805e410706f7.jpg,fake,fake,23.38
1606_png.rf.871d8fdd55aae974a06c2089f12a5f08.jpg,fake,real,21.3
1626_png.rf.a21a754f21bb9ccf6198d1ff82ed239f.jpg,fake,real,39.14
1660--2-_png.rf.7d7851d5767e180719bd5ede2345e25c.jpg,fake,real,10.39
1677_png.rf.c041ba6ab2296b69e30d630af0003c28.jpg,fake,fake,42.65
1700_png.rf.e9943190b45d784bdb3967c750e74721.jpg,fake,real,40.25
1703_png.rf.e7aae4e3cde7d079ec5da23208b26f2c.jpg,fake,real,48.5
1739_png.rf.0d89373558095cc6bd41a66e915fd350.jpg,fake,real,24.08
1762_png.rf.e0cf2548532f7a6767cd6af4e4a17554.jpg,fake,real,43.5
1825_png.rf.9b86036c213f1864e784f6f31c541a0d.jpg,fake,real,41.55
1928_png.rf.3e9348dfa51b7819abb432b4bc0f5e35.jpg,fake,fake,27.3
enkpxzkvni.jpg,fake,real,22.78
enktszvgww.jpg,fake,fake,35.36
enlbqlghpj.jpg,fake,fake,31.82
enlcwhijah.jpg,fake,real,49.89
enljrpodub.jpg,fake,real,45.57
enlolpbgqi.jpg,fake,fake,42.46
enlyxqyizx.jpg,fake,fake,40.5
enmghvssjk.jpg,fake,real,38.67
enmgplmpni.jpg,fake,real,47.86
enmowffmak.jpg,fake,real,24.93
enmqxixglr.jpg,fake,real,35.36
enmwbulzea.jpg,fake,real,30.05
enmxdwpxmd.jpg,fake,fake,11.47
ennbagdwpz.jpg,fake,real,47.31
ennsaswngw.jpg,fake,fake,31.53
ennyxnvovn.jpg,fake,fake,48.6
enoouxpgmj.jpg,fake,fake,37.91
enovdmrsnb.jpg,fake,real,48.67
enpbjzqfyf.jpg,fake,fake,34.44
enpdzuwrqu.jpg,fake,fake,44.19
enpjmahsgj.jpg,fake,fake,49.1
enpnclhmik.jpg,fake,real,42.87
enpqwqmztj.jpg,fake,fake,40.25
enpshnkugu.jpg,fake,real,34.59
enqgituzjh.jpg,fake,real,49.04
enqkphrtpi.jpg,fake,real,22.17
enqojjephh.jpg,fake,fake,41.55
enqrycfnua.jpg,fake,real,40.66
enqxmaplyw.jpg,fake,fake,44.04
enrayuqalt.jpg,fake,fake,23.28
enrdidiwpy.jpg,fake,fake,44.66
enrmqqoawf.jpg,fake,fake,32.85
enrrlpgbeg.jpg,fake,fake,40.13
enrsnustsu.jpg,fake,fake,42.84
ensyyivobf.jpg,fake,fake,34.87
entdaiqrgf.jpg,fake,fake,12.12
entpculrml.jpg,fake,fake,29.38
enujhgtndo.jpg,fake,fake,38.91
enuvbqyode.jpg,fake,real,46.53
envfwgonkw.jpg,fake,real,35.89
envgqunrmz.jpg,fake,fake,37.46
envlpcyqsu.jpg,fake,fake,49.58
envmivjahd.jpg,fake,real,26.98
enwcnhoqfe.jpg,fake,fake,15.19
enwdngjood.jpg,fake,real,40.17
enwhstvrpt.jpg,fake,fake,49.53
enwkimmigr.jpg,fake,real,41.45
enwmbzjdiz.jpg,fake,fake,29.94
enwsrtwsnm.jpg,fake,fake,7.43
enxazpptrf.jpg,fake,real,45.66
enxmvehfvn.jpg,fake,real,45.91
enxqnminak.jpg,fake,real,46.04
enxymmghot.jpg,fake,fake,35.99
enybsjbxeu.jpg,fake,fake,21.06
enyfsmfgvb.jpg,fake,fake,49.68
enyhaxfqre.jpg,fake,real,41.53
enyhgljqwr.jpg,fake,fake,44.64
enywrmpiib.jpg,fake,fake,28.55
enyytoyguq.jpg,fake,fake,46.42
enzilllhyd.jpg,fake,real,48.36
enzlliylet.jpg,fake,fake,18.77
enznkxtllv.jpg,fake,real,48.68
enzsbbnwyz.jpg,fake,fake,46.03
eoajaazlzj.jpg,fake,real,35.85
eoavcmopsy.jpg,fake,real,49.05
eobgizjnst.jpg,fake,fake,41.65
eobjzcvdjc.jpg,fake,fake,44.62
eobqmockmb.jpg,fake,real,44.13
eobruprfir.jpg,fake,fake,45.93
eobtpresst.jpg,fake,fake,34.01
eobtqxsraj.jpg,fake,fake,49.84
eobwpnjgld.jpg,fake,fake,19.27
eobzcbhoca.jpg,fake,fake,36.16
eoclcdruis.jpg,fake,fake,31.51
eoczrgfnfc.jpg,fake,fake,25.21
eoczvkvxer.jpg,fake,fake,26.57
eodeiyybfk.jpg,fake,fake,33.2
eodrioissz.jpg,fake,fake,35.93
eoecyagmwn.jpg,fake,fake,22.43
eoeqlzcawa.jpg,fake,fake,39.86
eoetruoced.jpg,fake,fake,43.65
eoeuffsrbp.jpg,fake,real,40.22
eoextlfkjh.jpg,fake,real,48.39
eofajrswbe.jpg,fake,fake,23.06
eofbparhow.jpg,fake,fake,37.79
eofmndfjhx.jpg,fake,fake,40.29
eofrafoaox.jpg,fake,real,43.63
eogoxcbumn.jpg,fake,fake,47.01
eogtafeebh.jpg,fake,real,44.23
eogtykbjzo.jpg,fake,fake,27.87
eohfpmdetv.jpg,fake,fake,34.97
eohifcejnd.jpg,fake,real,38.32
eohtohplmt.jpg,fake,fake,34.84
eohwdmwtvb.jpg,fake,real,48.89
eoihdczbsu.jpg,fake,fake,44.99
eoiivyirku.jpg,fake,fake,40.12
eoijiohjqy.jpg,fake,fake,44.67
eoirehvyxx.jpg,fake,real,43.75
eojbgopmdq.jpg,fake,real,41.16
eojiijwanp.jpg,fake,fake,42.83
eojlafatzp.jpg,fake,fake,44.27
eojnrocwyu.jpg,fake,fake,49.49
eokjvotqys.jpg,fake,fake,34.69
eokkrwmqai.jpg,fake,real,44.07
eokrjqnxwx.jpg,fake,fake,49.68
eolhmkhbzw.jpg,fake,fake,29.96
eolnkehgza.jpg,fake,fake,45.01
eomckefhqz.jpg,fake,real,42.12
eomjtauudo.jpg,fake,fake,36.37
eomsdkukdd.jpg,fake,fake,49.44
eomywmlzyj.jpg,fake,fake,34.84
eomzovujcy.jpg,fake,fake,49.98
eonaotadhk.jpg,fake,real,47.04
eoncbtiopu.jpg,fake,fake,40.48
eongwsmtbz.jpg,fake,real,43.45
eonhxfxydd.jpg,fake,fake,46.94
eonmclkdvc.jpg,fake,fake,22.47
eonrnkuznw.jpg,fake,real,47.4
eooelwcdjy.jpg,fake,fake,44.63
eoohrrbolh.jpg,fake,fake,48.83
eoolybdaxo.jpg,fake,fake,29.71
eoooocwauk.jpg,fake,real,48.4
eoorgqcdxi.jpg,fake,fake,25.44
eooubrhmjb.jpg,fake,real,42.57
eoovtabijc.jpg,fake,real,49.37
eoovzxhxps.jpg,fake,real,41.1
eooxdrbbrk.jpg,fake,real,44.34
eopbwmailq.jpg,fake,fake,46.11
eopcxgdhmb.jpg,fake,fake,39.03
eopfkbpvyr.jpg,fake,fake,40.95
eopsexsidw.jpg,fake,fake,46.71
eoqehommte.jpg,fake,fake,11.68
eoqzlimaxf.jpg,fake,real,45.52
eorfnapwtw.jpg,fake,real,49.48
eorjkovqdc.jpg,fake,fake,22.9
eornwqtqsm.jpg,fake,fake,36.16
eorvyulwtf.jpg,fake,real,48.14
eorzuoawzo.jpg,fake,fake,48.97
eoshdeycui.jpg,fake,fake,26.24
eoshntcipd.jpg,fake,real,21.98
eosotoxzsv.jpg,fake,real,31.58
eotfviincu.jpg,fake,real,38.46
eotmblattz.jpg,fake,fake,48.04
eotmotbqmh.jpg,fake,fake,47.61
eotmtjvvny.jpg,fake,fake,44.34
eotomosxbv.jpg,fake,fake,20.42
eoturwwthi.jpg,fake,fake,25.8
eouapvsygi.jpg,fake,real,49.97
eoubcmiqyt.jpg,fake,real,34.2
eoudgdkclq.jpg,fake,fake,32.02
eouepjhqci.jpg,fake,real,38.07
eougitcxzy.jpg,fake,real,45.08
eoumymmygd.jpg,fake,fake,46.36
eovtghjjfi.jpg,fake,fake,19.41
eowifjqhnb.jpg,fake,fake,41.69
eowsoapzuj.jpg,fake,fake,17.34
eowunvvtkl.jpg,fake,fake,44.01
eowyyfwgsi.jpg,fake,fake,48.35
eowzrmhxjf.jpg,fake,real,42.04
eowzujrqgy.jpg,fake,real,42.16
eoxcfhtroc.jpg,fake,real,39.04
eoxdgayiyo.jpg,fake,real,45.85
eoxfxdocyx.jpg,fake,fake,42.88
eoxgoqyoow.jpg,fake,fake,9.72
eoxmjrjlyz.jpg,fake,fake,49.26
eoybutteqg.jpg,fake,fake,24.74
eoykglvxvm.jpg,fake,real,45.75
eoypxpiwjr.jpg,fake,fake,48.57
eoyxiiglgt.jpg,fake,real,38.41
eoyzkmpjem.jpg,fake,fake,17.02
eozcbgtdmo.jpg,fake,fake,24.18
eozfnrgmbc.jpg,fake,real,48.72
eozgdcdfzo.jpg,fake,fake,24.46
eozpgpsgpt.jpg,fake,fake,11.98
eozvttotyw.jpg,fake,real,44.86
eozvydjgaq.jpg,fake,real,49.07
epadwwdiqg.jpg,fake,fake,19.0
epaxyxcldg.jpg,fake,fake,38.98
epazxfxhqq.jpg,fake,real,44.4
epbajxjgjd.jpg,fake,fake,47.43
epbhocgjxi.jpg,fake,fake,48.33
epbihgdktz.jpg,fake,fake,40.82
epbkfxmcnq.jpg,fake,fake,9.25
epbuconkxk.jpg,fake,real,27.09
epbybxkzae.jpg,fake,fake,25.76
epchzigjfn.jpg,fake,fake,49.82
epctsuhlgk.jpg,fake,fake,13.64
epctzprswe.jpg,fake,real,43.97
epcusefpzr.jpg,fake,real,47.76
epczikxgho.jpg,fake,real,10.61
epdexoxaub.jpg,fake,fake,42.71
epefspyufn.jpg,fake,fake,44.44
epeobaazob.jpg,fake,fake,45.72
epetovyqho.jpg,fake,real,34.03
epezasvfty.jpg,fake,fake,45.25
epfeounjus.jpg,fake,fake,21.76
epftyyvcqv.jpg,fake,fake,44.66
epgokhdfyh.jpg,fake,fake,39.16
epgpnifmwk.jpg,fake,fake,45.27
ephapgzlze.jpg,fake,fake,47.07
ephapmedel.jpg,fake,fake,42.02
ephfaqivvr.jpg,fake,fake,46.36
epiaqyayih.jpg,fake,fake,45.73
epibqprxop.jpg,fake,fake,31.64
epivofunvc.jpg,fake,real,42.5
epivyawujt.jpg,fake,fake,44.41
epixbdehvv.jpg,fake,fake,36.45
epjhqzeweb.jpg,fake,fake,47.07
epjkmysvmn.jpg,fake,fake,46.32
epjledfltd.jpg,fake,fake,37.99
epjonxsmwh.jpg,fake,fake,43.31
epjstuklzg.jpg,fake,fake,32.91
epktjbgnju.jpg,fake,real,24.45
eplhtqodvf.jpg,fake,fake,43.03
eplyjorrms.jpg,fake,real,38.3
epmehiyhap.jpg,fake,real,13.58
epmqdmuemt.jpg,fake,fake,45.35
epmvowtywz.jpg,fake,fake,40.45
epmvxwjeda.jpg,fake,fake,47.35
epmxgfxpsl.jpg,fake,fake,34.79
epniwtmldw.jpg,fake,fake,22.08
epnucnkogg.jpg,fake,real,31.87
epnwuvxzxw.jpg,fake,fake,45.8
epnzmghgbt.jpg,fake,fake,40.62
epohielxsd.jpg,fake,real,39.62
epolenvfxl.jpg,fake,real,26.25
eppozcvlub.jpg,fake,fake,43.93
epptpbihho.jpg,fake,real,46.22
eppwozgkpb.jpg,fake,real,46.94
eppywcdkcs.jpg,fake,fake,37.58
eprdgmcksq.jpg,fake,real,45.54
eprhdfsljo.jpg,fake,real,45.43
eprulpdosy.jpg,fake,fake,49.28
epsguwpsbn.jpg,fake,real,38.09
epsjyqmuvw.jpg,fake,real,49.12
epsmfofeiu.jpg,fake,fake,39.83
epsrffjokm.jpg,fake,fake,34.69
epssdfmtjy.jpg,fake,fake,21.93
epsyssvibg.jpg,fake,real,43.82
eptaiqegrr.jpg,fake,real,48.84
eptivcmfdt.jpg,fake,fake,22.09
eptkaiqjyn.jpg,fake,fake,20.77
epttxrbjrx.jpg,fake,fake,47.34
eptuxzhzob.jpg,fake,fake,21.53
epvatldhpl.jpg,fake,fake,12.86
epvemsjnie.jpg,fake,fake,21.54
epvlnimmpd.jpg,fake,fake,27.11
epvmisawli.jpg,fake,real,46.23
epvnrjtjsi.jpg,fake,real,46.03
epvtxqaadn.jpg,fake,fake,47.63
epvxplwobq.jpg,fake,fake,43.85
epwbrtgupr.jpg,fake,real,43.14
epwmpwkxio.jpg,fake,real,47.61
epwqkhisif.jpg,fake,fake,33.97
epwrieccui.jpg,fake,real,48.98
epwspldhvx.jpg,fake,real,42.39
epwvkmbqze.jpg,fake,real,46.09
epwzmprgol.jpg,fake,fake,46.98
epxcmrrwwi.jpg,fake,real,44.63
epxotdneee.jpg,fake,fake,47.03
epxpeanhzq.jpg,fake,fake,21.25
epxwangnvl.jpg,fake,fake,49.11
epxzxbchmd.jpg,fake,real,48.25
epyfkqlnhk.jpg,fake,real,14.49
epymyyiblu.jpg,fake,fake,17.05
epypviwfrs.jpg,fake,real,29.7
epyxfkhovo.jpg,fake,fake,48.78
epznxyujvz.jpg,fake,fake,46.57
epztzhrvra.jpg,fake,fake,15.43
epzweipokn.jpg,fake,fake,41.37
eqaafexycc.jpg,fake,fake,42.97
eqafrizkve.jpg,fake,fake,35.44
eqahzafnym.jpg,fake,fake,25.09
eqakmmwngj.jpg,fake,real,37.16
eqamptvplr.jpg,fake,fake,42.14
eqbhmqbwak.jpg,fake,fake,39.08
eqbksplsqc.jpg,fake,real,48.95
eqboxsomoz.jpg,fake,fake,17.04
eqbpoylbjf.jpg,fake,fake,46.94
eqbrjtdmox.jpg,fake,fake,38.86
eqbscfnyaa.jpg,fake,real,24.44
eqbyeipxqh.jpg,fake,real,39.02
eqcfspzshf.jpg,fake,fake,28.71
eqchtjasnw.jpg,fake,fake,28.77
eqclriamjt.jpg,fake,fake,36.54
eqctbhzwuu.jpg,fake,fake,49.02
eqdhbelkdl.jpg,fake,fake,45.84
eqdzjjlgfx.jpg,fake,fake,43.29
eqehiqwgqh.jpg,fake,real,47.59
eqesqqzkni.jpg,fake,fake,47.29
eqexoaofvw.jpg,fake,fake,22.88
eqfdvgejgf.jpg,fake,fake,29.57
eqffckkduj.jpg,fake,real,45.01
eqfmghrlxk.jpg,fake,fake,18.41
eqgixnzctg.jpg,fake,real,38.25
eqgxsmgnvz.jpg,fake,fake,19.33
eqgxunncgh.jpg,fake,fake,43.95
eqgyesnbdo.jpg,fake,real,48.39
eqhbtcenbv.jpg,fake,real,45.79
eqheddgayq.jpg,fake,fake,45.41
eqhjyhhtcb.jpg,fake,fake,36.12
eqhqvcyfri.jpg,fake,fake,30.38
eqhzqnnzmg.jpg,fake,fake,40.02
eqiccxqnjb.jpg,fake,fake,30.86
eqilhfaxqn.jpg,fake,real,48.9
eqitwdggyk.jpg,fake,fake,25.19
eqjgvglazw.jpg,fake,fake,32.21
eqjkjfdbch.jpg,fake,fake,20.77
eqjnmduqpe.jpg,fake,fake,34.87
eqjscdagiv.jpg,fake,fake,44.2
eqjyrvpfmz.jpg,fake,fake,38.42
eqkhtuippf.jpg,fake,real,44.23
eqknkjnvea.jpg,fake,real,47.19
eqknvxglks.jpg,fake,fake,48.77
eqkodjrjyz.jpg,fake,fake,36.7
eqkqpgsquv.jpg,fake,fake,30.25
eqkticrtvs.jpg,fake,fake,38.43
eqkymdlspg.jpg,fake,real,47.94
eqlxpvxtvo.jpg,fake,fake,36.39
eqmbljqgyr.jpg,fake,fake,37.95
eqmiruoozl.jpg,fake,fake,35.11
eqmmiddpir.jpg,fake,real,47.51
eqmokglwxl.jpg,fake,fake,21.45
eqmxbrgkdd.jpg,fake,fake,45.82
eqngodbndt.jpg,fake,real,40.26
eqnmiwvxow.jpg,fake,fake,49.98
eqnqdhgskm.jpg,fake,fake,3.54
eqnrhfnypx.jpg,fake,fake,48.22
eqocvyioam.jpg,fake,real,39.04
eqodrxvlvy.jpg,fake,real,35.9
eqolqrnvrl.jpg,fake,real,46.98
eqoymbglbj.jpg,fake,real,32.25
eqpakjgyae.jpg,fake,fake,31.9
eqpbudnwga.jpg,fake,real,41.25
eqpeiboklv.jpg,fake,real,48.5
eqpfwyapqg.jpg,fake,fake,40.65
eqpkecgzpu.jpg,fake,fake,45.13
eqpmhxxgzu.jpg,fake,real,49.58
eqpnxxliki.jpg,fake,real,17.94
eqponboyow.jpg,fake,fake,22.05
eqprqayech.jpg,fake,real,38.38
eqptblfnwc.jpg,fake,fake,46.48
eqpyroujfd.jpg,fake,fake,34.34
eqpzfibqnp.jpg,fake,fake,34.68
eqqkryvzcu.jpg,fake,fake,49.92
eqqmxgktvw.jpg,fake,real,43.83
eqqrggcmrx.jpg,fake,real,47.27
eqqyjmmtkb.jpg,fake,fake,20.54
eqrachdzog.jpg,fake,fake,27.87
eqrjhjzpyg.jpg,fake,fake,47.74
eqrnqttedw.jpg,fake,fake,26.42
eqrrsmbhcm.jpg,fake,fake,22.9
eqrygudlpp.jpg,fake,fake,46.74
eqsdsagofc.jpg,fake,fake,35.59
eqsmwnadad.jpg,fake,real,47.99
eqsntricik.jpg,fake,real,41.42
eqspqyyoca.jpg,fake,real,40.92
eqsushzdrm.jpg,fake,fake,41.55
eqszckrudp.jpg,fake,fake,45.26
eqtbglmcok.jpg,fake,real,47.35
eqtgcgvfxh.jpg,fake,fake,47.12
eqthrboxeu.jpg,fake,real,45.76
eqtnwfjxgu.jpg,fake,real,46.44
eqtvtmtgqi.jpg,fake,fake,37.24
equhphjiwi.jpg,fake,fake,36.94
equjwgtema.jpg,fake,real,42.2
equqrmutdj.jpg,fake,fake,43.27
equrlxlnst.jpg,fake,real,36.96
equvuhnfmu.jpg,fake,real,49.22
eqvlynzttm.jpg,fake,fake,26.43
eqvqxeygvb.jpg,fake,real,47.56
eqvuywnbbl.jpg,fake,real,47.32
eqvuznuwsa.jpg,fake,real,29.91
eqvvyyvbar.jpg,fake,real,47.49
eqvzvbzbtc.jpg,fake,fake,33.31
eqwdkfkdpy.jpg,fake,fake,37.52
eqwfruhvfj.jpg,fake,fake,48.57
eqwjrvlrbd.jpg,fake,fake,41.22
eqwkbdxtyk.jpg,fake,fake,48.56
eqwugufafk.jpg,fake,fake,43.23
eqxeeaexda.jpg,fake,fake,43.85
eqxgjmftio.jpg,fake,real,28.42
eqxjoraple.jpg,fake,fake,12.11
eqxlmvzzyl.jpg,fake,fake,46.76
eqxmeoystj.jpg,fake,real,22.13
eqxqgckeaa.jpg,fake,real,39.83
eqxqlfglra.jpg,fake,fake,20.39
eqxrhqscte.jpg,fake,real,25.29
eqxvuwzyke.jpg,fake,fake,35.08
eqxzucmcjg.jpg,fake,fake,35.02
eqybpicyji.jpg,fake,real,37.75
eqygnldapf.jpg,fake,fake,13.4
eqyjvkultg.jpg,fake,fake,45.0
eqylhwkaoy.jpg,fake,real,41.12
eqzbptsabh.jpg,fake,fake,37.23
eqzefvdxhy.jpg,fake,fake,23.24
eqzhmbwvip.jpg,fake,fake,35.18
eqzhzhvfuk.jpg,fake,fake,43.71
eqzizahfxi.jpg,fake,real,41.27
eqzkukaerp.jpg,fake,fake,29.47
eqzqwjmzmu.jpg,fake,fake,21.3
eqzsejevjm.jpg,fake,fake,40.44
eqztafqimw.jpg,fake,fake,40.61
eqzuwjgant.jpg,fake,fake,24.41
eragtyavhp.jpg,fake,fake,49.18
eralrexepy.jpg,fake,fake,45.75
eraprqybnh.jpg,fake,fake,43.89
erathgtbsm.jpg,fake,fake,36.0
erawxndoay.jpg,fake,fake,49.0
erazdrftwy.jpg,fake,fake,34.25
erbcdnkjqv.jpg,fake,fake,23.18
erbkuqxdue.jpg,fake,real,49.71
erbkvpzedt.jpg,fake,fake,33.99
erbohkvmhv.jpg,fake,fake,21.42
erbxczqpfj.jpg,fake,real,35.53
ercdeofpex.jpg,fake,fake,46.62
ercmkkecic.jpg,fake,fake,26.32
ercqmajdid.jpg,fake,fake,20.82
ercvvpuoqo.jpg,fake,fake,28.63
ercwrjsmxx.jpg,fake,fake,31.46
erdifqqhyf.jpg,fake,fake,36.61
erdklmfxmo.jpg,fake,fake,41.28
erdlswrxdt.jpg,fake,fake,47.75
erdnvzsdvb.jpg,fake,fake,43.36
erdulktysn.jpg,fake,fake,47.6
erdzftogpr.jpg,fake,fake,48.89
ereczvtcsx.jpg,fake,real,42.95
eredlckdyf.jpg,fake,fake,47.34
eredrhvjxe.jpg,fake,real,47.0
erefetbhjq.jpg,fake,fake,43.1
eregzipklo.jpg,fake,real,44.3
eretemkxyp.jpg,fake,real,20.12
erflqkzqua.jpg,fake,fake,21.28
erfmmfcjdg.jpg,fake,fake,47.41
erfnfjcghd.jpg,fake,fake,22.89
erggnnfmou.jpg,fake,fake,35.26
erhbvayumk.jpg,fake,fake,18.57
eriblluuxr.jpg,fake,fake,16.64
eridbtnenr.jpg,fake,real,30.99
eriidarzax.jpg,fake,real,39.73
eriitqowxv.jpg,fake,real,23.49
erinmxmrfx.jpg,fake,fake,21.75
eripcbawtb.jpg,fake,real,47.19
eriqwbobly.jpg,fake,fake,23.56
erivvzrclv.jpg,fake,real,33.64
eriwsrvpmv.jpg,fake,fake,42.92
erjpgbkeif.jpg,fake,fake,24.83
erkhcpirmc.jpg,fake,fake,21.47
erkkufavja.jpg,fake,fake,49.3
erkllhrjkt.jpg,fake,fake,48.47
erlfvbahxg.jpg,fake,fake,25.64
erluerwkwn.jpg,fake,real,31.91
ermjohydmm.jpg,fake,fake,43.83
ermnqsqory.jpg,fake,fake,46.48
erneefwnvq.jpg,fake,real,47.18
ernfzaruwz.jpg,fake,fake,49.63
erodeehozy.jpg,fake,fake,35.34
eroofabioe.jpg,fake,fake,44.41
erorbvkikv.jpg,fake,fake,48.3
erotdfkdnr.jpg,fake,real,45.57
erotfcrebp.jpg,fake,fake,49.95
erouztjybk.jpg,fake,fake,43.99
eroykhssqp.jpg,fake,real,48.99
erozcmepjb.jpg,fake,real,45.36
erpaijomxg.jpg,fake,fake,48.05
erqcnwkbdw.jpg,fake,fake,46.36
erqgqacbqe.jpg,fake,fake,48.08
erqmvvcphv.jpg,fake,fake,39.46
errihciscb.jpg,fake,fake,20.91
errjlsyicx.jpg,fake,real,46.41
errocgcham.jpg,fake,real,43.4
errpayarzr.jpg,fake,fake,31.01
errsybjnsi.jpg,fake,real,49.68
ersmlekxac.jpg,fake,real,37.14
erttiebmnu.jpg,fake,fake,28.07
ertzslidqb.jpg,fake,fake,22.43
erudqctwfx.jpg,fake,fake,49.34
erugoqgosb.jpg,fake,fake,43.81
erutikzkfr.jpg,fake,fake,20.57
eruzuardbd.jpg,fake,real,45.16
ervbowufgu.jpg,fake,fake,24.15
ervdifhhwj.jpg,fake,fake,12.57
ervfsynekw.jpg,fake,real,33.67
ervrhrvfej.jpg,fake,fake,37.19
ervxfukcgz.jpg,fake,real,38.55
ervxqzbncr.jpg,fake,real,49.88
erwncbdfxa.jpg,fake,fake,43.6
erwxlgmlyu.jpg,fake,fake,21.3
erxslhffam.jpg,fake,fake,21.76
erybgioyfo.jpg,fake,fake,20.24
erygqryaay.jpg,fake,fake,41.02
eryipdpinw.jpg,fake,fake,41.54
erykzkoxtp.jpg,fake,real,12.43
erzfabwflz.jpg,fake,real,45.51
erzrjdtlqv.jpg,fake,fake,29.6
erzyucrekk.jpg,fake,fake,43.95
erzzpfakdl.jpg,fake,fake,46.37
esaboezwps.jpg,fake,real,45.17
esaeysmuud.jpg,fake,fake,40.5
esamseoyej.jpg,fake,fake,20.48
esamyuedji.jpg,fake,fake,45.8
esauvcogbi.jpg,fake,fake,47.79
esbjdjcmhd.jpg,fake,fake,47.94
esbjhebefl.jpg,fake,fake,46.69
escfavemij.jpg,fake,real,40.48
eschwpqksb.jpg,fake,fake,47.36
esckbnkkvb.jpg,fake,real,45.97
escowvoxet.jpg,fake,fake,18.66
escqvfsxap.jpg,fake,real,29.72
esctaaylif.jpg,fake,fake,44.06
escwylyxap.jpg,fake,fake,47.02
esdeajcfxn.jpg,fake,real,29.35
esdmcqxzjh.jpg,fake,fake,42.73
esdscwuuqp.jpg,fake,fake,34.23
esdysjlmku.jpg,fake,real,35.25
esejytdary.jpg,fake,fake,23.82
eserzmylpd.jpg,fake,fake,49.72
esetqcaaxy.jpg,fake,fake,38.3
esfzbjqzxj.jpg,fake,fake,49.88
esgeiwzavk.jpg,fake,fake,49.34
esgeqtjmyn.jpg,fake,fake,48.37
esgftaficx.jpg,fake,fake,23.44
esgqftxfky.jpg,fake,fake,45.61
esgsbocyxt.jpg,fake,real,44.24
eshbpqddmx.jpg,fake,fake,15.99
eshesftdmp.jpg,fake,fake,48.63
eshnfkwrdv.jpg,fake,real,46.11
eshpfyqxev.jpg,fake,real,43.29
eshthpimvh.jpg,fake,real,47.39
eshtvbrsld.jpg,fake,fake,41.15
eshvuuwqwp.jpg,fake,fake,36.57
eshylhwvej.jpg,fake,fake,36.4
esidrivnfh.jpg,fake,fake,21.83
esijwoctuo.jpg,fake,fake,17.17
esiotbeupd.jpg,fake,fake,45.13
esiqygmzhl.jpg,fake,fake,40.95
esiynxkabe.jpg,fake,real,45.51
esiyzsjmfq.jpg,fake,real,40.53
esjdyghhog.jpg,fake,fake,37.09
esjskfryfp.jpg,fake,real,40.26
eskccltjll.jpg,fake,fake,26.08
eskcrottyh.jpg,fake,fake,25.27
eskdvubsyo.jpg,fake,fake,45.1
eskfexdxrr.jpg,fake,real,35.23
eskhoguunr.jpg,fake,real,47.24
eskixrcqzg.jpg,fake,fake,42.78
eskoxzusde.jpg,fake,real,39.28
eslcazibhu.jpg,fake,real,40.77
eslcjjrvmo.jpg,fake,real,45.19
eslgzuvzya.jpg,fake,real,44.14
eslhebdhyn.jpg,fake,real,44.78
esmggmwfkm.jpg,fake,fake,32.59
esmhdtnhjx.jpg,fake,fake,29.94
esmoaiurwt.jpg,fake,fake,47.6
esmqulnsef.jpg,fake,real,48.24
esmqxszybs.jpg,fake,fake,47.44
esnfpqwxtt.jpg,fake,fake,21.91
esngcvacjf.jpg,fake,fake,23.61
esnicmcruo.jpg,fake,fake,42.61
esnkwjhpcr.jpg,fake,fake,35.8
esnntzzajv.jpg,fake,fake,40.06
esnqklpomp.jpg,fake,real,44.91
esnsafyapy.jpg,fake,real,35.57
esnswujfhi.jpg,fake,fake,41.87
esnxwconnv.jpg,fake,fake,32.93
esnzqdwpbc.jpg,fake,real,36.5
esofzgiqdx.jpg,fake,fake,41.47
esohcrpcsz.jpg,fake,fake,15.09
esoidwhxwo.jpg,fake,real,24.77
esouzsaubb.jpg,fake,real,48.17
espaodgzxa.jpg,fake,fake,10.32
espbwaalta.jpg,fake,fake,21.85
espjrijyqa.jpg,fake,fake,47.36
espkgxnlfw.jpg,fake,fake,12.51
espkiocpxq.jpg,fake,fake,18.04
espnsvthvu.jpg,fake,fake,42.08
esppzyuocz.jpg,fake,fake,45.34
espsovooyn.jpg,fake,fake,45.91
esptghvvhu.jpg,fake,real,40.38
espzwjfxvi.jpg,fake,fake,44.05
esqheclrfw.jpg,fake,fake,47.22
esqqrzgtzo.jpg,fake,fake,48.07
esqvrydrim.jpg,fake,fake,23.13
esqzjinuih.jpg,fake,real,46.69
esrdhvmqvp.jpg,fake,fake,42.11
esrlprirvx.jpg,fake,real,46.66
esrmebhaow.jpg,fake,real,41.24
esrxmtadkt.jpg,fake,fake,22.45
essbuwkggo.jpg,fake,fake,22.68
essddktnhl.jpg,fake,real,46.71
essiclzurj.jpg,fake,real,38.53
essmnizpod.jpg,fake,fake,48.82
estbfwwxjy.jpg,fake,fake,48.09
esthcpamfa.jpg,fake,fake,49.85
estkogwhdn.jpg,fake,real,49.9
estmcfrokq.jpg,fake,fake,35.52
estmhtrqks.jpg,fake,fake,42.11
estswpuhyl.jpg,fake,fake,27.36
estwtsbkge.jpg,fake,fake,49.59
estygoobsr.jpg,fake,real,47.77
esubotylje.jpg,fake,fake,32.77
esujvwtwvq.jpg,fake,fake,47.38
esvfbnxbfk.jpg,fake,real,45.0
esvikpjuiv.jpg,fake,fake,44.55
esvjsjvzul.jpg,fake,fake,35.26
eswczrhegu.jpg,fake,real,47.57
eswhdoxkyi.jpg,fake,fake,27.5
eswjxjblzy.jpg,fake,fake,45.2
eswnonvyqk.jpg,fake,fake,38.54
eswtjfnqir.jpg,fake,fake,48.11
eswtpeqexa.jpg,fake,real,47.41
eswtqddqlb.jpg,fake,fake,48.44
eswtvvkqvn.jpg,fake,fake,49.86
esxqgermfl.jpg,fake,fake,47.84
esxrvsgpvb.jpg,fake,real,47.85
esxygefppr.jpg,fake,real,43.17
esydumgise.jpg,fake,real,49.46
esyfakyccm.jpg,fake,fake,33.92
esynjdisgg.jpg,fake,fake,27.63
esyrimvzsa.jpg,fake,real,48.33
eszdsvehly.jpg,fake,fake,49.03
eszdvpxjwx.jpg,fake,fake,22.91
eszivwjcls.jpg,fake,real,29.28
esznerjdma.jpg,fake,fake,48.62
eszrckbsto.jpg,fake,fake,30.41
eszrcywcgd.jpg,fake,fake,39.2
esztkevzfj.jpg,fake,fake,22.61
etaaaibzns.jpg,fake,fake,19.08
etaegzedpg.jpg,fake,real,42.46
etagpnouis.jpg,fake,real,47.92
etaqsagfgn.jpg,fake,fake,24.55
etawendpkv.jpg,fake,fake,45.01
etbcgrtnft.jpg,fake,fake,39.41
etbklocgdm.jpg,fake,fake,45.03
etbwgmeusp.jpg,fake,fake,46.29
etccauwpqj.jpg,fake,real,44.89
etclzdpmpz.jpg,fake,real,45.47
etcnelygqm.jpg,fake,real,38.36
etcvrzyacw.jpg,fake,real,37.44
etcvvqevun.jpg,fake,real,41.49
etdcqxabww.jpg,fake,fake,47.28
etdliwticv.jpg,fake,fake,43.39
etdmhqtodf.jpg,fake,fake,44.19
etdxfawnai.jpg,fake,fake,35.32
etejaapnxh.jpg,fake,real,47.18
etemzfgvac.jpg,fake,real,43.06
etenhykapk.jpg,fake,real,25.31
eterxlklwi.jpg,fake,fake,49.43
etfeuobadu.jpg,fake,fake,47.12
etfmtolikj.jpg,fake,fake,45.69
etfqrclmio.jpg,fake,real,26.62
etfyvfbnbm.jpg,fake,fake,31.42
etgczdcvvk.jpg,fake,fake,44.48
etgnudemya.jpg,fake,fake,37.58
etgnykrkkp.jpg,fake,real,46.27
etgrqvtfwt.jpg,fake,real,48.64
etgsqpfauk.jpg,fake,real,31.27
ethbvtvahp.jpg,fake,real,30.65
ethdazlnnc.jpg,fake,fake,44.01
ethiruvhfg.jpg,fake,fake,27.25
etinyifrcj.jpg,fake,fake,47.99
etioprbaww.jpg,fake,real,41.02
etisprvjae.jpg,fake,fake,47.68
etjctgagcl.jpg,fake,fake,43.67
etjfaospvf.jpg,fake,fake,33.54
etjhvuvyqj.jpg,fake,real,32.6
etjrxypnra.jpg,fake,fake,38.85
etjsvyhepr.jpg,fake,fake,42.07
etjupcirhj.jpg,fake,real,45.86
etkgpkqglx.jpg,fake,fake,17.08
etkmoudyxt.jpg,fake,fake,43.19
etktbymzhx.jpg,fake,real,46.02
etkuwzefva.jpg,fake,fake,15.56
etkwneghea.jpg,fake,real,49.87
etlcqqqrzv.jpg,fake,fake,23.43
etlizkhcko.jpg,fake,fake,23.59
etljjzxsfm.jpg,fake,fake,47.77
etloepycew.jpg,fake,fake,37.05
etltdsoubb.jpg,fake,fake,47.59
etmbeepygr.jpg,fake,real,44.34
etmcruaihe.jpg,fake,real,26.97
etmfxxhpcd.jpg,fake,fake,20.18
etmjgrudsp.jpg,fake,fake,48.97
etmlcqihzs.jpg,fake,fake,41.82
etmowcpnhj.jpg,fake,real,45.14
etmpigursu.jpg,fake,real,42.39
etmqrribab.jpg,fake,real,46.36
etmsvuymep.jpg,fake,real,45.97
etmtlobhjl.jpg,fake,fake,9.87
etmtpkrxpa.jpg,fake,fake,47.11
etndujkuoe.jpg,fake,fake,32.29
etnpnfyxuh.jpg,fake,real,41.93
etnricjray.jpg,fake,fake,39.18
etnveteuau.jpg,fake,real,40.52
etnydnrmvb.jpg,fake,real,47.36
etodejdqoj.jpg,fake,real,36.93
etoezdmbjh.jpg,fake,fake,24.36
etohcvnzbj.jpg,fake,real,39.71
etonldfohq.jpg,fake,fake,31.02
etoxnbkdan.jpg,fake,fake,28.3
etphkpokgh.jpg,fake,fake,24.79
etpketrlnd.jpg,fake,fake,31.52
etpwjvibdn.jpg,fake,real,48.53
etpxujofec.jpg,fake,fake,49.07
etqefqwfem.jpg,fake,real,45.46
etqegkhtlt.jpg,fake,fake,20.46
etqeifhttt.jpg,fake,real,46.4
etqekytcma.jpg,fake,fake,11.98
etqfezywrc.jpg,fake,fake,43.31
etqifsnyki.jpg,fake,fake,37.79
etqopucvsa.jpg,fake,real,44.94
etqulfbomt.jpg,fake,real,46.23
etrbofjhyj.jpg,fake,fake,30.53
etrcxfmenu.jpg,fake,fake,46.68
etrlealthf.jpg,fake,fake,24.07
etrprgjbna.jpg,fake,fake,39.32
etsdnraxgf.jpg,fake,fake,39.2
etsfedmwmq.jpg,fake,fake,21.3
etsobifmgk.jpg,fake,fake,49.61
etspyajinh.jpg,fake,fake,27.19
etspyurooo.jpg,fake,fake,26.99
etsusouibh.jpg,fake,real,49.86
etswgogitb.jpg,fake,fake,49.2
etswuqmyhz.jpg,fake,fake,40.19
etswywimft.jpg,fake,real,40.19
etthnhuidk.jpg,fake,real,45.04
ettliojswb.jpg,fake,real,46.16
ettolxlpdx.jpg,fake,real,48.23
ettthorxxv.jpg,fake,fake,40.15
etttsckqzg.jpg,fake,fake,45.27
etuhwwigem.jpg,fake,fake,49.03
etuiyfidqe.jpg,fake,fake,45.09
etujbcqbaf.jpg,fake,fake,49.61
etussslnws.jpg,fake,real,36.55
etuwobljgk.jpg,fake,fake,37.5
etuwxcszcm.jpg,fake,fake,28.9
etuzvpxbod.jpg,fake,real,36.28
etvagcrift.jpg,fake,fake,33.73
etvbtqeegd.jpg,fake,fake,22.52
etvcdyryxq.jpg,fake,fake,21.92
etvmuiutxj.jpg,fake,real,37.18
etvneeiqel.jpg,fake,real,46.77
etvnftwxgr.jpg,fake,real,48.91
etwaxilsdd.jpg,fake,fake,21.34
etwiwsfgjs.jpg,fake,fake,46.45
etwpngxyoo.jpg,fake,fake,47.5
etwuvriiws.jpg,fake,fake,30.67
etxenjfnaf.jpg,fake,fake,35.64
etxmshgclx.jpg,fake,fake,34.81
etxzgzjwfp.jpg,fake,fake,46.55
etxzltpejb.jpg,fake,real,12.41
etygjbrhzn.jpg,fake,fake,21.31
etymlovigx.jpg,fake,fake,13.53
etyoqebcio.jpg,fake,fake,46.77
etytgluvqg.jpg,fake,real,21.43
etyysejqhe.jpg,fake,fake,24.26
etyyuclunv.jpg,fake,real,34.34
etyziqzyyr.jpg,fake,fake,21.54
etyzplnbru.jpg,fake,real,32.34
etzhgrrviq.jpg,fake,fake,49.4
etzzmkanzi.jpg,fake,real,24.05
euarbrmuzs.jpg,fake,fake,37.06
euavixhbsq.jpg,fake,fake,41.05
eublqrvqzf.jpg,fake,real,48.44
eubmxnqfrf.jpg,fake,fake,42.11
eubvmjhspp.jpg,fake,real,43.47
eucbajvqbe.jpg,fake,fake,40.02
euclhezhps.jpg,fake,real,44.38
euclrufrag.jpg,fake,fake,32.58
eucqwbtjfu.jpg,fake,fake,48.71
euczosymyk.jpg,fake,real,44.91
eudmlkbsll.jpg,fake,fake,38.78
eudnfziddg.jpg,fake,fake,45.73
eudqyrnjoo.jpg,fake,fake,43.56
euenttouyr.jpg,fake,real,34.33
euephwnbfo.jpg,fake,real,22.99
euerllhiwr.jpg,fake,real,46.92
euesfaiujx.jpg,fake,fake,44.93
euettuhfwk.jpg,fake,fake,45.94
euevtellaq.jpg,fake,real,46.54
euewcgckvm.jpg,fake,fake,48.87
euexgfxdel.jpg,fake,real,31.98
eufezjhacr.jpg,fake,real,47.05
euffkttktu.jpg,fake,fake,46.57
eufntetucv.jpg,fake,real,43.32
eufuvsebix.jpg,fake,fake,48.3
eufxalbxbb.jpg,fake,real,27.6
eugizkqdla.jpg,fake,fake,44.38
eugjbxtszt.jpg,fake,fake,24.98
eugntjlwqf.jpg,fake,fake,47.18
eugohzjnzn.jpg,fake,fake,34.17
eugpvwbpiz.jpg,fake,fake,47.77
eugskecitn.jpg,fake,fake,38.6
eugucyqvce.jpg,fake,fake,48.56
eugvdewtpb.jpg,fake,fake,37.47
eugyujwnza.jpg,fake,fake,38.09
euhabhqloj.jpg,fake,fake,25.78
euhduijesf.jpg,fake,fake,33.87
euhfpjfbrt.jpg,fake,real,34.95
euhnopdghl.jpg,fake,fake,45.34
euibbukhvy.jpg,fake,real,36.44
euictoiuma.jpg,fake,real,45.71
euihqhjkul.jpg,fake,fake,40.67
euiiarygve.jpg,fake,fake,47.6
euilhfyjkj.jpg,fake,fake,8.56
euilltgsrq.jpg,fake,fake,46.04
euioixajuw.jpg,fake,real,44.27
euiqtmvnja.jpg,fake,fake,39.5
euizkgoxog.jpg,fake,real,46.58
eujaqrcjgc.jpg,fake,fake,39.81
eujarkvmsd.jpg,fake,fake,35.0
eujsvdhrdm.jpg,fake,real,35.99
eujvhvrzyj.jpg,fake,fake,37.2
eujzsbivpj.jpg,fake,real,49.54
eukbmcdsbq.jpg,fake,fake,31.89
eukebgiccw.jpg,fake,fake,49.16
eukpkxbgcw.jpg,fake,fake,43.88
eukutnkwkh.jpg,fake,real,44.8
eukvucdetx.jpg,fake,fake,49.58
eukyyxopvt.jpg,fake,fake,27.6
eulfnzrojr.jpg,fake,fake,48.15
eulkqybopx.jpg,fake,fake,44.3
eulmapihck.jpg,fake,fake,26.12
eulslskxei.jpg,fake,fake,33.38
euludczkni.jpg,fake,fake,17.81
eulxbczasr.jpg,fake,fake,47.03
eumezsjkur.jpg,fake,real,34.86
eumfzayvdz.jpg,fake,fake,40.86
eumlufqcfn.jpg,fake,fake,32.79
eummhwqrcd.jpg,fake,fake,46.39
eummwjqbpd.jpg,fake,fake,47.32
eumqvwtksc.jpg,fake,fake,47.87
eundchcedg.jpg,fake,fake,33.55
eunmohsjhe.jpg,fake,fake,48.24
eunnmzcojr.jpg,fake,fake,31.15
eunsttomkc.jpg,fake,fake,48.31
euobuvvxhc.jpg,fake,fake,30.89
eupbthgsbs.jpg,fake,real,44.4
eupepgixho.jpg,fake,real,44.3
eupvhqwmpe.jpg,fake,real,38.7
euqeauccmw.jpg,fake,real,49.29
euqgbqurns.jpg,fake,real,5.44
euqujvlnnb.jpg,fake,real,22.65
eurcogcewe.jpg,fake,real,20.09
eurfdjzxng.jpg,fake,real,35.92
eurjsnbbug.jpg,fake,fake,34.34
eurnsychmr.jpg,fake,real,42.68
eurpcvhazx.jpg,fake,fake,42.57
eurtdahlrz.jpg,fake,fake,47.8
eurwocrxgj.jpg,fake,fake,47.77
eurzqqifpl.jpg,fake,fake,43.43
eusahtoays.jpg,fake,fake,42.67
eusbnwxcah.jpg,fake,real,32.18
eushohxtpt.jpg,fake,fake,40.42
eushtbqdjk.jpg,fake,fake,24.63
eusshevuiy.jpg,fake,fake,25.97
eussutnjhy.jpg,fake,real,47.26
eusuehokbv.jpg,fake,fake,39.17
eusvkbaogc.jpg,fake,real,45.67
eusxhfybrd.jpg,fake,real,37.33
euszkwoqeq.jpg,fake,fake,49.08
eutaedkkmc.jpg,fake,real,49.34
eutcmnwsum.jpg,fake,fake,35.6
eutgwsszqf.jpg,fake,fake,47.96
euthwchlci.jpg,fake,fake,38.95
euttnardyg.jpg,fake,fake,49.23
euubbgaubd.jpg,fake,real,46.77
euueadilsp.jpg,fake,fake,49.63
euunyizmtc.jpg,fake,fake,14.88
euurmiutnv.jpg,fake,fake,40.41
euuwzjplib.jpg,fake,fake,38.26
euvdoiaokh.jpg,fake,fake,38.07
euvhbpgluc.jpg,fake,fake,31.53
euvtqhdptn.jpg,fake,fake,35.83
euwrayzkvf.jpg,fake,fake,22.37
euwtvrqjog.jpg,fake,real,27.07
euwwjjjbsa.jpg,fake,real,40.29
euxcelftrj.jpg,fake,real,42.68
euxlncjaip.jpg,fake,fake,18.08
euxofyxagh.jpg,fake,real,49.85
euxpunysza.jpg,fake,fake,41.25
euxuxpvomo.jpg,fake,fake,46.23
euydqohhqn.jpg,fake,fake,21.39
euylxrfdrk.jpg,fake,fake,49.92
euyugdpidp.jpg,fake,real,46.06
euyuojpjbx.jpg,fake,real,48.05
euzbeoqyyd.jpg,fake,fake,22.07
euzekaecvr.jpg,fake,real,48.08
euzemejyah.jpg,fake,fake,36.34
euzkckmjbm.jpg,fake,real,46.7
euzlhdnsid.jpg,fake,fake,26.44
euzmxtuswh.jpg,fake,fake,17.02
euzswuawca.jpg,fake,fake,44.52
evafvwxarh.jpg,fake,fake,20.12
evatniqhlm.jpg,fake,fake,44.29
evauagoyun.jpg,fake,real,41.31
evbcnhjvvt.jpg,fake,real,26.47
evblkrxmto.jpg,fake,real,41.36
evbndvudug.jpg,fake,real,47.0
evbnyntpnd.jpg,fake,fake,16.31
evbqwvvsdi.jpg,fake,real,46.79
evctyqapap.jpg,fake,fake,34.18
evcufdsehk.jpg,fake,real,49.31
evcuyvdcoz.jpg,fake,real,49.39
evcvnfldgv.jpg,fake,fake,46.9
evdarxrenf.jpg,fake,fake,46.34
evdjvyzrxd.jpg,fake,fake,47.53
evdxodqhso.jpg,fake,fake,39.7
evecwbqsfu.jpg,fake,fake,33.75
evejryaoag.jpg,fake,real,48.65
eveosulcbn.jpg,fake,fake,21.87
evetzgnhxj.jpg,fake,fake,29.36
evfepuimjg.jpg,fake,fake,47.26
evfmcoeebg.jpg,fake,fake,34.37
evfwhdnals.jpg,fake,real,36.68
evfymmywdn.jpg,fake,fake,45.32
evgccmcmkn.jpg,fake,fake,48.06
evgdrmajqt.jpg,fake,real,47.53
evgejrtvay.jpg,fake,fake,28.38
evghzsgtxc.jpg,fake,real,36.09
evgqgkfptg.jpg,fake,real,41.72
evgqsxqmwi.jpg,fake,fake,48.81
evgsgtzsmq.jpg,fake,fake,48.11
evgwwdmcxa.jpg,fake,fake,29.52
evgzjtwveg.jpg,fake,real,36.87
evhpaxklkc.jpg,fake,fake,20.55
evhpwknrdu.jpg,fake,fake,48.54
evhtpeyqsc.jpg,fake,fake,46.51
evhykxalmi.jpg,fake,fake,32.64
evibqvhyjc.jpg,fake,fake,35.57
evidskkybl.jpg,fake,fake,40.7
evihvzkysp.jpg,fake,real,46.14
evirgbpwbl.jpg,fake,fake,46.21
evitrbujbq.jpg,fake,fake,46.43
eviwwcskgc.jpg,fake,real,26.85
evjgxegspv.jpg,fake,fake,25.39
evjlrttcki.jpg,fake,real,44.53
evjumxcwur.jpg,fake,real,42.2
evjwbpbubo.jpg,fake,fake,47.9
evkkjgvprd.jpg,fake,fake,42.89
evkmrhlwak.jpg,fake,real,47.85
evknxifuyp.jpg,fake,fake,23.13
evlfjbyegt.jpg,fake,fake,27.84
evlkhfbyaa.jpg,fake,real,46.53
evlohmpajz.jpg,fake,fake,27.24
evmcvkhort.jpg,fake,fake,40.95
evmgtesofz.jpg,fake,real,39.77
evmrcinjdq.jpg,fake,real,16.72
evmrudfvbf.jpg,fake,real,39.48
evmujzsypj.jpg,fake,real,17.44
evmvevujtc.jpg,fake,real,47.54
evmxjxoahl.jpg,fake,fake,49.14
evnbhowkba.jpg,fake,fake,49.77
evnclxelyx.jpg,fake,real,41.35
evnfjvobno.jpg,fake,real,46.96
evnllqxqbi.jpg,fake,fake,25.51
evnpfradix.jpg,fake,real,47.36
evnzxbnlti.jpg,fake,fake,43.05
evoiapzwne.jpg,fake,fake,33.61
evoieivlzm.jpg,fake,real,48.5
evojufsbso.jpg,fake,fake,16.96
evoxksjmtv.jpg,fake,fake,41.62
evpbiqfqqv.jpg,fake,fake,21.16
evpcvomshc.jpg,fake,fake,38.74
evpdgbdvkm.jpg,fake,fake,46.16
evpmcvhcpz.jpg,fake,real,34.53
evppthjsbd.jpg,fake,fake,48.23
evptgknypl.jpg,fake,fake,49.52
evpuikalfe.jpg,fake,real,43.72
evpxmftwyw.jpg,fake,real,40.24
evpzhcdpvk.jpg,fake,real,41.61
evpzowaulh.jpg,fake,fake,38.11
evqelgbjbq.jpg,fake,fake,36.94
evqfdqvvks.jpg,fake,real,41.56
evqiukuqff.jpg,fake,real,36.4
evqocfaybd.jpg,fake,fake,49.94
evqpfithgd.jpg,fake,fake,43.49
evqpppnrfs.jpg,fake,real,39.05
evqumrxyfs.jpg,fake,fake,31.48
evqxazxbnh.jpg,fake,real,36.66
evrnsnwpjd.jpg,fake,fake,48.06
evrpdowggo.jpg,fake,real,49.38
evsgkrvptx.jpg,fake,fake,40.51
evsmwusbox.jpg,fake,real,47.44
evsokhsekc.jpg,fake,fake,47.49
evsrwoifxu.jpg,fake,fake,46.41
evtizpbsrt.jpg,fake,real,42.96
evtqlcanne.jpg,fake,real,30.42
evttikralx.jpg,fake,fake,28.45
evtwpssjhk.jpg,fake,real,42.39
evudgjgkkk.jpg,fake,fake,28.12
evukegvdwh.jpg,fake,fake,34.19
evukpdfsas.jpg,fake,fake,47.57
evuyarrqcb.jpg,fake,fake,16.3
evuyqnwzgm.jpg,fake,fake,39.1
evvacwqxzb.jpg,fake,fake,38.21
evvotowfkw.jpg,fake,fake,38.25
evvpasudrd.jpg,fake,fake,35.18
evvqlsuerd.jpg,fake,fake,41.34
evvrdztpmi.jpg,fake,fake,49.7
evwcrawhto.jpg,fake,fake,20.92
evwgkntebg.jpg,fake,fake,21.9
evwijiahjz.jpg,fake,real,49.71
evwtcjhytk.jpg,fake,fake,20.63
evwtxpowgd.jpg,fake,fake,30.39
evwveuowav.jpg,fake,fake,37.21
evwwcybbol.jpg,fake,real,14.77
evwyllcgxp.jpg,fake,fake,17.07
evwyqhqahv.jpg,fake,real,39.66
evxcpabxnq.jpg,fake,fake,33.63
evxtqswetb.jpg,fake,fake,48.22
evxyexlrgp.jpg,fake,fake,13.46
evyccyiixt.jpg,fake,fake,48.22
evyjwdkuhu.jpg,fake,fake,48.33
evynetxtig.jpg,fake,real,39.93
evyvummwke.jpg,fake,real,41.51
evyyxzgnmo.jpg,fake,real,49.76
evzeawuuvf.jpg,fake,fake,37.2
evzfyaeqey.jpg,fake,real,31.45
evziryftvx.jpg,fake,real,16.11
evzwnwrjgz.jpg,fake,fake,26.82
ewalytdxho.jpg,fake,fake,25.42
ewapjbcfuv.jpg,fake,fake,30.31
ewavdsgjyf.jpg,fake,real,36.45
ewavtkrxbb.jpg,fake,fake,44.93
ewaxowzmna.jpg,fake,fake,20.81
ewbgvlunzf.jpg,fake,fake,25.99
ewbgymjvos.jpg,fake,fake,43.25
ewboiokegt.jpg,fake,real,34.1
ewbtyfjswh.jpg,fake,fake,32.69
ewccqwkhpc.jpg,fake,fake,47.98
ewcfslabwh.jpg,fake,real,40.71
ewcgydtfjp.jpg,fake,fake,39.38
ewclupknhn.jpg,fake,fake,44.8
ewdeufyoic.jpg,fake,real,49.59
ewdjkplgei.jpg,fake,real,49.87
ewdtalygox.jpg,fake,real,43.14
ewdvbsuihy.jpg,fake,fake,48.11
eweezufaky.jpg,fake,fake,48.02
ewehqnfmvr.jpg,fake,fake,29.39
eweidnvatl.jpg,fake,real,34.92
ewenqgkepv.jpg,fake,real,48.35
eweohmorwm.jpg,fake,real,45.93
ewerbsencj.jpg,fake,fake,45.29
ewfgypoisb.jpg,fake,real,46.0
ewfnvcuvnn.jpg,fake,fake,45.66
ewfpsvyffv.jpg,fake,real,44.75
ewglmznvxe.jpg,fake,real,28.16
ewgoylxwgv.jpg,fake,real,43.7
ewgqzawytw.jpg,fake,fake,46.05
ewgsqtuvqu.jpg,fake,real,39.41
ewgwgsftfq.jpg,fake,real,46.46
ewhpvcwxyg.jpg,fake,fake,39.12
ewhtjwbuqy.jpg,fake,real,49.88
ewhwdzukev.jpg,fake,fake,28.4
ewhwxhjogw.jpg,fake,real,49.62
ewimhhuovr.jpg,fake,fake,41.26
ewivyisjtm.jpg,fake,real,49.08
ewixzuqwga.jpg,fake,fake,45.32
ewiyhypsgq.jpg,fake,real,43.73
ewjajgrcjl.jpg,fake,real,47.26
ewjopkuafz.jpg,fake,fake,30.14
ewjrqhcwbn.jpg,fake,fake,49.84
ewjwkmevus.jpg,fake,fake,22.42
ewkdvemmff.jpg,fake,real,45.04
ewknjjmzqb.jpg,fake,fake,48.93
ewkqjdhvvo.jpg,fake,real,12.01
ewkwgpdrhv.jpg,fake,fake,41.37
ewlfdytbhz.jpg,fake,real,44.39
ewlhdpdrtq.jpg,fake,real,31.61
ewlojhipnw.jpg,fake,fake,48.57
ewlyehxfzb.jpg,fake,real,34.58
ewmcrdjktd.jpg,fake,fake,23.78
ewmdybkcda.jpg,fake,fake,39.94
ewmhqidvlq.jpg,fake,real,29.65
ewmhzluvgm.jpg,fake,real,29.73
ewmmoghilb.jpg,fake,real,47.42
ewmppwynnf.jpg,fake,fake,36.14
ewmtcmxyjd.jpg,fake,real,42.24
ewmunvvtxg.jpg,fake,fake,40.02
ewnbfdjecq.jpg,fake,real,20.81
ewncpbhvvx.jpg,fake,real,49.68
ewnftxjwci.jpg,fake,fake,45.89
ewnjeqojwg.jpg,fake,real,47.26
ewnoyoiotj.jpg,fake,fake,38.77
ewnxcyojwp.jpg,fake,fake,26.76
ewoefcghuy.jpg,fake,real,38.77
ewokvfyjsz.jpg,fake,real,44.05
ewoxyqlsrh.jpg,fake,fake,46.27
ewpgxynkyb.jpg,fake,fake,31.01
ewpjjhprmj.jpg,fake,fake,49.8
ewpkerhxfb.jpg,fake,fake,19.21
ewpkgsitss.jpg,fake,fake,38.85
ewppdjmscl.jpg,fake,real,44.21
ewpvbvbnxy.jpg,fake,real,49.52
ewpykkacyo.jpg,fake,fake,32.63
ewqazqdrmg.jpg,fake,real,37.54
ewqbigarao.jpg,fake,real,45.83
ewqffplnea.jpg,fake,real,39.3
ewqlqvleil.jpg,fake,fake,43.1
ewqpsoyfes.jpg,fake,real,46.0
ewqrjskhlh.jpg,fake,real,45.6
ewreissupj.jpg,fake,real,40.66
ewrnmphzzi.jpg,fake,real,39.5
ewrozspbny.jpg,fake,fake,42.05
ewrsolskmf.jpg,fake,real,49.7
ewrxgyqgzz.jpg,fake,real,41.91
ewrxohkehk.jpg,fake,fake,16.71
ewsdluigpt.jpg,fake,fake,49.59
ewsnlacgxj.jpg,fake,fake,48.82
ewtcglcfsm.jpg,fake,real,41.49
ewtygmmlsd.jpg,fake,real,41.25
ewurxuyrwv.jpg,fake,fake,47.98
ewwhlscuha.jpg,fake,fake,43.09
ewwkfljrua.jpg,fake,real,41.35
ewwvllyjdr.jpg,fake,fake,40.59
ewxcjogzhk.jpg,fake,real,49.35
ewxlmjtfwq.jpg,fake,fake,5.73
ewxmmeyqtl.jpg,fake,fake,44.89
ewyeaqhmfe.jpg,fake,real,38.92
ewyghebhvl.jpg,fake,fake,27.65
ewygzrrcft.jpg,fake,fake,21.29
ewynxmyodj.jpg,fake,fake,43.52
ewzslkongs.jpg,fake,fake,24.31
ewzyngqedc.jpg,fake,fake,46.47
ewzyrgbxtk.jpg,fake,fake,49.66
ewzythzlez.jpg,fake,fake,23.61
exactiudfy.jpg,fake,fake,47.26
exalixapsg.jpg,fake,fake,44.74
exapkjzlcc.jpg,fake,fake,23.7
exapoobbmo.jpg,fake,fake,13.82
exatrzuvgq.jpg,fake,real,45.69
exbbqbpljs.jpg,fake,fake,31.41
exbggebksr.jpg,fake,fake,43.24
exbrvchpgv.jpg,fake,fake,38.89
exchwpjvgr.jpg,fake,real,40.24
excifevbsh.jpg,fake,real,43.81
excmyfrwzp.jpg,fake,real,27.53
excorurywi.jpg,fake,real,46.68
exctrfukdb.jpg,fake,real,30.29
excumhymko.jpg,fake,fake,47.79
excvgksgda.jpg,fake,fake,21.28
excyzzigtp.jpg,fake,fake,33.32
exddoxwyel.jpg,fake,real,38.82
exdmnregfr.jpg,fake,fake,21.88
exdvnmtaeq.jpg,fake,real,42.18
exdvpvycrd.jpg,fake,fake,46.25
exeamsvwes.jpg,fake,real,23.59
exebnwjiao.jpg,fake,real,47.83
exehikjona.jpg,fake,fake,24.86
exelrplurw.jpg,fake,real,16.16
exetyzhsyc.jpg,fake,real,30.8
exewzykbsv.jpg,fake,fake,35.32
exfbtfriwb.jpg,fake,fake,44.67
exfgcpqoyy.jpg,fake,fake,37.2
exfugxlaic.jpg,fake,fake,40.35
exgbqfgaoj.jpg,fake,fake,47.57
exgcskiest.jpg,fake,real,43.71
exggwnyfiz.jpg,fake,fake,39.02
exgkuxgeup.jpg,fake,fake,39.85
exgmypzisd.jpg,fake,fake,47.08
exgtchfkbs.jpg,fake,fake,49.95
exguxglksl.jpg,fake,real,45.36
exhfrwrwiq.jpg,fake,real,46.47
exhfwnjwrh.jpg,fake,fake,48.15
exhhgxhedf.jpg,fake,real,30.0
exhizvutjm.jpg,fake,real,44.06
exhkvwrvks.jpg,fake,fake,17.05
exhofobrlg.jpg,fake,fake,40.58
exhqbptkqy.jpg,fake,fake,46.54
exhqvcivyb.jpg,fake,real,48.9
exhsvztrjf.jpg,fake,fake,46.73
exhwpkwgjr.jpg,fake,fake,33.87
exhzzxwghl.jpg,fake,real,48.1
exiabvuzmo.jpg,fake,fake,36.17
exifnhfkzs.jpg,fake,fake,46.68
exilgnvbhf.jpg,fake,fake,22.16
exioersgps.jpg,fake,fake,42.99
exjfejwdmk.jpg,fake,fake,44.38
exjhqhkiiq.jpg,fake,fake,41.62
exjhxchdsg.jpg,fake,fake,20.83
exjmbshhkl.jpg,fake,fake,44.04
exjmfjwuvn.jpg,fake,real,46.96
exjmtejyxo.jpg,fake,fake,44.07
exjnpsilrw.jpg,fake,fake,45.33
exjpkzvand.jpg,fake,fake,38.86
exjspovhor.jpg,fake,fake,32.37
exjuhrvmkd.jpg,fake,fake,49.2
exjuupytug.jpg,fake,fake,37.93
exkoqwpzpl.jpg,fake,fake,35.0
exlbmtpqbt.jpg,fake,real,44.13
exlymefpqh.jpg,fake,fake,38.73
exlyzcphfm.jpg,fake,fake,34.92
exmuhuamql.jpg,fake,real,49.53
exnfrnkgco.jpg,fake,fake,18.72
exngsbdjkg.jpg,fake,fake,44.07
exnictzxtl.jpg,fake,real,23.2
exnouagpnh.jpg,fake,fake,44.42
exnqtksnsd.jpg,fake,fake,38.6
exnvnrzqjf.jpg,fake,real,39.95
exnvpnwloi.jpg,fake,real,47.32
exnxhajmic.jpg,fake,fake,4.01
exnxonosso.jpg,fake,fake,36.48
exobpiroru.jpg,fake,fake,46.1
exoejlyrxw.jpg,fake,fake,46.12
exoijhzndo.jpg,fake,fake,27.46
exoiljxgnb.jpg,fake,fake,40.46
exoiygftnt.jpg,fake,fake,41.96
exosimokky.jpg,fake,fake,43.33
exotjouiuv.jpg,fake,real,33.17
expbhhdplc.jpg,fake,real,32.36
exprsetrwv.jpg,fake,fake,45.54
expxuxqhrm.jpg,fake,fake,48.49
exqaaevevx.jpg,fake,real,41.6
exqfnbnwll.jpg,fake,real,46.2
exqoaqcbga.jpg,fake,real,49.46
exqxqktuzi.jpg,fake,fake,29.82
exrdfjblnj.jpg,fake,fake,45.21
exrlkypabt.jpg,fake,real,32.86
exrosljwid.jpg,fake,fake,32.2
exruieyion.jpg,fake,fake,25.67
exsclanyjg.jpg,fake,real,31.35
exsteszbhp.jpg,fake,fake,46.33
exsuygvela.jpg,fake,real,32.46
exsvptiatk.jpg,fake,fake,44.86
extfjvooaw.jpg,fake,real,45.1
exthjwvrla.jpg,fake,fake,44.99
extlvvqoef.jpg,fake,fake,47.01
extnqzbhco.jpg,fake,fake,25.3
extomzpuqq.jpg,fake,fake,23.94
extpwopzkx.jpg,fake,fake,44.7
extvdesumz.jpg,fake,fake,26.09
exufspgvfx.jpg,fake,real,42.94
exugxrmaah.jpg,fake,fake,11.59
exukprbcuu.jpg,fake,real,37.93
exullzlbif.jpg,fake,real,49.11
exumphhxwa.jpg,fake,fake,48.14
exuqawztwn.jpg,fake,real,41.19
exurdvqjej.jpg,fake,fake,34.78
exuuxtxiur.jpg,fake,fake,34.61
exuxoisxyl.jpg,fake,real,49.26
exvapekqxv.jpg,fake,fake,43.69
exvbiowzyn.jpg,fake,real,30.47
exvdklllgp.jpg,fake,fake,26.63
exvnsbkqpy.jpg,fake,fake,27.24
exvwmgobwc.jpg,fake,fake,45.22
exwebcophp.jpg,fake,fake,46.16
exwjftbmrt.jpg,fake,fake,45.9
exwkcuqyhs.jpg,fake,fake,49.44
exwreeeour.jpg,fake,fake,28.39
exwvsbyknd.jpg,fake,fake,31.53
exwwkhjkbw.jpg,fake,fake,49.32
exwwmdzioh.jpg,fake,fake,49.79
exwyzmylhy.jpg,fake,real,35.17
exxutccavg.jpg,fake,fake,31.25
exzaaebioh.jpg,fake,real,35.63
exzhvkjabr.jpg,fake,real,43.29
exzlkzguxl.jpg,fake,fake,41.77
exzuisvrpr.jpg,fake,fake,41.49
exzzhzcvjo.jpg,fake,fake,26.19
eyacdtciqm.jpg,fake,real,44.07
eyahtukize.jpg,fake,real,33.0
eyaseuvaal.jpg,fake,fake,31.52
eybccxcxrn.jpg,fake,fake,39.56
eybcdhehha.jpg,fake,real,25.82
eybhytmswk.jpg,fake,fake,33.4
eybhzkzvhd.jpg,fake,fake,29.46
eybjavzmoy.jpg,fake,real,43.62
eybmslynad.jpg,fake,fake,34.89
eybvalvwfq.jpg,fake,real,42.88
eybvpbhezl.jpg,fake,real,39.15
eycacodtjk.jpg,fake,real,48.35
eycdlgettr.jpg,fake,fake,39.46
eycfnmrhdt.jpg,fake,fake,46.82
eycnpnvqed.jpg,fake,fake,20.67
eycwvdpqbo.jpg,fake,real,44.36
eydebflvug.jpg,fake,real,44.65
eydjhucgly.jpg,fake,fake,37.58
eydmpkgqeq.jpg,fake,fake,17.36
eyeavddsza.jpg,fake,real,45.12
eyebiidzte.jpg,fake,real,38.29
eyeboujggi.jpg,fake,real,48.46
eyeksssuvg.jpg,fake,real,47.21
eyemqvadrv.jpg,fake,real,41.78
eyeqnbqamj.jpg,fake,fake,4.48
eyeqydhtte.jpg,fake,real,33.27
eyevwdohgf.jpg,fake,fake,29.86
eyffoapcce.jpg,fake,fake,10.47
eyfjvaboam.jpg,fake,fake,36.8
eyfliddvar.jpg,fake,real,47.86
eyfpgyabpk.jpg,fake,fake,37.52
eyfqtmmjhg.jpg,fake,real,25.91
eyfuyzgghr.jpg,fake,fake,39.77
eygcphespr.jpg,fake,real,49.48
eygcpssvws.jpg,fake,fake,35.72
eygjbnzgmt.jpg,fake,fake,47.95
eyguyqoyml.jpg,fake,fake,24.86
eyhgjtcdvh.jpg,fake,fake,48.83
eyhizewvlt.jpg,fake,real,39.43
eyhlrrcvea.jpg,fake,real,41.37
eyhsyonaxb.jpg,fake,fake,42.75
eyhzhvvmkl.jpg,fake,fake,48.52
eyiciuhrvv.jpg,fake,fake,40.12
eyirdehevf.jpg,fake,fake,40.26
eyixkzppxc.jpg,fake,fake,29.96
eyjejjgdyd.jpg,fake,fake,45.15
eyjpughmmi.jpg,fake,fake,41.12
eyjtvcfdbo.jpg,fake,fake,44.94
eykayfqngu.jpg,fake,fake,45.44
eykgdojbbf.jpg,fake,real,47.05
eylmytvbqt.jpg,fake,real,49.24
eymdkdeudq.jpg,fake,fake,41.08
eymkppycqq.jpg,fake,fake,38.98
eymmvgrtsx.jpg,fake,fake,11.75
eynboqrsnk.jpg,fake,real,44.84
eyndhzzodk.jpg,fake,fake,43.93
eyndltjeoh.jpg,fake,real,48.44
eyntanjavy.jpg,fake,fake,41.31
eynvbesfsi.jpg,fake,real,27.08
eyoitfsnhl.jpg,fake,fake,32.0
eyoweyxyiv.jpg,fake,fake,47.7
eypevytikz.jpg,fake,fake,43.66
eypfraqxmc.jpg,fake,fake,25.09
eypoacrmcv.jpg,fake,real,48.72
eypqcwmvfd.jpg,fake,fake,26.79
eyqnayljgq.jpg,fake,real,48.16
eyqwkxoiya.jpg,fake,fake,34.99
eyrdrnlpdu.jpg,fake,fake,39.37
eyrljxqrjz.jpg,fake,real,46.5
eyrnirnrcn.jpg,fake,real,36.74
eyrphmtciv.jpg,fake,fake,47.44
eyrvyndpjs.jpg,fake,fake,44.15
eyrwzznfov.jpg,fake,real,42.76
eysacgyjvx.jpg,fake,fake,48.59
eysalhhefi.jpg,fake,fake,46.47
eysfaqsokt.jpg,fake,real,2.55
eysvudwmjk.jpg,fake,real,42.06
eyswgigekf.jpg,fake,real,30.65
eytatcgpkg.jpg,fake,real,42.91
eytntqdzqp.jpg,fake,real,49.22
eyujrtghok.jpg,fake,fake,49.38
eyulbxiwne.jpg,fake,fake,46.95
eyvjbgibfm.jpg,fake,fake,21.53
eywdmustbb.jpg,fake,real,48.01
eywkptzdvl.jpg,fake,real,46.57
eywrvybdvp.jpg,fake,fake,18.63
eywtrllazw.jpg,fake,fake,34.25
eywyirgzon.jpg,fake,real,20.47
eyxbxeyukj.jpg,fake,real,39.4
eyxhkexasm.jpg,fake,fake,22.05
eyxivepgri.jpg,fake,real,49.25
eyxjvtskkd.jpg,fake,real,27.27
eyxkxjzyci.jpg,fake,fake,16.59
eyxkycclyx.jpg,fake,real,38.78
eyxtmbdynz.jpg,fake,real,46.65
eyxuzvrwik.jpg,fake,real,46.8
eyxvndtjxm.jpg,fake,fake,49.43
eyyebthppe.jpg,fake,fake,48.36
eyyknluydp.jpg,fake,fake,39.05
eyzalirywb.jpg,fake,fake,21.04
eyzewpjtzp.jpg,fake,fake,45.39
eyzgzdgtyn.jpg,fake,real,6.32
eyzmtkklvc.jpg,fake,fake,8.98
eyzrnbvgkn.jpg,fake,real,27.13
eyzudnrcnp.jpg,fake,real,14.36
eyzzwyjyfz.jpg,fake,real,46.32
ezabcrihco.jpg,fake,fake,46.55
ezadehoecy.jpg,fake,real,36.99
ezbdhcawda.jpg,fake,fake,25.0
ezbfsanxnk.jpg,fake,real,46.39
ezckgtsqzk.jpg,fake,fake,11.98
ezcqzucpcr.jpg,fake,real,47.67
ezczrzbsgq.jpg,fake,real,35.78
ezdrxsnicg.jpg,fake,fake,21.85
ezdzzsxvab.jpg,fake,real,48.23
ezegjkfrad.jpg,fake,real,46.18
ezehdjvwvy.jpg,fake,fake,44.85
ezevmuxtwu.jpg,fake,fake,39.82
ezfjywtlpn.jpg,fake,real,42.47
ezfonqdiqe.jpg,fake,fake,38.61
ezgevynkof.jpg,fake,fake,23.29
ezgjzcywfe.jpg,fake,real,38.83
ezgmjmlssa.jpg,fake,fake,37.24
ezgxxzmyyq.jpg,fake,fake,29.27
ezhgsdifpb.jpg,fake,fake,45.13
ezhnuaiazw.jpg,fake,fake,20.36
ezhnymmhht.jpg,fake,fake,44.07
ezhwueehlt.jpg,fake,fake,21.03
ezipjzeffl.jpg,fake,fake,22.3
ezjqyugalp.jpg,fake,fake,43.59
ezjzbtktdp.jpg,fake,fake,30.79
ezkdbplvgc.jpg,fake,fake,49.14
ezkhhudbyn.jpg,fake,fake,26.77
ezkidfosnl.jpg,fake,fake,38.62
ezkprcfhuo.jpg,fake,fake,43.29
ezkunpqrzh.jpg,fake,real,31.42
ezkyiounzg.jpg,fake,fake,39.59
ezlehpbfya.jpg,fake,real,38.7
ezlekovezp.jpg,fake,fake,31.46
ezljdafkkh.jpg,fake,fake,37.33
ezlsmflifv.jpg,fake,fake,23.88
ezmfkgbadc.jpg,fake,real,42.91
ezmhgyjwqt.jpg,fake,real,47.91
ezmlngrlvg.jpg,fake,fake,46.22
eznrzwebix.jpg,fake,fake,49.01
ezouqnopwi.jpg,fake,fake,43.7
ezozhammnh.jpg,fake,fake,45.67
ezpaloghzj.jpg,fake,real,39.8
ezpizkjycp.jpg,fake,real,48.91
ezpnggyxtz.jpg,fake,real,25.16
ezpsqjytug.jpg,fake,real,45.94
ezpulhyrqd.jpg,fake,fake,41.4
ezpuvfxzir.jpg,fake,real,40.68
ezqoboflbm.jpg,fake,fake,37.22
ezrfihipbi.jpg,fake,fake,41.58
ezrlpsoczz.jpg,fake,real,47.86
ezrsfdsuzr.jpg,fake,real,44.98
ezsbqfrcfa.jpg,fake,fake,7.69
ezsdqantct.jpg,fake,fake,49.08
ezsfifpetq.jpg,fake,fake,35.32
ezshcaeksv.jpg,fake,real,49.79
ezszzxfrnq.jpg,fake,real,43.08
eztkfvorxo.jpg,fake,real,36.07
eztmajnsww.jpg,fake,real,37.28
eztofjdvsk.jpg,fake,fake,20.77
ezufneaopl.jpg,fake,fake,22.97
ezukmjfkvk.jpg,fake,fake,39.79
ezupajzwdl.jpg,fake,fake,20.61
ezupovqlhq.jpg,fake,fake,46.17
ezuybqdieq.jpg,fake,real,39.96
ezuywsbnot.jpg,fake,real,47.19
ezvetrxlyz.jpg,fake,real,26.32
ezvigiskgn.jpg,fake,fake,44.51
ezvqjcunnf.jpg,fake,fake,27.94
ezvsimvagj.jpg,fake,real,49.17
ezwdgnnhpm.jpg,fake,fake,37.27
ezwftndahz.jpg,fake,fake,18.91
ezwjisband.jpg,fake,fake,40.86
ezwqacetdx.jpg,fake,fake,26.64
ezwvaxplvk.jpg,fake,real,48.49
ezxbjoamxn.jpg,fake,fake,41.9
ezxfbqmcko.jpg,fake,fake,46.94
ezxfriiglr.jpg,fake,fake,44.79
ezxjmgjnyz.jpg,fake,fake,32.77
ezxkqqqeqn.jpg,fake,real,43.05
ezxmwlkdpq.jpg,fake,fake,7.09
ezxnapocrl.jpg,fake,real,43.25
ezxoxejssq.jpg,fake,real,44.59
ezxqjislaz.jpg,fake,fake,33.45
ezxtrbzwhy.jpg,fake,fake,16.69
ezyjpzfnxs.jpg,fake,real,47.67
ezymytowow.jpg,fake,fake,46.59
ezynyiyewj.jpg,fake,fake,34.45
ezyttpijys.jpg,fake,real,39.1
ezyvyqvjxv.jpg,fake,fake,27.75
ezyxytrayc.jpg,fake,fake,43.57
ezzsovfefo.jpg,fake,fake,27.22
faahcrxltm.jpg,fake,fake,4.05
faalgsowou.jpg,fake,real,27.91
faawhwkykm.jpg,fake,real,44.87
fabkhaooks.jpg,fake,real,46.44
fabnzwzwjd.jpg,fake,fake,41.06
fabpyzwktz.jpg,fake,real,25.67
fabtrqmrnl.jpg,fake,fake,21.35
faccdcgtov.jpg,fake,real,40.38
facfirssno.jpg,fake,fake,40.1
fachvpmjpg.jpg,fake,fake,33.63
facimhnjmp.jpg,fake,real,47.12
facjaxvaym.jpg,fake,fake,28.52
fackiyrkuz.jpg,fake,fake,30.66
factpeezlu.jpg,fake,fake,34.38
fadljknvrx.jpg,fake,fake,13.14
fadvmubkho.jpg,fake,real,46.64
faelhvqael.jpg,fake,fake,19.41
faemrxtwui.jpg,fake,fake,21.71
faeofakexb.jpg,fake,real,39.08
faeusxtffd.jpg,fake,fake,24.35
faeyfjgska.jpg,fake,real,36.84
fafihcaagb.jpg,fake,fake,45.51
faflnbhjej.jpg,fake,fake,25.88
fafoyorfuc.jpg,fake,fake,31.93
fafwmepiyo.jpg,fake,fake,17.06
faghliyxaa.jpg,fake,fake,46.7
fagirlfirv.jpg,fake,fake,22.53
fagshunkcm.jpg,fake,fake,17.45
fahafldpeb.jpg,fake,fake,42.63
fahbllbagg.jpg,fake,fake,15.52
fahevlhtcx.jpg,fake,fake,44.11
fahnvsfiwj.jpg,fake,fake,40.26
fahpamrpfy.jpg,fake,fake,34.51
fahrejqccb.jpg,fake,fake,45.86
fahvfuqcgm.jpg,fake,fake,39.54
fahykeifgz.jpg,fake,fake,38.91
faicwfivhj.jpg,fake,fake,40.91
faiekhdqyj.jpg,fake,real,44.48
faikkamrdw.jpg,fake,real,35.74
fakhglygte.jpg,fake,fake,12.94
fakiuygxwr.jpg,fake,real,48.55
faklcbjoln.jpg,fake,fake,46.52
fakojkvxrs.jpg,fake,fake,21.14
fakpmrnicc.jpg,fake,fake,23.47
fakquybnpz.jpg,fake,real,39.75
faktmhmtpb.jpg,fake,fake,45.46
fakuegymft.jpg,fake,fake,20.56
fakxwnyyql.jpg,fake,real,43.12
fakycyhozw.jpg,fake,real,45.05
faldrzrfbs.jpg,fake,real,19.46
falquxjgcs.jpg,fake,fake,41.32
falturjtfd.jpg,fake,fake,21.65
falukrvbhd.jpg,fake,fake,45.33
famcnvqqjv.jpg,fake,real,34.8
fameihlzjs.jpg,fake,real,49.37
famlupsgqm.jpg,fake,fake,24.63
fammwnwkzf.jpg,fake,fake,44.15
famvrdotln.jpg,fake,real,47.33
famywizotu.jpg,fake,fake,38.38
fancmuflyb.jpg,fake,fake,46.94
fandwknulr.jpg,fake,real,42.09
fanoszyrtu.jpg,fake,real,46.16
fanyxvplqo.jpg,fake,fake,48.06
faorqeihgj.jpg,fake,fake,21.55
faotvkexqf.jpg,fake,fake,30.05
faozenvekq.jpg,fake,real,47.6
fapazklyby.jpg,fake,fake,47.57
faphmeklyl.jpg,fake,real,48.15
fapkgynpfm.jpg,fake,fake,44.27
faqniwwbxq.jpg,fake,real,47.55
faqxpylsmo.jpg,fake,fake,34.08
farcrqxsmy.jpg,fake,fake,45.44
fardukltij.jpg,fake,fake,48.33
farkayufbk.jpg,fake,fake,25.88
farmqijdbu.jpg,fake,fake,46.84
farnifosze.jpg,fake,fake,27.65
farryjtkwj.jpg,fake,real,42.27
farwsuljug.jpg,fake,fake,48.31
farwsvxszh.jpg,fake,fake,22.44
fasdqgldov.jpg,fake,real,41.72
faspiqgzpe.jpg,fake,real,47.95
fasqzvoqts.jpg,fake,real,45.58
fassenuwad.jpg,fake,fake,46.33
fastqxetbh.jpg,fake,fake,38.25
fasuaiwqpu.jpg,fake,real,28.92
fasyguwpmg.jpg,fake,fake,41.78
faszsqdqgn.jpg,fake,real,29.39
fatdwdeqxo.jpg,fake,real,44.32
fatmrkisny.jpg,fake,fake,48.54
fatnoezenh.jpg,fake,fake,48.18
fauflvnbwe.jpg,fake,fake,15.05
fauqtiiztx.jpg,fake,real,41.72
fauqucwxfy.jpg,fake,real,47.66
fauriemkfh.jpg,fake,fake,47.96
faurwndulk.jpg,fake,fake,32.26
fauuqsuqba.jpg,fake,fake,27.87
fauvmbfyay.jpg,fake,real,46.53
favdukodsi.jpg,fake,real,44.53
favgnxwjss.jpg,fake,real,44.31
favgzqwrxr.jpg,fake,fake,46.66
favhbthoqd.jpg,fake,fake,23.59
favklanlaa.jpg,fake,real,33.77
favpbouums.jpg,fake,real,47.06
favxtlylhy.jpg,fake,fake,48.21
favydhlbyj.jpg,fake,real,38.65
faweophskp.jpg,fake,fake,30.61
fawjkzmzru.jpg,fake,fake,6.59
fawmsvelfp.jpg,fake,fake,49.84
fawvzkfqud.jpg,fake,real,48.55
fawxhslsws.jpg,fake,fake,47.75
faxcktvqyx.jpg,fake,real,33.18
faxcxrdkvg.jpg,fake,fake,48.56
faxpraxrgg.jpg,fake,real,48.34
fayehgbfon.jpg,fake,fake,24.07
fayetmfgru.jpg,fake,fake,30.24
faypwmtdre.jpg,fake,fake,35.21
fayxrjrdiy.jpg,fake,fake,28.49
fazmpvrveo.jpg,fake,real,48.24
fazmumfdzy.jpg,fake,fake,19.01
fazoeausgp.jpg,fake,fake,22.81
fazsermqum.jpg,fake,fake,48.85
fazvawknmy.jpg,fake,real,42.95
fbajsjwfpe.jpg,fake,fake,18.33
fbakjsnwxw.jpg,fake,fake,45.36
fbamquqxcp.jpg,fake,real,42.75
fbapokghgg.jpg,fake,fake,49.55
fbauuanxsc.jpg,fake,real,40.19
fbbeavdmkg.jpg,fake,fake,35.89
fbbjoslxdy.jpg,fake,fake,42.38
fbbozgloqv.jpg,fake,real,26.83
fbbpclizuw.jpg,fake,fake,18.71
fbbsooyrla.jpg,fake,fake,49.07
fbbtlcjktz.jpg,fake,real,25.83
fbbznhqnqv.jpg,fake,fake,9.94
fbceopxnsg.jpg,fake,fake,29.15
fbcewqjjmd.jpg,fake,fake,37.71
fbchvvfwdo.jpg,fake,real,38.49
fbcqbodjsl.jpg,fake,real,47.47
fbctblabfx.jpg,fake,real,46.47
fbcuuaaxht.jpg,fake,fake,49.85
fbdhbgrbok.jpg,fake,fake,42.94
fbdorsyrek.jpg,fake,fake,35.86
fbdtonudir.jpg,fake,real,47.9
fbdxdwvlyo.jpg,fake,fake,21.43
fbdxjscbzc.jpg,fake,fake,37.08
fbdyzabvvo.jpg,fake,real,49.75
fbdzfxddvk.jpg,fake,fake,38.93
fbebxxmltk.jpg,fake,fake,40.9
fbecriyqzn.jpg,fake,fake,49.88
fbenvdzzqa.jpg,fake,real,47.33
fbfdfnfyak.jpg,fake,fake,29.28
fbffimwgfz.jpg,fake,fake,10.83
fbflejhfpn.jpg,fake,fake,36.12
fbfnpeldsc.jpg,fake,fake,42.0
fbfxiwunri.jpg,fake,fake,35.19
fbgcnpdpnx.jpg,fake,fake,19.24
fbgenqpkml.jpg,fake,fake,49.84
fbgfjwjrzl.jpg,fake,fake,42.92
fbgoflbkwh.jpg,fake,fake,18.14
fbgqxuhxuh.jpg,fake,fake,44.8
fbgsueqwxv.jpg,fake,fake,28.49
fbhtlcpupl.jpg,fake,fake,23.43
fbhubzyijg.jpg,fake,real,42.12
fbibpnbjox.jpg,fake,real,46.28
fbibslklnz.jpg,fake,fake,44.64
fbibtubooo.jpg,fake,real,46.46
fbifigmjzk.jpg,fake,real,49.44
fbjdjgthyh.jpg,fake,fake,19.22
fbjhccxgyk.jpg,fake,real,48.3
fbjnzbfwht.jpg,fake,fake,42.17
fbjooyptdx.jpg,fake,real,45.07
fbjrcftzrn.jpg,fake,real,44.05
fbkepsruif.jpg,fake,fake,23.64
fbkfmzjyey.jpg,fake,real,42.22
fbkmcokyez.jpg,fake,real,47.84
fbkrqpavor.jpg,fake,real,42.01
fbkwkupxuj.jpg,fake,real,44.75
fbkygfkzyc.jpg,fake,fake,41.21
fbkzwjcuxm.jpg,fake,fake,40.3
fblimgipds.jpg,fake,real,40.38
fblnmqspuk.jpg,fake,fake,18.64
fblpvqwcev.jpg,fake,fake,27.25
fblquxtnmf.jpg,fake,fake,21.03
fblueumsov.jpg,fake,fake,37.24
fblvemeaej.jpg,fake,real,47.15
fblyakialo.jpg,fake,real,37.74
fblzgeagoh.jpg,fake,fake,30.42
fbmgyohfba.jpg,fake,fake,15.73
fbmkxtuxdp.jpg,fake,fake,43.86
fbmvpgheih.jpg,fake,fake,32.32
fbnbxidkju.jpg,fake,fake,11.84
fbnenzaroc.jpg,fake,fake,22.17
fbnrgkqszs.jpg,fake,fake,22.1
fbnveezzal.jpg,fake,fake,34.68
fborahodiq.jpg,fake,real,46.6
fbowvghdfk.jpg,fake,fake,49.03
fboxwyhacn.jpg,fake,fake,21.06
fbpgbovvxj.jpg,fake,fake,47.66
fbplhwdvuy.jpg,fake,fake,17.83
fbpmpbqcxf.jpg,fake,real,49.38
fbpnwtilgt.jpg,fake,fake,25.88
fbpsnyylei.jpg,fake,real,39.15
fbpvuumpfi.jpg,fake,fake,44.63
fbqbkecquv.jpg,fake,fake,46.0
fbqfpbsukz.jpg,fake,fake,47.52
fbqjnnllgg.jpg,fake,real,36.39
fbqmpjccpr.jpg,fake,real,49.09
fbqnobjdip.jpg,fake,fake,31.71
fbqwjykwzq.jpg,fake,real,45.79
fbqwomdehr.jpg,fake,fake,22.4
fbrbvpcwms.jpg,fake,real,44.64
fbrhorisro.jpg,fake,real,38.19
fbrnfldzje.jpg,fake,fake,38.72
fbrnzgbdpp.jpg,fake,fake,33.85
fbrqjqnwza.jpg,fake,fake,45.64
fbrvapcfwg.jpg,fake,fake,45.13
fbsldmczss.jpg,fake,real,35.4
fbswlqshag.jpg,fake,fake,49.01
fbtesfdoym.jpg,fake,fake,20.02
fbtgrsrrjd.jpg,fake,real,42.24
fbtgsjghee.jpg,fake,fake,31.98
fbtrkpxuql.jpg,fake,fake,49.07
fbtskywfjv.jpg,fake,fake,41.36
fbuewievpd.jpg,fake,fake,44.73
fbujdvlmgh.jpg,fake,real,16.59
fbujpbnkys.jpg,fake,fake,45.44
fbutyqvklp.jpg,fake,real,45.11
fbvpggjebl.jpg,fake,real,37.14
fbvsoozixq.jpg,fake,fake,49.0
fbwamgqruq.jpg,fake,fake,41.49
fbwfpmbwin.jpg,fake,fake,48.28
fbwmqvjttx.jpg,fake,fake,46.64
fbwmqzhghn.jpg,fake,real,35.05
fbxaamoucp.jpg,fake,fake,46.96
fbxgytacoa.jpg,fake,fake,34.12
fbxpssbrqp.jpg,fake,fake,49.61
fbxsmxkslz.jpg,fake,fake,46.42
fbxycbrpnd.jpg,fake,fake,37.4
fbxzlwejjw.jpg,fake,real,48.21
fbybejwonv.jpg,fake,real,47.09
fbykdbonvn.jpg,fake,real,45.46
fbylaezydp.jpg,fake,real,45.44
fbyqfeausr.jpg,fake,fake,38.58
fbyvelgjbg.jpg,fake,fake,22.93
fbzamdxgjw.jpg,fake,fake,39.93
fbzaptcqjy.jpg,fake,fake,47.72
fbzclcxmxh.jpg,fake,real,45.83
fbznxvewma.jpg,fake,fake,44.27
fbzpezjuac.jpg,fake,real,49.69
fbzvbtnwuo.jpg,fake,fake,46.65
fbzvnwpxfg.jpg,fake,fake,46.97
fbzyimzylr.jpg,fake,fake,26.26
fcaadsjjdt.jpg,fake,fake,33.81
fcacovhtqc.jpg,fake,fake,43.87
fcagoxvfam.jpg,fake,real,44.13
fcaigwoatg.jpg,fake,real,49.08
fcaolwaaly.jpg,fake,fake,21.95
fcawschzhs.jpg,fake,real,45.69
fcbcugpyqb.jpg,fake,fake,26.23
fcbgbioqqc.jpg,fake,fake,47.9
fcbgvoyrrr.jpg,fake,fake,16.35
fcbrsmceku.jpg,fake,real,31.02
fcbwiaddld.jpg,fake,fake,49.62
fcbyocpvdq.jpg,fake,fake,20.25
fcbzbbywul.jpg,fake,fake,46.15
fccfjczqgy.jpg,fake,fake,48.17
fccjcpxyew.jpg,fake,fake,42.61
fcckanhaqo.jpg,fake,fake,33.93
fccofumcjd.jpg,fake,fake,28.38
fcczfousea.jpg,fake,fake,34.69
fcdbfpikjx.jpg,fake,real,45.67
fcdocjxnug.jpg,fake,fake,45.99
fcdocliqlm.jpg,fake,fake,31.73
fcdrjqqxyt.jpg,fake,real,42.35
fcduluogax.jpg,fake,fake,45.58
fcduuskckq.jpg,fake,fake,21.38
fcdwmtqhzb.jpg,fake,fake,13.85
fceaefbruz.jpg,fake,real,40.49
fcefhlbnwe.jpg,fake,fake,37.39
fceobmlgdo.jpg,fake,real,48.33
fceptuklfo.jpg,fake,real,43.24
fcevnejpix.jpg,fake,fake,27.95
fcfeysnrax.jpg,fake,fake,19.47
fcfxpmvpoq.jpg,fake,real,47.48
fcfzruaoum.jpg,fake,real,44.03
fcgdrvwpgy.jpg,fake,fake,45.8
fcgqfebndj.jpg,fake,real,31.37
fcgttspyiy.jpg,fake,fake,47.35
fcgyfjftdx.jpg,fake,fake,19.27
fcgyywhfwn.jpg,fake,real,42.49
fcgzegqfhu.jpg,fake,real,43.74
fchfxbjlmu.jpg,fake,real,49.23
fchhwtwkve.jpg,fake,fake,23.45
fchipwcorl.jpg,fake,fake,46.99
fchjvswlgv.jpg,fake,fake,45.46
fchlrzdlwd.jpg,fake,real,22.4
fchswmskuw.jpg,fake,fake,24.63
fchulhsiot.jpg,fake,fake,36.58
fcilbpaazn.jpg,fake,fake,44.18
fciyutvfpy.jpg,fake,fake,43.66
fcjcpqsqdl.jpg,fake,fake,39.16
fcjehpxwlo.jpg,fake,real,48.28
fcjepqgfts.jpg,fake,real,35.46
fcjgetycim.jpg,fake,fake,43.02
fcjrqmqheq.jpg,fake,fake,43.11
fcjujaxmot.jpg,fake,fake,47.87
fckedzldka.jpg,fake,real,46.71
fckfmeondr.jpg,fake,fake,38.11
fckhrlmdps.jpg,fake,fake,29.83
fckxaqjbxk.jpg,fake,real,43.29
fckyqnljcw.jpg,fake,real,47.86
fclalhzuqn.jpg,fake,fake,20.12
fclarssgkh.jpg,fake,fake,15.92
fclbpdxgxz.jpg,fake,real,45.25
fcliwhvitf.jpg,fake,fake,47.57
fcljxxkszr.jpg,fake,fake,25.22
fclpgzvmly.jpg,fake,fake,45.31
fclzoebmof.jpg,fake,real,33.45
fcmdzspgeh.jpg,fake,fake,40.91
fcmedjqlgr.jpg,fake,real,47.07
fcmexsbxbl.jpg,fake,fake,46.53
fcmgqxpbqd.jpg,fake,real,24.83
fcmukpflxo.jpg,fake,real,41.49
fcmvdopkgg.jpg,fake,real,46.32
fcmymgffth.jpg,fake,fake,41.78
fcnfgrkpes.jpg,fake,real,44.66
fcnjtawqvj.jpg,fake,fake,47.22
fcnosnknhr.jpg,fake,real,48.67
fcnrttrfjd.jpg,fake,fake,44.25
fcnvslbvkp.jpg,fake,fake,45.12
fcobxpplyh.jpg,fake,fake,39.3
fcocsuznuz.jpg,fake,fake,33.15
fcoldanlue.jpg,fake,fake,19.9
fcoosmczka.jpg,fake,fake,42.34
fcoqyyvcti.jpg,fake,real,48.33
fcowmxflnx.jpg,fake,fake,47.49
fcpclqvwdg.jpg,fake,fake,39.85
fcpjjajbrs.jpg,fake,real,38.62
fcqfismapb.jpg,fake,real,37.35
fcqkakrkkt.jpg,fake,fake,41.94
fcqotwdluv.jpg,fake,real,22.68
fcraobpsak.jpg,fake,fake,41.31
fcrlgyekpl.jpg,fake,real,47.63
fcrtopoper.jpg,fake,fake,22.3
fcrwgettrv.jpg,fake,real,42.02
fcrxcdkkov.jpg,fake,fake,37.25
fcryjdfhxr.jpg,fake,fake,35.88
fcsepdmclv.jpg,fake,fake,35.72
fcsldkukwf.jpg,fake,fake,46.6
fcstaiungc.jpg,fake,fake,46.98
fctkybwdqr.jpg,fake,fake,18.81
fctplmadle.jpg,fake,fake,45.01
fctpzcfrmj.jpg,fake,fake,42.39
fctupjcqsd.jpg,fake,real,39.46
fctxslfxsw.jpg,fake,fake,44.86
fctxyczvjr.jpg,fake,fake,46.15
fctygtzbzq.jpg,fake,real,30.88
fctyywfhmh.jpg,fake,fake,44.09
fcubvqwhzp.jpg,fake,fake,27.14
fcukkebcyx.jpg,fake,fake,35.11
fcumybzljl.jpg,fake,real,49.03
fcussypxwn.jpg,fake,real,49.29
fcutdxywbw.jpg,fake,fake,47.92
fcvalghdjp.jpg,fake,real,45.31
fcvcuxtryi.jpg,fake,fake,33.02
fcvrahqypw.jpg,fake,real,30.48
fcwarehzgq.jpg,fake,fake,20.81
fcwbweeosj.jpg,fake,fake,38.55
fcwgjggqub.jpg,fake,fake,43.35
fcwisgaaro.jpg,fake,fake,49.29
fcwrhhfado.jpg,fake,real,44.2
fcwyjzxkmh.jpg,fake,real,40.97
fcwytrceol.jpg,fake,fake,6.78
fcxharlrvl.jpg,fake,fake,21.33
fcxvfkofed.jpg,fake,real,24.2
fcyedxtdbz.jpg,fake,fake,45.83
fcymzjbwrl.jpg,fake,real,33.65
fcyqqaxuig.jpg,fake,fake,47.78
fcytwslmhe.jpg,fake,fake,49.62
fczdtpcgmo.jpg,fake,fake,44.63
fczgcqffgg.jpg,fake,real,36.88
fczvffyrza.jpg,fake,fake,44.24
fczvlbhexk.jpg,fake,fake,20.94
fdaalnmkoa.jpg,fake,fake,22.94
fdabxzcain.jpg,fake,fake,43.3
fdaotijrwl.jpg,fake,fake,49.39
fdatpcccjf.jpg,fake,fake,26.5
fdazieinpw.jpg,fake,real,44.7
fdbctkufii.jpg,fake,fake,35.46
fdbmplikfr.jpg,fake,real,33.72
fdbmvivkyk.jpg,fake,fake,20.0
fdbuudgvxk.jpg,fake,real,41.36
fdcwmgxxed.jpg,fake,real,46.5
fdczuwyugc.jpg,fake,fake,24.15
fdddiyrnzi.jpg,fake,real,45.41
fddjyuntaw.jpg,fake,real,44.55
fddmkqjwsh.jpg,fake,real,36.44
fddrxswphy.jpg,fake,fake,42.6
fdegsncecf.jpg,fake,real,26.03
fdehcexxls.jpg,fake,real,47.33
fdetglsgfm.jpg,fake,real,21.68
fdezrogbya.jpg,fake,real,25.5
fdfcclojex.jpg,fake,real,29.95
fdfetybveh.jpg,fake,real,45.39
fdffsphdrs.jpg,fake,fake,46.87
fdfjurhwvi.jpg,fake,fake,47.19
fdfkccudyt.jpg,fake,fake,45.45
fdfkgybqpx.jpg,fake,real,40.77
fdfncdwcsp.jpg,fake,fake,44.02
fdfqdxxpkc.jpg,fake,fake,34.08
fdfsgjhzlc.jpg,fake,fake,12.56
fdfstbxbjh.jpg,fake,fake,38.67
fdfvdggoft.jpg,fake,real,22.37
fdgfkiwfqe.jpg,fake,real,43.32
fdgjxunkbg.jpg,fake,fake,22.91
fdgotycxcs.jpg,fake,fake,48.89
fdgyspoimg.jpg,fake,fake,24.05
fdhmvpdhmg.jpg,fake,fake,49.53
fdhorbtgca.jpg,fake,real,46.12
fdhqqrvhzl.jpg,fake,fake,39.24
fdibsyxhwu.jpg,fake,fake,36.41
fdicjoommm.jpg,fake,fake,42.46
fdiiiafqra.jpg,fake,real,49.68
fdirkafogc.jpg,fake,fake,41.73
fdisgqcvpz.jpg,fake,fake,42.55
fdiwpxbqcz.jpg,fake,real,38.45
fdjiqfnirg.jpg,fake,fake,42.24
fdjpuhkkln.jpg,fake,fake,44.26
fdkbgtnlbe.jpg,fake,fake,22.06
fdknmtrfjm.jpg,fake,real,34.83
fdktkvlziu.jpg,fake,fake,47.25
fdkvragrfd.jpg,fake,fake,49.36
fdkxiecbtm.jpg,fake,fake,35.83
fdkywoylxe.jpg,fake,real,33.29
fdlbdqhogg.jpg,fake,fake,48.77
fdlcvmsniy.jpg,fake,real,35.39
fdlgwivmdw.jpg,fake,real,47.18
fdlkxokcbp.jpg,fake,fake,47.38
fdlxbqbjxm.jpg,fake,fake,24.06
fdmfxcherk.jpg,fake,real,44.95
fdmkdahhwb.jpg,fake,real,43.85
fdmroaidaj.jpg,fake,fake,28.87
fdnhekmnpo.jpg,fake,fake,27.44
fdnjuwypav.jpg,fake,fake,46.08
fdnrhgictd.jpg,fake,real,34.56
fdoepayshg.jpg,fake,real,43.65
fdogmnyird.jpg,fake,real,42.7
fdojxrqymz.jpg,fake,real,46.79
fdooucyjuw.jpg,fake,fake,42.02
fdoxhvqlcu.jpg,fake,fake,40.08
fdpifawluk.jpg,fake,real,26.07
fdpkflecgj.jpg,fake,fake,37.54
fdpkzvpxwx.jpg,fake,fake,45.01
fdpmnucvqi.jpg,fake,fake,41.34
fdppujxagz.jpg,fake,fake,14.16
fdpwwnnysy.jpg,fake,fake,49.8
fdpwzxcfip.jpg,fake,fake,43.8
fdpylgdwgw.jpg,fake,fake,46.23
fdqafjiqtn.jpg,fake,real,46.12
fdqfqujbqh.jpg,fake,fake,21.02
fdqgmsavmb.jpg,fake,real,34.96
fdqimaerdp.jpg,fake,fake,48.17
fdqqzjrcqb.jpg,fake,fake,39.52
fdqufblmbe.jpg,fake,fake,48.42
fdqvegjsrd.jpg,fake,fake,49.25
fdqzjdfeca.jpg,fake,fake,35.94
fdrcqxzpmc.jpg,fake,fake,25.04
fdrdjuthgu.jpg,fake,real,49.6
fdrgvkzfmg.jpg,fake,fake,33.53
fdrizqnsqt.jpg,fake,fake,31.7
fdrkrjsmog.jpg,fake,real,47.16
fdroxpavml.jpg,fake,fake,28.17
fdsmdjjhrs.jpg,fake,fake,21.25
fdstzkwgrw.jpg,fake,fake,10.84
fdsvmrrfjd.jpg,fake,fake,43.28
fdszggpuih.jpg,fake,fake,49.96
fdueszucxw.jpg,fake,fake,46.59
fduexmmqer.jpg,fake,fake,44.03
fdugrxkvap.jpg,fake,real,17.08
fdumtjobph.jpg,fake,real,30.49
fduqoqqsuk.jpg,fake,fake,46.02
fdurwujpok.jpg,fake,fake,31.66
fduzwmyecl.jpg,fake,fake,44.49
fdvaeieddq.jpg,fake,fake,13.95
fdvcwbsuru.jpg,fake,real,47.47
fdvgiqipzx.jpg,fake,fake,21.42
fdwasprcjd.jpg,fake,fake,33.07
fdwghvaliw.jpg,fake,fake,46.28
fdwkvtbvxz.jpg,fake,real,42.71
fdwtuppdmr.jpg,fake,real,45.83
fdxeaxhnxh.jpg,fake,real,45.01
fdxnlcyvcl.jpg,fake,real,39.76
fdxogdfyjx.jpg,fake,fake,15.9
fdxszaqwde.jpg,fake,fake,36.23
fdxvlxsuxv.jpg,fake,real,37.38
fdygrcsbnx.jpg,fake,fake,19.22
fdyzixbbni.jpg,fake,fake,45.0
fdzbpqfcwl.jpg,fake,real,41.61
fdzgqqpqua.jpg,fake,fake,29.6
fdziwiuoer.jpg,fake,real,48.21
fdzpamgmee.jpg,fake,fake,14.13
fdzrcjpewd.jpg,fake,fake,29.77
fdzrqygbuc.jpg,fake,fake,47.67
feaqnlczwc.jpg,fake,fake,45.61
feaqorbkar.jpg,fake,fake,19.69
feayjwkppw.jpg,fake,fake,37.85
feazhvejib.jpg,fake,fake,40.61
febzvsibjn.jpg,fake,fake,46.26
fecaapkwdm.jpg,fake,fake,23.59
feccjjbhbf.jpg,fake,real,45.89
feclrivjqi.jpg,fake,fake,31.69
fecomunsht.jpg,fake,real,47.81
fecrkedono.jpg,fake,fake,37.62
feculiepto.jpg,fake,real,42.33
fedagjfkfa.jpg,fake,real,49.07
fedbbtejfu.jpg,fake,fake,48.79
fedcdqtboz.jpg,fake,real,44.01
fedenklvlr.jpg,fake,fake,48.2
fedgbjseqo.jpg,fake,real,43.05
fednyefrrm.jpg,fake,real,38.61
fedwunxqdb.jpg,fake,fake,30.59
feejfxvlfs.jpg,fake,fake,44.89
feelawyelb.jpg,fake,fake,49.48
feerhqvmfs.jpg,fake,real,44.6
feezgloowv.jpg,fake,fake,20.56
feezoheuju.jpg,fake,real,26.84
feezzruhzh.jpg,fake,fake,43.41
feffcgjgww.jpg,fake,fake,39.3
feftucmlwa.jpg,fake,fake,47.38
fefyerbfpi.jpg,fake,real,37.34
fefytxclbx.jpg,fake,fake,37.8
fefzhybovf.jpg,fake,fake,44.73
fegfqcpnlw.jpg,fake,real,46.21
fegsghuyhw.jpg,fake,fake,38.42
fegzxtygou.jpg,fake,fake,43.61
fehfopvrxj.jpg,fake,fake,43.46
fehsidvxnq.jpg,fake,real,46.28
fehvqagskg.jpg,fake,fake,35.13
fehyoxtiwl.jpg,fake,fake,19.46
feidnmwzqw.jpg,fake,real,36.76
feiiyklsup.jpg,fake,fake,39.56
fejacnpjzo.jpg,fake,fake,36.62
fejbmkfnpu.jpg,fake,fake,44.51
fejoztpznc.jpg,fake,fake,19.26
fekazhlpdr.jpg,fake,real,26.46
fekbyyzjxi.jpg,fake,fake,43.44
fekcdrwojq.jpg,fake,fake,48.71
fekdyrzfda.jpg,fake,fake,21.36
fekecdkzfx.jpg,fake,real,49.53
fekfqkxcmg.jpg,fake,fake,47.17
feklsyhydc.jpg,fake,fake,47.21
fektpafggz.jpg,fake,real,46.3
fekufemysq.jpg,fake,fake,35.63
felvphspwq.jpg,fake,real,24.48
felyhnwexr.jpg,fake,fake,47.45
felyqpstsc.jpg,fake,fake,24.12
femcbddhuq.jpg,fake,fake,32.86
femcomojjl.jpg,fake,fake,48.27
femsamhngx.jpg,fake,fake,34.22
femslxrqzs.jpg,fake,fake,32.68
femupkjzdk.jpg,fake,fake,46.04
fenlzanzsu.jpg,fake,real,45.77
fenqbpkwak.jpg,fake,fake,47.41
fenvutkjgf.jpg,fake,fake,45.4
feobxzcjml.jpg,fake,real,45.1
feocfndoxy.jpg,fake,fake,47.71
feotkojcfj.jpg,fake,real,49.52
feotzeicse.jpg,fake,fake,39.95
fepcaxmpzk.jpg,fake,fake,45.73
fepdwndilf.jpg,fake,fake,33.27
fepebtknzw.jpg,fake,fake,24.58
fepjgkpkva.jpg,fake,real,36.78
fepzrvdwje.jpg,fake,fake,46.91
feqerpjhzu.jpg,fake,real,41.65
feqioexjfh.jpg,fake,fake,20.22
feqkuzrsja.jpg,fake,fake,18.86
feqrqoxiwy.jpg,fake,fake,41.22
feqwbyzkht.jpg,fake,fake,47.26
feqzsacurr.jpg,fake,fake,39.98
ferahsccuy.jpg,fake,fake,30.64
fernwnthuy.jpg,fake,real,29.94
ferpvpdpqs.jpg,fake,real,42.29
fersuzuomu.jpg,fake,real,46.6
ferxzqugjl.jpg,fake,real,48.83
fesdfuymuj.jpg,fake,fake,43.87
fesdunrsvf.jpg,fake,fake,39.19
fesdxiprfd.jpg,fake,fake,46.66
feshilyojm.jpg,fake,fake,27.92
fespscbeum.jpg,fake,fake,48.97
fessafbqix.jpg,fake,fake,37.22
fetaleltae.jpg,fake,real,49.54
fetflabxwm.jpg,fake,real,39.55
fetgpaxuds.jpg,fake,real,45.82
fetqgkizdf.jpg,fake,fake,24.08
feuawxyxue.jpg,fake,fake,43.53
feufaateyo.jpg,fake,fake,38.35
feuocwugny.jpg,fake,real,41.3
feurfvmagm.jpg,fake,real,43.58
fevcorrrsa.jpg,fake,fake,49.51
feveknbdid.jpg,fake,real,39.06
fevfjccfdv.jpg,fake,fake,44.81
feviauguip.jpg,fake,real,43.1
fevurxrrgf.jpg,fake,real,43.78
fewcmpwboi.jpg,fake,fake,46.48
fewjjgfokg.jpg,fake,real,45.52
fewszivjon.jpg,fake,fake,20.32
fewtbzmmds.jpg,fake,fake,44.67
fewvptnlit.jpg,fake,fake,21.04
fexafazetd.jpg,fake,fake,48.69
fexnjmnpoe.jpg,fake,fake,23.9
fexocqurcj.jpg,fake,fake,42.74
fexpbwredb.jpg,fake,fake,32.53
feydlezwac.jpg,fake,real,23.36
feyilafcbb.jpg,fake,fake,46.7
feyoxrvpac.jpg,fake,fake,48.69
feywtwtfxr.jpg,fake,fake,27.49
fezasvqvsw.jpg,fake,fake,14.78
fezbpbvueh.jpg,fake,fake,34.42
fezdsrxjuz.jpg,fake,real,43.8
fezfsagvyo.jpg,fake,fake,40.66
fezlujuape.jpg,fake,fake,38.83
fezufqrfpe.jpg,fake,fake,39.28
fezxstjlma.jpg,fake,fake,37.78
ffadtqptvw.jpg,fake,real,39.87
ffahlazvmr.jpg,fake,fake,32.94
ffamowhlkw.jpg,fake,real,42.45
ffavdzrmll.jpg,fake,fake,40.64
ffbcwbelsp.jpg,fake,fake,31.44
ffbjvdsvto.jpg,fake,fake,47.49
ffblorryhi.jpg,fake,fake,43.82
ffbssqtpax.jpg,fake,fake,42.25
ffbyxpvsxl.jpg,fake,fake,45.74
ffcsioenoe.jpg,fake,fake,49.92
ffcxldacyr.jpg,fake,fake,34.42
ffczscfkkp.jpg,fake,fake,13.45
ffdbabjuix.jpg,fake,real,41.9
ffdgyalqxu.jpg,fake,fake,47.9
ffecukoyrm.jpg,fake,real,35.61
ffeletkydk.jpg,fake,real,37.77
ffeniwxbrt.jpg,fake,real,44.39
ffentyuxzw.jpg,fake,fake,30.41
ffeoprynzm.jpg,fake,fake,26.41
fferdgkhoh.jpg,fake,fake,38.31
ffesfxsctu.jpg,fake,fake,47.79
ffeteuoqbr.jpg,fake,fake,43.13
ffetooseic.jpg,fake,real,48.06
fffabxflxz.jpg,fake,fake,47.17
fffmstphjp.jpg,fake,fake,20.93
fffpfnlwbp.jpg,fake,fake,21.66
fffpksykni.jpg,fake,fake,49.56
fffpvrhlse.jpg,fake,real,35.24
ffgbsunyjw.jpg,fake,fake,19.93
ffgjubpsrv.jpg,fake,fake,35.1
ffhdgsvsmb.jpg,fake,fake,20.04
ffhmmkkmic.jpg,fake,real,32.38
ffhteustqc.jpg,fake,fake,43.79
ffhtgvhmzm.jpg,fake,real,45.13
ffhxffomjj.jpg,fake,real,31.47
ffhylwubca.jpg,fake,real,49.43
ffhzeodora.jpg,fake,fake,14.01
ffidvaqcfh.jpg,fake,fake,47.28
ffipepamkk.jpg,fake,real,34.25
ffjdqkgdns.jpg,fake,real,49.78
ffjfdttbzi.jpg,fake,fake,43.09
ffjrlcvmkg.jpg,fake,real,47.63
ffjxmnlppd.jpg,fake,real,47.73
ffjyigbvyj.jpg,fake,real,48.37
ffkaazomkg.jpg,fake,fake,49.82
ffkhritile.jpg,fake,real,48.06
fflhlodwnf.jpg,fake,fake,20.75
fflibjqolx.jpg,fake,real,42.66
ffliykeruq.jpg,fake,fake,26.15
fflogokxxw.jpg,fake,real,41.79
fflspkgjah.jpg,fake,fake,42.85
fflvxiuumu.jpg,fake,real,46.57
fflxzfsxzt.jpg,fake,fake,10.64
ffmlwfcddc.jpg,fake,fake,34.9
ffmpcikyaf.jpg,fake,fake,41.72
ffmtwqvngl.jpg,fake,fake,29.12
ffnaeknjds.jpg,fake,real,28.67
ffnalfhrkl.jpg,fake,fake,47.27
ffoawjvtvw.jpg,fake,fake,0.63
ffoiobfljf.jpg,fake,real,48.69
ffojvbklfn.jpg,fake,fake,38.37
ffotrmvefk.jpg,fake,fake,4.07
ffowqiihtn.jpg,fake,fake,49.74
ffowuinxte.jpg,fake,fake,43.18
ffpdrftlkq.jpg,fake,fake,42.08
ffpmxeaahd.jpg,fake,real,46.93
ffptftxttg.jpg,fake,real,42.42
ffpuiuntmp.jpg,fake,real,39.24
ffpwtqfazl.jpg,fake,fake,48.18
ffpxoabdgt.jpg,fake,real,28.69
ffqajwukgi.jpg,fake,fake,42.03
ffqawznfgz.jpg,fake,fake,43.58
ffqfbvsmkq.jpg,fake,fake,36.07
ffqgsmxvuq.jpg,fake,fake,46.31
ffqjujayjr.jpg,fake,real,31.85
ffqmsqrogh.jpg,fake,real,41.22
ffqmymuzyk.jpg,fake,real,48.19
ffqrjoxaxr.jpg,fake,fake,21.8
ffqtwsnbjy.jpg,fake,fake,22.34
ffqxkomedp.jpg,fake,fake,48.29
fftbwviyhe.jpg,fake,fake,41.67
fftdqxvpku.jpg,fake,real,40.08
fftfdezrnh.jpg,fake,fake,49.33
fftvnmijiv.jpg,fake,fake,23.09
fftvqwdmrl.jpg,fake,fake,40.71
ffuadtmics.jpg,fake,real,49.12
ffuegayswn.jpg,fake,real,36.12
ffuhlmaxue.jpg,fake,fake,19.2
ffulcrvbzg.jpg,fake,real,49.5
ffuniyofza.jpg,fake,real,42.85
ffurgacnqg.jpg,fake,real,44.76
ffvgdqjkjb.jpg,fake,real,49.2
ffvgzbyivt.jpg,fake,real,21.58
ffvoqimwmv.jpg,fake,fake,36.13
ffvqburvck.jpg,fake,fake,40.14
ffvwladfuh.jpg,fake,fake,33.65
ffvyaaolvh.jpg,fake,real,45.16
ffwpiwqnmf.jpg,fake,fake,20.01
ffwqdplgdo.jpg,fake,fake,15.96
ffwtqvpsmy.jpg,fake,fake,40.94
ffwtxjjwla.jpg,fake,fake,49.71
ffwwiszvdg.jpg,fake,fake,48.81
ffxanujlwz.jpg,fake,fake,43.83
ffxhjizxae.jpg,fake,real,27.9
ffxvbwbxbp.jpg,fake,fake,44.91
ffydzmwyqd.jpg,fake,fake,46.87
ffyecxkezb.jpg,fake,fake,44.68
ffygnvpvtv.jpg,fake,real,44.77
ffyybaoayj.jpg,fake,real,40.74
ffzcmxlwfs.jpg,fake,real,48.7
ffzcuzxqhz.jpg,fake,fake,39.48
ffztqatacr.jpg,fake,real,41.34
ffzuiawyzm.jpg,fake,real,45.26
fgaaxwisyh.jpg,fake,real,46.72
fgabcmasqg.jpg,fake,fake,41.44
fgacgxvlpw.jpg,fake,fake,14.31
fgahummvmc.jpg,fake,fake,36.81
fgaisnmcyb.jpg,fake,fake,22.97
fgakmywupb.jpg,fake,fake,21.21
fgaztzxuix.jpg,fake,real,19.8
fgbecskwle.jpg,fake,real,40.89
fgbopxbkam.jpg,fake,fake,40.38
fgbppgaruc.jpg,fake,fake,48.38
fgcazspzuy.jpg,fake,real,25.31
fgcplwjkwj.jpg,fake,real,49.99
fgcxvhaghq.jpg,fake,fake,41.05
fgdcrhhiuq.jpg,fake,fake,22.28
fgdiwobasc.jpg,fake,real,33.73
fgdixviiuv.jpg,fake,fake,38.95
fgdjprdake.jpg,fake,real,47.39
fgdpgztcaw.jpg,fake,fake,36.09
fgdriqscyw.jpg,fake,fake,36.19
fgdxafrqnv.jpg,fake,fake,45.55
fgdyrazuhe.jpg,fake,real,45.36
fgeepyrgsa.jpg,fake,fake,45.89
fgejwajwcw.jpg,fake,real,47.12
fgevjuicdf.jpg,fake,real,36.58
fgexjqzsti.jpg,fake,fake,21.48
fgffbvnvxp.jpg,fake,fake,44.43
fgfjzwtkcr.jpg,fake,fake,41.33
fgfvppjfqp.jpg,fake,fake,13.13
fggnisskhq.jpg,fake,fake,38.15
fggvitjdji.jpg,fake,real,40.64
fggvulrylm.jpg,fake,real,42.54
fggyeqctuq.jpg,fake,real,32.34
fghajiuvet.jpg,fake,real,44.16
fghsaovswi.jpg,fake,fake,49.91
fghxjmjfll.jpg,fake,real,41.22
fgicfmosym.jpg,fake,fake,31.78
fgidtzzkai.jpg,fake,fake,39.77
fgijnlhzhb.jpg,fake,fake,48.32
fgirrgiuzr.jpg,fake,real,32.2
fgjenewzsg.jpg,fake,fake,43.11
fgjrfoujnu.jpg,fake,fake,43.79
fgjrzfdagt.jpg,fake,fake,19.74
fgjvgzuqgs.jpg,fake,fake,4.53
fgkkhtjosp.jpg,fake,fake,45.78
fgliksrdtq.jpg,fake,fake,41.41
fglnopfcok.jpg,fake,real,37.14
fglrfaszey.jpg,fake,real,32.41
fgmdwcinnh.jpg,fake,real,40.51
fgmvhqzppo.jpg,fake,real,38.57
fgmvujbjhf.jpg,fake,fake,48.75
fgmxzkzxhr.jpg,fake,fake,41.45
fgnfghzzas.jpg,fake,fake,29.92
fgnmillpcj.jpg,fake,fake,39.11
fgnnpqhxrw.jpg,fake,fake,44.79
fgnofuaqga.jpg,fake,fake,40.17
fgnpzadtfr.jpg,fake,fake,45.54
fgnqqvtadb.jpg,fake,fake,21.46
fgnqrrlhkp.jpg,fake,fake,42.03
fgnzyumqrp.jpg,fake,fake,39.76
fgoarsegvt.jpg,fake,fake,49.81
fgoxamoelu.jpg,fake,fake,23.95
fgpcrccxqp.jpg,fake,real,48.9
fgpjczpejr.jpg,fake,real,36.2
fgpozagjpl.jpg,fake,fake,16.37
fgqmmehmev.jpg,fake,fake,47.47
fgqpfxmlir.jpg,fake,fake,45.1
fgrahniqqd.jpg,fake,real,49.75
fgrbojptfu.jpg,fake,fake,40.82
fgrfpbvrkv.jpg,fake,fake,30.39
fgrgyxhmzk.jpg,fake,real,48.98
fgrhwcmitk.jpg,fake,fake,20.93
fgrikchqsu.jpg,fake,fake,33.25
fgrnwqhoan.jpg,fake,fake,26.88
fgsjbkxyjk.jpg,fake,fake,41.81
fgsmxpynej.jpg,fake,real,47.01
fgsnybuaan.jpg,fake,real,39.44
fgsqfprawu.jpg,fake,real,35.95
fgstwpulgx.jpg,fake,fake,39.18
fgsulgqrgk.jpg,fake,real,42.23
fgsvnldzdx.jpg,fake,real,47.4
fgtdbexjtp.jpg,fake,fake,25.51
fgtggqkggf.jpg,fake,real,37.98
fgtlivalil.jpg,fake,real,37.36
fgtpeerbfc.jpg,fake,real,41.64
fgtpkjnclo.jpg,fake,fake,46.06
fgueschpvr.jpg,fake,real,25.65
fgukbdlwga.jpg,fake,fake,7.44
fgulametef.jpg,fake,fake,36.37
fgutlhwbua.jpg,fake,fake,48.61
fgvcymtolf.jpg,fake,fake,30.32
fgvfeubemr.jpg,fake,fake,43.79
fgvolxxsnq.jpg,fake,real,48.33
fgvrxztroo.jpg,fake,fake,19.3
fgwhvbmraa.jpg,fake,real,38.91
fgwnqpoakk.jpg,fake,real,36.69
fgwsgolela.jpg,fake,real,39.13
fgwujwtmcx.jpg,fake,real,10.87
fgwuliztyh.jpg,fake,fake,44.8
fgwvkypthm.jpg,fake,fake,48.49
fgwxkmbrfn.jpg,fake,fake,38.64
fgxifjoeab.jpg,fake,fake,49.04
fgxigrpxjt.jpg,fake,real,41.84
fgxiiptgcn.jpg,fake,real,45.4
fgxxqsfbcv.jpg,fake,fake,42.08
fgydlejwbw.jpg,fake,fake,37.92
fgyjsfkyid.jpg,fake,fake,44.6
fgynouuarj.jpg,fake,real,42.43
fgyohrsldo.jpg,fake,real,36.49
fgzmioqabq.jpg,fake,real,47.35
fhaacoinwb.jpg,fake,real,26.78
fhaadtewmf.jpg,fake,real,45.91
fhaejqkxto.jpg,fake,real,28.65
fhafkpfjwi.jpg,fake,fake,33.2
fhaiqjsxxr.jpg,fake,real,34.68
fhajwvmxlg.jpg,fake,fake,24.62
fhamtzmywi.jpg,fake,real,40.67
fhaupqvsnl.jpg,fake,fake,21.24
fhbajybgmi.jpg,fake,fake,49.81
fhblcnczdj.jpg,fake,real,49.07
fhbqnhqlwn.jpg,fake,fake,34.5
fhbslciqdm.jpg,fake,fake,20.97
fhcgufunfz.jpg,fake,fake,43.4
fhcicxjlyr.jpg,fake,fake,47.43
fhcmxyftgw.jpg,fake,fake,45.79
fhcncljvrv.jpg,fake,fake,27.94
fhcootmxdq.jpg,fake,fake,23.28
fhcrdaknpq.jpg,fake,real,49.77
fhcuwezfpy.jpg,fake,real,26.87
fhczoolmco.jpg,fake,fake,30.37
fhdgqukkso.jpg,fake,fake,49.66
fhdhluissq.jpg,fake,fake,46.92
fhdkuglmzo.jpg,fake,fake,44.57
fhdpasazzp.jpg,fake,fake,41.27
fhebochzzo.jpg,fake,fake,49.99
fhecllzeps.jpg,fake,fake,19.44
fheejoaovv.jpg,fake,real,42.65
fhefrzdhpj.jpg,fake,fake,45.78
fhefzlqiha.jpg,fake,real,47.52
fheoxoneeu.jpg,fake,fake,47.83
fhfcleoirs.jpg,fake,real,46.76
fhfifgkean.jpg,fake,fake,19.26
fhfunjspkf.jpg,fake,fake,24.97
fhggpjcxxp.jpg,fake,fake,32.22
fhghkgbnsh.jpg,fake,fake,25.02
fhgnmqzfca.jpg,fake,real,49.69
fhgrxmqqul.jpg,fake,fake,31.07
fhgyeiuvmg.jpg,fake,real,44.11
fhhbltcnyj.jpg,fake,real,48.23
fhhlzspwur.jpg,fake,fake,14.3
fhhnrpwkki.jpg,fake,fake,46.24
fhhortycpg.jpg,fake,fake,20.35
fhigdlcnhw.jpg,fake,real,43.21
fhigwcnxhr.jpg,fake,fake,28.9
fhijwlldwo.jpg,fake,fake,45.13
fhinmahqfi.jpg,fake,fake,47.85
fhjifxzzxt.jpg,fake,fake,41.44
fhkickwefi.jpg,fake,fake,36.96
fhknqsokhi.jpg,fake,real,47.02
fhldjotxko.jpg,fake,fake,42.27
fhlfuquyhr.jpg,fake,fake,41.48
fhlwgpcnqp.jpg,fake,fake,43.92
fhlxhkrpyt.jpg,fake,fake,43.67
fhlztdauvt.jpg,fake,real,49.06
fhmokzktal.jpg,fake,fake,17.34
fhmstcpajb.jpg,fake,fake,46.8
fhnmdognis.jpg,fake,real,46.89
fhnrjrrfab.jpg,fake,fake,23.47
fhntnyzoai.jpg,fake,fake,41.82
fhocwzeryw.jpg,fake,real,46.86
fhodnvppkz.jpg,fake,real,38.17
fhohurryun.jpg,fake,fake,34.06
fhojnkawkq.jpg,fake,fake,43.91
fhowmnvvge.jpg,fake,real,40.63
fhoxdkhopo.jpg,fake,fake,32.03
fhpjeivdvm.jpg,fake,fake,46.41
fhpqzqvruo.jpg,fake,real,44.27
fhpwdjbmow.jpg,fake,real,49.56
fhqiimesrc.jpg,fake,fake,48.42
fhqycspasd.jpg,fake,real,42.02
fhrjtrxpsv.jpg,fake,real,34.2
fhrlkfrofk.jpg,fake,fake,22.53
fhryafekve.jpg,fake,real,46.25
fhsdkuguju.jpg,fake,fake,33.56
fhsdyqtcja.jpg,fake,fake,48.51
fhsmosbesh.jpg,fake,real,46.56
fhsqiidxjf.jpg,fake,real,49.59
fhssdtkmjy.jpg,fake,real,46.65
fhsyriemev.jpg,fake,fake,20.52
fhsysgdpub.jpg,fake,real,38.71
fhtamkylht.jpg,fake,real,36.5
fhtcxgzjvr.jpg,fake,real,48.39
fhteiiigaz.jpg,fake,fake,26.39
fhtkoootlq.jpg,fake,real,46.63
fhtmnfeqft.jpg,fake,fake,37.21
fhtvrunsve.jpg,fake,fake,47.93
fhtzzfysws.jpg,fake,real,44.08
fhucacmmfg.jpg,fake,fake,43.12
fhufodtrbc.jpg,fake,fake,49.09
fhutckjulr.jpg,fake,fake,47.53
fhvaxbjqjw.jpg,fake,real,46.17
fhvdrjeeve.jpg,fake,real,41.21
fhvhfqrqhr.jpg,fake,real,33.43
fhvnuwsfdr.jpg,fake,fake,46.01
fhwgrarnid.jpg,fake,fake,32.82
fhwhkenywq.jpg,fake,fake,47.56
fhwujfakld.jpg,fake,real,48.86
fhxbkasmhh.jpg,fake,fake,26.78
fhxboeaqpj.jpg,fake,real,42.29
fhxfrtvpvh.jpg,fake,real,49.84
fhxnsnpbjl.jpg,fake,fake,46.21
fhxomiwsov.jpg,fake,real,36.22
fhxptowtss.jpg,fake,real,49.05
fhxxopxzni.jpg,fake,fake,41.98
fhyczuygmr.jpg,fake,real,46.45
fhygbxcuvm.jpg,fake,fake,42.41
fhyjokdowm.jpg,fake,fake,29.92
fhykpqmvhi.jpg,fake,fake,46.74
fhyllnfxfq.jpg,fake,fake,14.35
fhymxcvtyv.jpg,fake,fake,43.58
fhysmcypsf.jpg,fake,real,48.65
fhzegfdzpu.jpg,fake,real,43.01
fhznwvrkwz.jpg,fake,real,45.83
fhzpyswnqz.jpg,fake,fake,45.56
fhzqbegfpg.jpg,fake,real,39.15
fhzqmyagac.jpg,fake,fake,40.08
fhzrcxflmt.jpg,fake,fake,24.66
fhzxwyxlnl.jpg,fake,real,43.32
fiafgkdufg.jpg,fake,fake,38.7
fiajjhnckb.jpg,fake,fake,41.12
fiakreyjbg.jpg,fake,fake,49.9
fiaoioqikt.jpg,fake,fake,47.24
fiaqcebcjy.jpg,fake,real,43.26
fiavrtgzkk.jpg,fake,fake,37.48
fiayeurvwb.jpg,fake,fake,44.01
fibsfsivxr.jpg,fake,real,31.18
ficmlfzbul.jpg,fake,real,36.65
ficudqzpxc.jpg,fake,fake,20.94
ficywnedgy.jpg,fake,real,44.14
fidfazmovh.jpg,fake,fake,41.49
fidgumueec.jpg,fake,real,47.13
fidgzwismf.jpg,fake,fake,35.14
fiedmhtawp.jpg,fake,real,36.31
fiedwlcwyn.jpg,fake,fake,44.53
fieeljsghy.jpg,fake,fake,26.09
fiekqbztfe.jpg,fake,fake,24.03
fiencvqrps.jpg,fake,fake,48.37
fiepgbvlrb.jpg,fake,fake,49.66
fierqjpuef.jpg,fake,fake,26.79
fiesmfagyt.jpg,fake,fake,42.1
fiewcigwkv.jpg,fake,fake,47.57
fifiolrugh.jpg,fake,fake,48.24
fifnuzkjgg.jpg,fake,real,43.47
fiftvucvue.jpg,fake,fake,37.56
fifuixxokg.jpg,fake,real,48.36
figflgncsf.jpg,fake,fake,45.73
figfxyhild.jpg,fake,fake,34.1
figuqpbovb.jpg,fake,fake,43.14
figxvsdmsb.jpg,fake,real,40.53
figxxtupnw.jpg,fake,real,44.63
fihjohiaiz.jpg,fake,real,47.37
fihnnkimzz.jpg,fake,fake,32.82
fihvltkgzk.jpg,fake,real,49.5
fihylwnlms.jpg,fake,fake,41.0
fiiiybmtbm.jpg,fake,fake,24.1
fiijbfltwu.jpg,fake,fake,17.2
fiinousxrm.jpg,fake,fake,18.15
fiiqfocsvl.jpg,fake,fake,47.88
fiiwwzyefv.jpg,fake,real,28.05
fiiytbrbyp.jpg,fake,real,49.23
fijjvsbmlr.jpg,fake,real,49.0
fijlkwbugp.jpg,fake,real,44.76
fikdowhlpf.jpg,fake,fake,39.46
fikgknbjzv.jpg,fake,real,44.09
fikqucsnyv.jpg,fake,real,42.25
filaxhxfnu.jpg,fake,real,41.78
fileffkzou.jpg,fake,real,41.28
filipcuviz.jpg,fake,real,37.44
filtihcuha.jpg,fake,real,45.53
filtoyoekj.jpg,fake,real,48.98
filwepxjlv.jpg,fake,real,38.74
fimdeakoow.jpg,fake,fake,49.13
fimmookvqv.jpg,fake,real,49.55
fimociqhzk.jpg,fake,fake,16.24
fimwzpujhe.jpg,fake,fake,45.51
finbctuswt.jpg,fake,fake,33.95
findfddbfr.jpg,fake,fake,33.66
finhqimpzj.jpg,fake,real,49.62
finnjqnztr.jpg,fake,real,34.05
finwkpyfus.jpg,fake,fake,39.11
fiobdzvedn.jpg,fake,fake,25.0
fiobjlznms.jpg,fake,real,37.37
fiobpjuuzw.jpg,fake,fake,32.41
fiosbwtuyg.jpg,fake,fake,38.51
fiowpegcdv.jpg,fake,fake,30.35
fipjqrgwmm.jpg,fake,real,49.23
fipybppzlr.jpg,fake,fake,46.0
fiqgkrpvyr.jpg,fake,fake,42.16
fiqhctxfus.jpg,fake,real,36.9
fiqjmthegx.jpg,fake,fake,48.96
fiqsmzuggy.jpg,fake,fake,43.45
fiqvyucwzn.jpg,fake,fake,42.91
fiqzgirirh.jpg,fake,fake,39.31
fiqzxgsiow.jpg,fake,fake,47.73
firczmxodx.jpg,fake,fake,38.82
firkihyytz.jpg,fake,fake,32.87
firmqihsxd.jpg,fake,real,49.15
firovdoeuw.jpg,fake,real,7.87
firsgehlex.jpg,fake,fake,48.78
firvybweog.jpg,fake,fake,41.26
fisacwgrlp.jpg,fake,real,27.61
fisyxjvtre.jpg,fake,real,45.56
fitgoopjfu.jpg,fake,fake,33.53
fitkdqesny.jpg,fake,fake,46.73
fitnascevt.jpg,fake,fake,31.06
fitrowlltn.jpg,fake,real,39.96
fiuclusoxo.jpg,fake,real,42.15
fiudjyxouo.jpg,fake,fake,38.04
fiueppyyql.jpg,fake,fake,39.22
fiuiofecgh.jpg,fake,real,33.26
fiuqnaqgbm.jpg,fake,fake,47.88
fiuqxaanye.jpg,fake,fake,29.35
fiurqjrbkx.jpg,fake,fake,40.16
fiuuxnrkuz.jpg,fake,fake,39.52
fiuvyfekwq.jpg,fake,fake,35.33
fiuydkbyxu.jpg,fake,real,46.56
fivchgvchx.jpg,fake,fake,5.87
fivjzpjtfs.jpg,fake,real,41.62
fivlogttny.jpg,fake,fake,29.27
fivxypdofz.jpg,fake,fake,46.03
fiwdddcccw.jpg,fake,fake,49.8
fiwjgwsfkr.jpg,fake,fake,37.28
fiwxoxxqay.jpg,fake,fake,19.77
fiwyozbblu.jpg,fake,fake,43.86
fixatljgfz.jpg,fake,fake,44.02
fixdxyvzkx.jpg,fake,fake,34.21
fixeuqycrq.jpg,fake,fake,42.27
fixjrewibn.jpg,fake,fake,23.27
fixpligwzl.jpg,fake,real,33.32
fixqngooli.jpg,fake,fake,41.46
fixywcpkjr.jpg,fake,real,40.33
fiybjuhogl.jpg,fake,real,39.71
fiyhcmxjst.jpg,fake,real,46.44
fizfrdlxrd.jpg,fake,real,43.47
fizjpvkvsk.jpg,fake,fake,46.34
fizlfxkrsp.jpg,fake,fake,49.48
fiznpgcnxg.jpg,fake,real,44.05
fiztvpnszw.jpg,fake,fake,34.83
fjabrelevm.jpg,fake,real,44.29
fjafecudrk.jpg,fake,fake,49.04
fjafyicjlw.jpg,fake,fake,41.72
fjagaxlbpd.jpg,fake,fake,29.44
fjaifztfmv.jpg,fake,fake,29.21
fjammjljws.jpg,fake,fake,37.34
fjarqdvuea.jpg,fake,real,30.3
fjatdgwaux.jpg,fake,real,49.47
fjaxqoxlkt.jpg,fake,fake,45.82
fjbdczndhq.jpg,fake,fake,47.12
fjbfbanlyx.jpg,fake,real,49.97
fjbputqtrr.jpg,fake,real,46.6
fjbshkvnnd.jpg,fake,fake,45.97
fjcdvgffec.jpg,fake,real,20.16
fjckdlvxqn.jpg,fake,fake,23.66
fjcodkulop.jpg,fake,real,48.76
fjcoszukly.jpg,fake,real,38.58
fjcyoixqau.jpg,fake,fake,9.83
fjdbygjzfi.jpg,fake,fake,46.36
fjdgazeuqw.jpg,fake,fake,25.16
fjdiijzfsw.jpg,fake,fake,29.23
fjdkxakecv.jpg,fake,real,32.06
fjdsoxkkwo.jpg,fake,fake,31.04
fjdulbehpx.jpg,fake,fake,8.44
fjeapgsnsz.jpg,fake,fake,15.66
fjebxgfrls.jpg,fake,fake,41.03
fjecguljgd.jpg,fake,fake,35.64
fjehekjobc.jpg,fake,fake,40.95
fjejdkbdvo.jpg,fake,real,47.65
fjeondysmq.jpg,fake,fake,26.96
fjfbxkqlju.jpg,fake,fake,45.07
fjfchiabde.jpg,fake,fake,31.3
fjfhibljxu.jpg,fake,fake,43.75
fjfvsdxxkh.jpg,fake,real,48.63
fjgddxjqhb.jpg,fake,fake,49.48
fjgncibwbl.jpg,fake,real,47.31
fjgqkvmlyn.jpg,fake,fake,32.19
fjguqfldav.jpg,fake,fake,49.44
fjgxnqduai.jpg,fake,real,41.34
fjhappnjbd.jpg,fake,fake,40.01
fjhjtwijnb.jpg,fake,real,39.02
fjhlhoifdh.jpg,fake,real,49.0
fjifjlwazd.jpg,fake,fake,40.81
fjiokipniq.jpg,fake,fake,28.54
fjitaycehq.jpg,fake,fake,46.96
fjiykmlwqs.jpg,fake,fake,33.12
fjjjwcibmv.jpg,fake,real,46.18
fjjnuaejee.jpg,fake,fake,46.9
fjjubtwttp.jpg,fake,fake,47.92
fjjvhpfmuh.jpg,fake,fake,22.39
fjkbiwdyus.jpg,fake,fake,40.5
fjkfqlwhwe.jpg,fake,fake,44.5
fjkgcykspg.jpg,fake,fake,41.74
fjklrvzpic.jpg,fake,fake,38.54
fjkmfzajnx.jpg,fake,fake,27.64
fjkuwtmvin.jpg,fake,fake,43.62
fjlwkmkdfg.jpg,fake,fake,41.52
fjmbzlsdux.jpg,fake,fake,48.56
fjmnfblycb.jpg,fake,real,49.68
fjmrwoczej.jpg,fake,fake,48.58
fjmzotvgtt.jpg,fake,real,45.59
fjncnvgpad.jpg,fake,real,37.59
fjnetcxhnu.jpg,fake,fake,42.62
fjnhqjvhwm.jpg,fake,fake,43.97
fjnmmdglsh.jpg,fake,fake,46.77
fjnxgddurc.jpg,fake,real,47.09
fjocodmxee.jpg,fake,fake,49.21
fjoiggbvqt.jpg,fake,fake,46.66
fjooquxwsa.jpg,fake,fake,41.35
fjozlghihm.jpg,fake,fake,45.37
fjpoqomzvd.jpg,fake,fake,24.28
fjptcjjdve.jpg,fake,real,48.27
fjpxousjik.jpg,fake,real,30.42
fjqbcbyjtk.jpg,fake,fake,20.01
fjqcdvkbjc.jpg,fake,fake,44.09
fjqdnfkriu.jpg,fake,fake,22.42
fjqlxxnabb.jpg,fake,real,28.34
fjqmjlbmad.jpg,fake,fake,15.77
fjqtmpofjl.jpg,fake,fake,48.32
fjqzlccxlq.jpg,fake,real,40.46
fjrcjisybg.jpg,fake,fake,46.28
fjrcmhfpyz.jpg,fake,fake,40.55
fjrkojeyvu.jpg,fake,real,48.12
fjrleuhnha.jpg,fake,fake,16.89
fjrmptshrs.jpg,fake,fake,41.7
fjrovfpsmq.jpg,fake,fake,30.37
fjrueenjyp.jpg,fake,fake,33.87
fjsjxottge.jpg,fake,real,38.8
fjsuelxaqo.jpg,fake,real,34.08
fjszwtqjwj.jpg,fake,real,37.57
fjtbfmzrsn.jpg,fake,fake,36.6
fjteinuizg.jpg,fake,real,44.85
fjtpdlgjet.jpg,fake,real,44.54
fjtzbqmpcr.jpg,fake,fake,47.49
fjuatujczy.jpg,fake,real,49.86
fjuuookbpi.jpg,fake,fake,40.54
fjuuzlqhdb.jpg,fake,fake,20.75
fjuwritlvw.jpg,fake,real,38.86
fjxgxbwkfa.jpg,fake,real,48.93
fjxwwpcgcu.jpg,fake,fake,46.25
fjyegbtzcb.jpg,fake,real,46.17
fjyfpynkta.jpg,fake,fake,34.03
fjyqdlthcg.jpg,fake,real,45.34
fjzbfexbjr.jpg,fake,fake,23.49
fjzubtympu.jpg,fake,fake,39.62
fjzxgznzti.jpg,fake,real,33.5
fjzxygdweh.jpg,fake,fake,19.65
fkaesoakje.jpg,fake,real,20.85
fkafbuieux.jpg,fake,fake,48.79
fkalwfarxz.jpg,fake,real,39.46
fkanprepej.jpg,fake,real,42.69
fkazlahbrz.jpg,fake,real,49.86
fkbeddwmpx.jpg,fake,fake,28.13
fkberdxeqy.jpg,fake,fake,38.55
fkbloovrix.jpg,fake,fake,21.26
fkbrpnuxyl.jpg,fake,real,46.85
fkbtgogfko.jpg,fake,fake,38.44
fkcfxwkqpo.jpg,fake,fake,44.23
fkciyccmiy.jpg,fake,fake,43.37
fkcrjzxukk.jpg,fake,fake,1.97
fkcvweykwa.jpg,fake,fake,41.58
fkdaybrfed.jpg,fake,fake,44.89
fkdfmcfqqw.jpg,fake,fake,42.59
fkdghyvcvc.jpg,fake,real,47.2
fkdmipkufb.jpg,fake,fake,50.0
fkdqwmkhrr.jpg,fake,fake,25.99
fkdwhlkzqo.jpg,fake,fake,48.51
fkdzdzmguj.jpg,fake,fake,45.99
fkeawkcnbx.jpg,fake,fake,38.37
fkeccxaeit.jpg,fake,fake,32.04
fkedzsjnll.jpg,fake,real,47.23
fkeictfhfp.jpg,fake,real,49.78
fkessgvekm.jpg,fake,fake,45.52
fkeyfhlhfu.jpg,fake,fake,48.3
fkezgemgyj.jpg,fake,fake,30.28
fkezygjoqi.jpg,fake,real,20.88
fkfbpxjsgk.jpg,fake,real,41.13
fkfkjujqjg.jpg,fake,fake,46.8
fkgbrpubep.jpg,fake,fake,11.28
fkgdbngipj.jpg,fake,fake,37.33
fkgheptmfg.jpg,fake,fake,22.39
fkgibqzujd.jpg,fake,real,42.29
fkgpuczwkt.jpg,fake,fake,36.7
fkgsobxabp.jpg,fake,fake,21.05
fkhdiygyqf.jpg,fake,real,30.07
fkhfejtjpd.jpg,fake,fake,47.76
fkhlxtjenk.jpg,fake,real,47.79
fkhmutejpi.jpg,fake,real,46.23
fkhqdtprji.jpg,fake,real,35.66
fkianuhuko.jpg,fake,fake,19.19
fkiejjiydk.jpg,fake,fake,29.62
fkikwosmhx.jpg,fake,fake,46.92
fkipjvtayq.jpg,fake,fake,42.08
fkiuwyyzjt.jpg,fake,real,45.1
fkixyxxavp.jpg,fake,fake,48.8
fkiztawrtv.jpg,fake,fake,48.75
fkjiodygxa.jpg,fake,fake,40.56
fkkjsqywrq.jpg,fake,fake,49.44
fkkkfalzza.jpg,fake,real,45.36
fkkmxwjkxb.jpg,fake,fake,21.59
fkksbgaibl.jpg,fake,fake,21.03
fkkwlndxme.jpg,fake,real,49.3
fkkykgobzs.jpg,fake,fake,48.79
fklditvesf.jpg,fake,fake,25.77
fkleqilapg.jpg,fake,real,18.63
fklereoibg.jpg,fake,real,49.9
fklhvpdzpz.jpg,fake,fake,11.92
fklyibsgua.jpg,fake,fake,44.23
fkmiygeekr.jpg,fake,real,35.08
fkmjfvjqru.jpg,fake,fake,18.48
fkmlmkogkq.jpg,fake,real,46.1
fkmuvtuuhs.jpg,fake,real,45.03
fkmuwkagxl.jpg,fake,fake,49.04
fkmvxejhvf.jpg,fake,fake,40.72
fkmxqizsjr.jpg,fake,fake,44.04
fknafzvndp.jpg,fake,real,45.34
fknbxhdhna.jpg,fake,fake,18.45
fkneuizzgi.jpg,fake,real,40.51
fknfzuxfmy.jpg,fake,fake,48.77
fknhmjdimp.jpg,fake,real,37.21
fknkcobmix.jpg,fake,real,39.53
fknnakjgzg.jpg,fake,real,44.03
fknonbqgdm.jpg,fake,fake,30.91
fknrpthfcv.jpg,fake,fake,47.29
fkodkltttc.jpg,fake,fake,27.26
fkojclpsdn.jpg,fake,real,46.47
fkolrzqrge.jpg,fake,real,43.15
fkomzmoqzb.jpg,fake,fake,48.57
fkosrukqml.jpg,fake,fake,24.52
fkougtewkt.jpg,fake,real,42.64
fkpcwebkya.jpg,fake,fake,45.39
fkpjlgnzsm.jpg,fake,real,46.95
fkptjqeuhu.jpg,fake,fake,37.19
fkqkfpxdgv.jpg,fake,fake,34.95
fkqkixrhhn.jpg,fake,real,33.59
fkqlqzyjvb.jpg,fake,fake,34.54
fkqzkrmfto.jpg,fake,fake,47.68
fkqzwnytyl.jpg,fake,real,38.7
fkrmyvxocc.jpg,fake,real,40.04
fkrnlwqsmm.jpg,fake,real,43.46
fkrpswcbyj.jpg,fake,fake,20.89
fksgiigank.jpg,fake,real,47.8
fkssfkbrkp.jpg,fake,fake,43.0
fksuepmjfx.jpg,fake,fake,37.37
fksypzmavv.jpg,fake,fake,46.07
fktasshecy.jpg,fake,fake,35.04
fktdsqigxq.jpg,fake,real,29.8
fktidqvkou.jpg,fake,fake,44.53
fktxniwzxe.jpg,fake,fake,33.45
fktzmvlqpf.jpg,fake,fake,34.49
fkuaeezkvc.jpg,fake,real,42.5
fkuervobsc.jpg,fake,fake,41.03
fkujbfnief.jpg,fake,real,47.06
fkukyvanom.jpg,fake,real,41.1
fkuprjwxou.jpg,fake,fake,47.4
fkwadedwfe.jpg,fake,fake,37.86
fkwgnwgfkj.jpg,fake,fake,14.69
fkwkmhqqhu.jpg,fake,fake,21.58
fkwpvrnoda.jpg,fake,real,38.5
fkxemhhdyx.jpg,fake,fake,19.35
fkxgrokggj.jpg,fake,real,49.11
fkxomsatzv.jpg,fake,fake,9.11
fkxruylypw.jpg,fake,fake,30.1
fkycrmrcsr.jpg,fake,fake,43.18
fkytehbasw.jpg,fake,fake,22.16
fkywnulhhf.jpg,fake,real,37.95
fkyyquhoge.jpg,fake,fake,19.39
fkzbezsnid.jpg,fake,fake,48.4
fkzggoiekp.jpg,fake,fake,34.39
fkzmdpmcbc.jpg,fake,real,44.04
flafkjfgik.jpg,fake,fake,35.38
flaiajndsl.jpg,fake,fake,37.12
flammdszzo.jpg,fake,real,47.41
flanwtvuul.jpg,fake,fake,45.17
flawetuacb.jpg,fake,real,18.22
flbcqpdqae.jpg,fake,fake,44.36
flbgxrzowr.jpg,fake,fake,49.07
flbrdxytmn.jpg,fake,real,35.62
flbxvsolki.jpg,fake,fake,21.61
flcanezyoy.jpg,fake,real,47.38
flcayajedj.jpg,fake,fake,15.13
flchnybldg.jpg,fake,fake,36.09
fldqgrwguz.jpg,fake,real,47.9
flehurzpbi.jpg,fake,real,49.04
flekxcxqcz.jpg,fake,fake,47.54
flelrnmyyb.jpg,fake,real,41.75
flelyuqpxl.jpg,fake,fake,24.91
flewnfmwqy.jpg,fake,real,46.2
flfclkknni.jpg,fake,fake,21.07
flfdxtiiku.jpg,fake,real,43.23
flfrcaoluu.jpg,fake,real,46.92
flfzeqkhnk.jpg,fake,fake,47.25
flgayhvdok.jpg,fake,fake,26.57
flgdpgiuyo.jpg,fake,real,49.59
flgeyrvktn.jpg,fake,real,25.03
flghpxtrvv.jpg,fake,fake,47.47
flgvkdijui.jpg,fake,real,21.52
flgztszejx.jpg,fake,fake,34.86
flhamanjdh.jpg,fake,fake,32.92
flhbuwzapo.jpg,fake,real,45.05
flhdsqdkib.jpg,fake,real,46.3
flhgpumdbh.jpg,fake,real,46.29
flhsohvnzx.jpg,fake,real,49.49
flhvxcuoux.jpg,fake,real,33.39
flhzurjzwa.jpg,fake,fake,40.98
flidcqnxoa.jpg,fake,fake,48.89
flilazlokf.jpg,fake,real,47.33
flimtbdsoo.jpg,fake,fake,37.77
flinzslzrw.jpg,fake,fake,47.42
flisgstglb.jpg,fake,fake,45.77
flizrnhjsh.jpg,fake,real,48.84
fljjrisqoy.jpg,fake,fake,39.28
fljlpfzbrx.jpg,fake,fake,46.66
fljsyrnaev.jpg,fake,fake,28.07
fljtrmcohq.jpg,fake,fake,49.04
fljxgxnpku.jpg,fake,fake,32.45
fljyoqhgcp.jpg,fake,fake,41.66
flkbecxzej.jpg,fake,fake,22.68
flkcbvanpt.jpg,fake,fake,34.02
flkhxqidll.jpg,fake,fake,21.04
flkmdghpzy.jpg,fake,fake,36.8
flkrkykavq.jpg,fake,real,44.38
flkslbrgee.jpg,fake,fake,21.29
flktoxtmkm.jpg,fake,fake,49.38
flkyoehsyh.jpg,fake,real,33.66
flldsxhkvp.jpg,fake,fake,44.02
fllkhvqdtf.jpg,fake,fake,28.09
fllkzgyhka.jpg,fake,real,16.12
fllljbscbk.jpg,fake,fake,39.54
fllljvuqqa.jpg,fake,fake,39.97
fllrawwclt.jpg,fake,fake,28.38
flmaakudnr.jpg,fake,real,37.92
flmcckqccv.jpg,fake,fake,44.0
flmdswijrq.jpg,fake,real,48.56
flmewpbxmc.jpg,fake,fake,45.8
flmlfkhdxa.jpg,fake,fake,17.26
flmtzaicyi.jpg,fake,fake,22.62
flmvfafkgu.jpg,fake,fake,45.55
flmzohztyr.jpg,fake,real,48.05
flndbxfdta.jpg,fake,real,17.26
flnhfqfhsk.jpg,fake,real,49.73
flnpuftppy.jpg,fake,real,43.4
flnyajzhsn.jpg,fake,fake,22.55
flnyxtghwk.jpg,fake,fake,31.32
flnzivmbsg.jpg,fake,real,38.45
floigrrodm.jpg,fake,real,40.37
floopyyydb.jpg,fake,fake,37.11
floukjwtsj.jpg,fake,fake,47.75
floxovbpvo.jpg,fake,fake,45.06
flplwlvpqh.jpg,fake,fake,45.88
flptzlzjov.jpg,fake,fake,48.73
flpyarefbo.jpg,fake,real,48.09
flqeiqdoza.jpg,fake,real,22.79
flqpovrciu.jpg,fake,real,44.48
flqrcolcyv.jpg,fake,fake,40.31
flqsssfnvp.jpg,fake,fake,47.59
flqthiodqa.jpg,fake,fake,46.47
flqwmxveir.jpg,fake,fake,44.94
flqzqhgfiy.jpg,fake,fake,37.26
flreajpcaa.jpg,fake,real,49.32
flrrarosuj.jpg,fake,fake,44.19
flrrvkkxxf.jpg,fake,fake,44.19
flrucvbppu.jpg,fake,fake,21.29
flsaluyvws.jpg,fake,fake,34.16
flshczqpvt.jpg,fake,fake,26.8
flsishllsn.jpg,fake,fake,22.64
flsjziutgl.jpg,fake,fake,38.42
flsomjtymw.jpg,fake,real,40.1
flsrhzzazq.jpg,fake,real,45.88
fltabnehuo.jpg,fake,fake,44.15
fltaubcdoo.jpg,fake,real,47.8
fltdzcggwj.jpg,fake,fake,40.78
fltimsxlfq.jpg,fake,fake,41.69
fluhrncpuv.jpg,fake,real,31.84
flumifdoxb.jpg,fake,fake,23.72
flupgzcotk.jpg,fake,fake,47.25
flvarrfpdw.jpg,fake,fake,44.14
flvbxmtoml.jpg,fake,real,29.32
flvclhndvy.jpg,fake,fake,16.45
flvggpxyxa.jpg,fake,fake,49.67
flvntcpujg.jpg,fake,fake,2.7
flvpxpofbf.jpg,fake,fake,31.98
flwelakahc.jpg,fake,fake,26.04
flwkpdnhna.jpg,fake,fake,47.1
flwmfioqdz.jpg,fake,fake,45.41
flwszzinwf.jpg,fake,fake,41.87
flwwerunhc.jpg,fake,fake,28.21
flwyxwkbut.jpg,fake,fake,45.09
flxhyvalil.jpg,fake,fake,42.82
flxnqxxpku.jpg,fake,fake,26.93
flxuyzbglj.jpg,fake,fake,28.07
flyapytwzl.jpg,fake,real,44.31
flycpukhem.jpg,fake,real,30.17
flyfushrwr.jpg,fake,real,46.2
flyiuycbzk.jpg,fake,real,48.34
flymwrrjzm.jpg,fake,real,47.16
flzflmkcyj.jpg,fake,real,48.26
flzljstmnt.jpg,fake,fake,35.68
flzlyrexie.jpg,fake,fake,21.79
flznaipoft.jpg,fake,real,19.05
flzwoieezm.jpg,fake,fake,43.91
fmabovdbdw.jpg,fake,real,43.63
fmaprfsayl.jpg,fake,fake,46.75
fmauvgencv.jpg,fake,fake,33.96
fmbbkxntmr.jpg,fake,real,49.0
fmbbuabmed.jpg,fake,fake,45.19
fmbdffmife.jpg,fake,fake,44.24
fmbjulvbsy.jpg,fake,real,46.21
fmblegzmiu.jpg,fake,fake,49.5
fmbltvunyt.jpg,fake,real,37.32
fmbmlagoiq.jpg,fake,fake,43.06
fmbwltkgiw.jpg,fake,fake,48.38
fmbwvvqblt.jpg,fake,real,34.77
fmbzbsmhux.jpg,fake,fake,45.49
fmchohvhsr.jpg,fake,real,45.92
fmckabbhfv.jpg,fake,fake,35.97
fmclyipaog.jpg,fake,fake,28.33
fmcrhaisxl.jpg,fake,real,47.17
fmcuffkedk.jpg,fake,fake,39.01
fmcvyarlbm.jpg,fake,fake,35.72
fmcxagkyby.jpg,fake,real,46.58
fmcxhcdapk.jpg,fake,real,40.34
fmdhqnkvyo.jpg,fake,fake,33.26
fmdlqkvbhy.jpg,fake,fake,42.12
fmdmxnazhc.jpg,fake,fake,28.68
fmdzinswpj.jpg,fake,fake,29.64
fmdzjijatj.jpg,fake,real,46.95
fmeifvqtlt.jpg,fake,fake,31.3
fmelqkqitj.jpg,fake,fake,15.65
fmeptfderu.jpg,fake,fake,47.97
fmexhqiekb.jpg,fake,fake,31.79
fmfbfntqlt.jpg,fake,fake,47.73
fmfcgqfgtk.jpg,fake,fake,21.37
fmfhevvcpq.jpg,fake,real,46.38
fmfkqmafin.jpg,fake,real,36.62
fmfzjxbgrk.jpg,fake,real,7.9
fmgldnjfiy.jpg,fake,real,15.51
fmguyggvxv.jpg,fake,fake,41.71
fmhazobreq.jpg,fake,fake,38.19
fmhdgrbcwg.jpg,fake,real,48.18
fmhlsehffj.jpg,fake,fake,34.24
fmhpmqhyxu.jpg,fake,fake,20.3
fmhulqdldk.jpg,fake,fake,5.73
fmhvovidjv.jpg,fake,fake,20.05
fmihtgohid.jpg,fake,fake,44.96
fminppiauw.jpg,fake,fake,44.82
fmixyiojaq.jpg,fake,fake,26.95
fmjbmpdgyo.jpg,fake,real,45.17
fmjjymqsqv.jpg,fake,fake,49.4
fmjmfgynph.jpg,fake,fake,47.53
fmjocrmuqq.jpg,fake,fake,39.39
fmjtcrdfmm.jpg,fake,real,41.59
fmjwgaxonw.jpg,fake,fake,42.94
fmkbvsztfc.jpg,fake,fake,47.34
fmkgoxapzt.jpg,fake,real,43.41
fmkhuajvzv.jpg,fake,fake,28.9
fmklixparn.jpg,fake,fake,38.26
fmknozijfs.jpg,fake,fake,49.85
fmlrikvqcc.jpg,fake,real,34.26
fmlulwbxog.jpg,fake,real,48.8
fmlxlhepst.jpg,fake,real,42.61
fmmiwdulyz.jpg,fake,fake,23.47
fmmwrjbman.jpg,fake,fake,44.37
fmnfjlbsob.jpg,fake,fake,39.23
fmnhbcghcx.jpg,fake,fake,43.64
fmnkrgqkbh.jpg,fake,real,48.83
fmnlxoiiue.jpg,fake,fake,20.01
fmnpsjdxov.jpg,fake,fake,29.89
fmnzbwtjep.jpg,fake,real,23.39
fmoebkyejl.jpg,fake,fake,30.06
fmomtapqbp.jpg,fake,fake,48.77
fmorhnqepu.jpg,fake,real,35.19
fmosxaojqp.jpg,fake,fake,44.96
fmowoztmdg.jpg,fake,fake,40.22
fmoywdmssi.jpg,fake,fake,24.55
fmplybyyxg.jpg,fake,real,34.24
fmpppuvpjw.jpg,fake,real,46.62
fmqeetdhyv.jpg,fake,fake,46.44
fmqkezfpmb.jpg,fake,fake,33.32
fmqkvssmuh.jpg,fake,real,46.59
fmqmruhhmz.jpg,fake,real,37.72
fmquvnpfnw.jpg,fake,fake,21.4
fmrthqcprn.jpg,fake,real,45.37
fmryvphrtb.jpg,fake,fake,30.75
fmsbtnxulk.jpg,fake,real,40.8
fmsdqktnlz.jpg,fake,real,37.07
fmsgdzjzty.jpg,fake,fake,14.0
fmsscfpyla.jpg,fake,fake,38.25
fmstmvsghc.jpg,fake,real,24.58
fmteuebzfk.jpg,fake,real,40.28
fmtgjesjzx.jpg,fake,fake,45.94
fmtivxomgv.jpg,fake,real,45.34
fmtlbuuriy.jpg,fake,fake,48.39
fmtlgkmrfw.jpg,fake,real,47.1
fmukomcpfd.jpg,fake,real,49.75
fmuncwjpej.jpg,fake,fake,6.39
fmuvopvoif.jpg,fake,fake,37.65
fmvcabnbtz.jpg,fake,real,38.63
fmvdkhucsz.jpg,fake,fake,27.44
fmvoukfedu.jpg,fake,fake,49.99
fmvpyahacc.jpg,fake,real,47.04
fmvvmcbdrw.jpg,fake,real,27.51
fmvwfjjvgy.jpg,fake,fake,46.59
fmwegswtzj.jpg,fake,fake,47.47
fmwepphhxh.jpg,fake,fake,42.57
fmwgxwsydg.jpg,fake,fake,46.99
fmxesahfet.jpg,fake,fake,30.44
fmxhsxokpq.jpg,fake,fake,48.95
fmxkeawabv.jpg,fake,fake,21.75
fmyalalwjh.jpg,fake,fake,32.17
fmyisvlyyf.jpg,fake,real,46.21
fmyjgxeudl.jpg,fake,real,45.88
fmyueqgtar.jpg,fake,fake,44.93
fmywbrgrde.jpg,fake,fake,42.86
fmyzvdduwd.jpg,fake,real,27.7
fmzufgwlyj.jpg,fake,real,36.71
fnaamfbakz.jpg,fake,fake,36.78
fnabvqqhwq.jpg,fake,fake,23.32
fnaofvckvy.jpg,fake,real,49.79
fnapjgrqwt.jpg,fake,real,27.19
fnashzpuhh.jpg,fake,fake,47.1
fnatyslrgf.jpg,fake,fake,44.28
fnazspfnbs.jpg,fake,fake,35.05
fnbaeljuyt.jpg,fake,real,46.17
fnbjsxarfd.jpg,fake,fake,24.61
fnbkonffjh.jpg,fake,fake,39.66
fnbtldnhvk.jpg,fake,fake,43.32
fnbwfrgbam.jpg,fake,fake,47.27
fnbyoyzfvk.jpg,fake,fake,20.39
fncbcqsqof.jpg,fake,fake,22.93
fnccgwlapt.jpg,fake,real,43.03
fnccrsrchl.jpg,fake,real,49.63
fnchjaowdq.jpg,fake,real,10.77
fnchyvajny.jpg,fake,real,41.27
fncnobpzzx.jpg,fake,fake,26.46
fncqkxkuow.jpg,fake,fake,23.03
fncvzofotd.jpg,fake,fake,48.33
fncxxdmkfx.jpg,fake,fake,34.08
fndhlkfrcr.jpg,fake,fake,25.31
fndhoywbty.jpg,fake,real,39.74
fndqsgotxx.jpg,fake,fake,46.68
fndtctqlaj.jpg,fake,fake,23.55
fndwkidiyc.jpg,fake,fake,40.04
fndxnctihv.jpg,fake,fake,17.63
fnegaaozcp.jpg,fake,real,34.47
fnejwhwdee.jpg,fake,real,43.52
fnejwlvvsg.jpg,fake,real,40.83
fnfgazrfxe.jpg,fake,fake,22.64
fnfijljlly.jpg,fake,fake,26.64
fnfjxjfrtn.jpg,fake,fake,41.06
fnfrwdxyoy.jpg,fake,real,48.98
fnfrxtvkmg.jpg,fake,fake,36.85
fnftfqvvxe.jpg,fake,fake,37.67
fnfxwilegs.jpg,fake,fake,34.73
fnfzaiueia.jpg,fake,real,39.61
fngjzyzohx.jpg,fake,fake,23.14
fngpizitlu.jpg,fake,fake,41.4
fngppyjakg.jpg,fake,fake,13.76
fnhamwxrdt.jpg,fake,fake,40.86
fnhklprtus.jpg,fake,fake,45.63
fnhvmlysxv.jpg,fake,real,44.5
fnhyfjsnop.jpg,fake,real,45.02
fnifgsgxmb.jpg,fake,real,44.88
fnjfhetrwh.jpg,fake,real,24.5
fnjivgipmq.jpg,fake,fake,33.73
fnjmbozylf.jpg,fake,real,46.63
fnjmqjwpez.jpg,fake,fake,21.64
fnjnoeuqmn.jpg,fake,fake,38.8
fnjowdvyke.jpg,fake,real,28.0
fnjpujwyfp.jpg,fake,fake,44.13
fnjslfddlh.jpg,fake,real,49.49
fnklaaafpi.jpg,fake,fake,49.92
fnkmpmouas.jpg,fake,fake,30.13
fnkscusoao.jpg,fake,real,40.96
fnlejrhfgp.jpg,fake,fake,40.48
fnlepxxlip.jpg,fake,fake,48.74
fnlevpvyii.jpg,fake,real,27.14
fnlpdmjmta.jpg,fake,fake,47.64
fnlrcjaauq.jpg,fake,fake,36.4
fnlvikrytu.jpg,fake,real,43.19
fnlvpucikn.jpg,fake,fake,26.66
fnlyouwxau.jpg,fake,fake,48.79
fnlzgmvxwg.jpg,fake,real,45.29
fnmiqhvxqt.jpg,fake,fake,41.89
fnmtbntlyi.jpg,fake,fake,33.1
fnmxxderxt.jpg,fake,fake,41.65
fnmxxskuhk.jpg,fake,real,46.36
fnnahethgq.jpg,fake,fake,42.83
fnnajcwcvc.jpg,fake,fake,33.04
fnodhipplo.jpg,fake,real,39.89
fnoeqfxkth.jpg,fake,real,46.15
fnomsecrln.jpg,fake,fake,21.11
fnoujjkvnu.jpg,fake,fake,39.8
fnpbmfxslw.jpg,fake,real,9.39
fnpczerfna.jpg,fake,fake,31.56
fnpicpgrjj.jpg,fake,real,34.67
fnpqckskwh.jpg,fake,fake,32.52
fnprhpkkyw.jpg,fake,fake,42.37
fnqbsizwsv.jpg,fake,fake,49.15
fnqnxfjvdt.jpg,fake,fake,42.71
fnqonxkhpm.jpg,fake,fake,37.59
fnrfbyocre.jpg,fake,fake,35.11
fnrivllmnr.jpg,fake,fake,45.7
fnriyvznar.jpg,fake,fake,43.22
fnrznlracp.jpg,fake,fake,39.59
fnsfnsuqhi.jpg,fake,fake,46.24
fntaqkkvtu.jpg,fake,real,47.23
fntclsgbep.jpg,fake,fake,33.3
fntioxlffj.jpg,fake,fake,20.95
fntomcusok.jpg,fake,fake,38.57
fntrideeyb.jpg,fake,fake,39.65
fntzrlplbr.jpg,fake,fake,48.64
fnubnafvdu.jpg,fake,real,49.79
fnudsphmnk.jpg,fake,fake,47.15
fnuwioyupw.jpg,fake,fake,41.63
fnvpzsivsc.jpg,fake,real,49.9
fnvrpfpgzy.jpg,fake,fake,44.48
fnvtiaemmw.jpg,fake,real,46.02
fnvyoclbos.jpg,fake,fake,44.63
fnwadlstxu.jpg,fake,fake,34.6
fnwkskwmff.jpg,fake,fake,36.84
fnwnvvfymp.jpg,fake,real,36.98
fnwqxqecnm.jpg,fake,real,47.25
fnwtkyadab.jpg,fake,fake,22.54
fnwyrqcgip.jpg,fake,fake,44.01
fnwzluuksk.jpg,fake,fake,21.71
fnxgmlfqpc.jpg,fake,fake,42.2
fnxhrwzcmj.jpg,fake,fake,32.31
fnxinzjzfb.jpg,fake,fake,28.98
fnxlgapxgx.jpg,fake,fake,28.86
fnxtmuhkxt.jpg,fake,fake,41.14
fnyrvnfegv.jpg,fake,real,48.96
fnzcyxfbxj.jpg,fake,fake,30.63
fnzepfmqlb.jpg,fake,real,22.22
fnzevnxabe.jpg,fake,real,40.48
fnzexbbltq.jpg,fake,fake,26.11
fnzmlwhhdd.jpg,fake,real,43.25
fnzvphudej.jpg,fake,fake,29.32
foaccrhqhv.jpg,fake,real,44.68
foaqnaqvjz.jpg,fake,fake,27.45
foaszwqboi.jpg,fake,fake,21.12
foaybpqnrq.jpg,fake,fake,46.41
fobezgnkjj.jpg,fake,real,41.02
fobfcnhvhg.jpg,fake,real,49.38
fobjtzmehz.jpg,fake,fake,48.34
fobnkiglkm.jpg,fake,fake,43.7
fobuloidrt.jpg,fake,fake,17.96
fobxxpujgt.jpg,fake,fake,47.47
fodalblhcd.jpg,fake,real,42.04
fodeqpuzbv.jpg,fake,real,42.67
fodhjwybqm.jpg,fake,real,37.89
fodpdbzkpi.jpg,fake,fake,14.22
foehcvikeg.jpg,fake,real,46.23
foeozkvwii.jpg,fake,fake,49.47
foeqclgypj.jpg,fake,fake,44.06
foerxneyvu.jpg,fake,fake,49.94
foevravwbd.jpg,fake,fake,39.83
fofcdycshg.jpg,fake,real,43.6
fofqxuuryw.jpg,fake,real,45.4
foftbpkdev.jpg,fake,real,43.68
foftkffmwy.jpg,fake,real,49.09
fogcgggrxz.jpg,fake,fake,34.3
fogeedjzrv.jpg,fake,real,49.38
foggejxjea.jpg,fake,real,12.29
fogmyovwjt.jpg,fake,fake,47.97
fogumwdbqc.jpg,fake,real,46.95
fogzkcgwzv.jpg,fake,fake,48.24
fohesjrenj.jpg,fake,fake,45.79
fohgifymhw.jpg,fake,fake,44.21
fohnwahvbr.jpg,fake,fake,33.38
foiczxqruw.jpg,fake,fake,32.9
foifvnloxa.jpg,fake,real,41.98
foioktmbsk.jpg,fake,real,41.99
foityehgno.jpg,fake,fake,21.1
foiuifhdhs.jpg,fake,fake,20.89
fojbikmxjv.jpg,fake,real,48.25
fojmiqejht.jpg,fake,fake,45.4
fojncnzzrs.jpg,fake,fake,18.35
fojnvcjdaw.jpg,fake,fake,33.36
fojooiajqv.jpg,fake,fake,20.6
fojuchzjmb.jpg,fake,fake,41.87
fokniecgnk.jpg,fake,fake,19.11
foknrqirmu.jpg,fake,real,43.76
fokuimoqkh.jpg,fake,fake,30.27
foligrwxod.jpg,fake,fake,47.72
folildqyrn.jpg,fake,fake,35.06
folnravvyf.jpg,fake,real,31.2
folnwowegb.jpg,fake,real,19.42
folvmimysf.jpg,fake,real,36.95
folvmlxzwp.jpg,fake,fake,29.85
folxcvvtgq.jpg,fake,fake,49.38
folxzxcxvy.jpg,fake,fake,44.74
fomccdufil.jpg,fake,fake,46.97
fomfmkfbqv.jpg,fake,fake,20.49
fomgviyohz.jpg,fake,real,48.01
fomhmpfeki.jpg,fake,fake,31.08
fomibzjdbk.jpg,fake,real,44.24
fomvnxyrbn.jpg,fake,fake,45.19
fomwhtxjzi.jpg,fake,real,49.77
foncmjwcrn.jpg,fake,fake,46.47
fonfhgffun.jpg,fake,real,48.81
fonoxshdww.jpg,fake,fake,41.46
fonrexmbzz.jpg,fake,fake,36.51
fonsehhusi.jpg,fake,real,33.83
fonylxwxef.jpg,fake,fake,45.46
foohyhbmhe.jpg,fake,real,49.82
fophlxjwol.jpg,fake,fake,35.51
fopmdkqszn.jpg,fake,real,13.3
foptkvfuhs.jpg,fake,real,48.85
foptlvvakb.jpg,fake,fake,33.61
foqbbihjzc.jpg,fake,fake,29.84
foqfrkuztm.jpg,fake,fake,48.94
foqwmiwrdt.jpg,fake,fake,23.24
foqygpxnfq.jpg,fake,fake,45.36
forrseurea.jpg,fake,real,48.31
forysduuws.jpg,fake,fake,49.37
foscnvozob.jpg,fake,fake,48.2
fosovipqkg.jpg,fake,real,47.89
fosqibnubd.jpg,fake,real,39.84
fotdwuwgsq.jpg,fake,real,47.47
fotgmeorfp.jpg,fake,fake,21.68
fotqbosccv.jpg,fake,real,40.66
fotqmxytlc.jpg,fake,fake,32.33
fotvxamhxh.jpg,fake,fake,48.84
fotzbujcxy.jpg,fake,fake,23.45
fouajbowhz.jpg,fake,fake,21.28
fouottflrl.jpg,fake,fake,49.49
fovfjgkzml.jpg,fake,real,34.79
fovjiefdrf.jpg,fake,real,49.67
fovnnzstmd.jpg,fake,real,39.59
fowjmhkbeh.jpg,fake,fake,33.85
fowpmphaya.jpg,fake,real,20.05
fowsqtlwmo.jpg,fake,real,49.88
foxpjxasnv.jpg,fake,fake,47.9
foxwczjakn.jpg,fake,real,48.76
foxwqacjjw.jpg,fake,fake,47.54
foycsccyvb.jpg,fake,real,33.42
foydsyjzhp.jpg,fake,fake,49.66
foyhraedej.jpg,fake,fake,48.04
foymknprbl.jpg,fake,fake,20.77
foyskhgqdp.jpg,fake,fake,21.87
fozajwrjvs.jpg,fake,fake,43.64
fozjpxdehp.jpg,fake,real,37.43
fozqgvubje.jpg,fake,fake,46.38
fpafdiehsl.jpg,fake,fake,48.25
fpamtxbdvu.jpg,fake,real,20.79
fpapndwupg.jpg,fake,fake,31.65
fpawgawyqs.jpg,fake,fake,23.67
fpbcmfberh.jpg,fake,fake,12.99
fpbiwajwdo.jpg,fake,fake,16.7
fpbljvtjqf.jpg,fake,fake,44.87
fpcepeefho.jpg,fake,real,49.17
fpckfenbbw.jpg,fake,fake,32.43
fpczgzjodg.jpg,fake,real,38.27
fpdbfvcrqd.jpg,fake,real,41.34
fpdjahzghj.jpg,fake,fake,49.4
fpdlpbqjjs.jpg,fake,fake,46.49
fpdqbytvmk.jpg,fake,fake,29.14
fpegftnojt.jpg,fake,fake,40.37
fpeghxkepx.jpg,fake,fake,47.81
fpeiwavbvl.jpg,fake,fake,21.54
fpelumatcz.jpg,fake,fake,47.9
fpetccfbzb.jpg,fake,fake,27.79
fpeudmvcbu.jpg,fake,fake,29.75
fpfedexwil.jpg,fake,fake,35.81
fpfefuixuc.jpg,fake,real,42.96
fpfqjqyrum.jpg,fake,fake,15.97
fpgacmtdsi.jpg,fake,fake,39.94
fpgbqmqesb.jpg,fake,fake,33.97
fpgkfpevfj.jpg,fake,fake,46.84
fpgpjtbydy.jpg,fake,fake,18.36
fpgrwgojgm.jpg,fake,fake,35.21
fpgswkfxyp.jpg,fake,fake,16.12
fpgzavhexk.jpg,fake,fake,21.91
fphuzkxqit.jpg,fake,fake,41.45
fpigjwxsjw.jpg,fake,real,38.68
fpikfgbxdz.jpg,fake,fake,38.67
fpiowljlrq.jpg,fake,fake,15.78
fpiybwcszz.jpg,fake,fake,38.52
fpjczdegjy.jpg,fake,fake,47.01
fpjemqymbe.jpg,fake,fake,17.82
fpjnqkzewj.jpg,fake,fake,39.78
fpkbiiwpdu.jpg,fake,fake,48.49
fpkjadqsaf.jpg,fake,real,49.5
fpkmkpkhiy.jpg,fake,fake,49.31
fpkrkluigq.jpg,fake,real,48.49
fpksnudhhm.jpg,fake,real,43.1
fpliemtlco.jpg,fake,fake,44.97
fplilgkdcc.jpg,fake,real,49.59
fpljuwubiv.jpg,fake,real,42.12
fplkqksnhk.jpg,fake,real,46.35
fplloskddq.jpg,fake,real,49.59
fplpwwgmfq.jpg,fake,fake,17.14
fplziwbigq.jpg,fake,fake,26.2
fpmgiqaija.jpg,fake,real,43.78
fpmhkroqof.jpg,fake,fake,28.65
fpmpqbwmba.jpg,fake,real,49.86
fpmsgjyqwd.jpg,fake,real,45.48
fpmvwcxbfy.jpg,fake,real,46.59
fpnfwgeeuj.jpg,fake,fake,49.64
fpnkgqslzz.jpg,fake,real,45.67
fpnkzegrps.jpg,fake,fake,29.49
fpnpifwtok.jpg,fake,fake,46.44
fpnqkovisx.jpg,fake,fake,45.94
fpnrqskakv.jpg,fake,fake,22.11
fpoixaowgf.jpg,fake,fake,39.9
fposdoyraa.jpg,fake,real,34.47
fpoykttcqn.jpg,fake,fake,46.92
fpozzmbcol.jpg,fake,fake,42.2
fppeqvwevz.jpg,fake,fake,42.23
fppiaflmuq.jpg,fake,real,38.1
fppkprrydv.jpg,fake,real,6.83
fpplivvwri.jpg,fake,fake,30.29
fppmxmbxou.jpg,fake,fake,48.43
fpprngktoo.jpg,fake,fake,31.95
fppzwruckp.jpg,fake,fake,40.91
fpqjqoeeij.jpg,fake,real,34.45
fpqovzxuwc.jpg,fake,fake,44.13
fpqpaobnvf.jpg,fake,real,39.61
fpqqgjapqc.jpg,fake,fake,44.16
fpqxvycwoc.jpg,fake,real,48.32
fprgwxrvts.jpg,fake,fake,17.77
fprlzalyrz.jpg,fake,fake,16.23
fprnaorizo.jpg,fake,fake,34.03
fpscxiutxe.jpg,fake,real,45.24
fpshkzmddp.jpg,fake,fake,36.03
fpsiscyfyw.jpg,fake,fake,22.16
fpskkbpdxo.jpg,fake,fake,30.71
fpsrbiuoxh.jpg,fake,real,37.76
fptorfkyuz.jpg,fake,fake,24.3
fpttjztuay.jpg,fake,real,36.5
fptwrlwvyd.jpg,fake,real,47.16
fpuaeblskk.jpg,fake,real,45.56
fpucrrdnki.jpg,fake,real,44.08
fpucwtjbuy.jpg,fake,real,47.63
fpvijzphos.jpg,fake,real,39.84
fpvomrhkia.jpg,fake,real,40.13
fpvrmlddve.jpg,fake,fake,20.53
fpvurjklwt.jpg,fake,real,46.92
fpvxhcasse.jpg,fake,real,47.73
fpwgkerlun.jpg,fake,fake,16.32
fpwkaaaahk.jpg,fake,fake,48.45
fpwtdlbnte.jpg,fake,fake,25.13
fpwwutjtty.jpg,fake,fake,38.86
fpwxlhamap.jpg,fake,real,49.4
fpxaquvzgr.jpg,fake,fake,40.46
fpxdigsvwv.jpg,fake,fake,20.67
fpxeunxkfj.jpg,fake,real,48.06
fpxfndaaml.jpg,fake,fake,19.71
fpxnhbcoob.jpg,fake,fake,40.29
fpxoorpqkv.jpg,fake,real,44.26
fpxqlwbeib.jpg,fake,fake,37.22
fpyflralta.jpg,fake,real,44.11
fpywvyvuut.jpg,fake,real,48.63
fpyyllhcnf.jpg,fake,fake,47.59
fpzjippyki.jpg,fake,real,46.64
fpzlthygvg.jpg,fake,fake,40.41
fpzpgbugxm.jpg,fake,real,42.66
fqabcvxdtp.jpg,fake,real,43.31
fqadxvyblp.jpg,fake,fake,38.61
fqauipezfi.jpg,fake,fake,21.94
fqavpfgmua.jpg,fake,fake,36.84
fqawgxhhqh.jpg,fake,fake,49.2
fqbcwugwon.jpg,fake,real,49.57
fqbqsyubzm.jpg,fake,fake,5.19
fqbrybeztb.jpg,fake,real,43.79
fqbuthoeqg.jpg,fake,fake,30.26
fqbzpfodlz.jpg,fake,fake,41.63
fqcehiuynd.jpg,fake,real,35.16
fqcifwcdsv.jpg,fake,fake,33.59
fqcjzgcmey.jpg,fake,real,48.92
fqcowbvyjv.jpg,fake,fake,21.31
fqctevsjsm.jpg,fake,fake,26.74
fqdmxafkhq.jpg,fake,fake,47.69
fqdzaubvhs.jpg,fake,fake,48.55
fqecackmla.jpg,fake,fake,38.38
fqepjykfru.jpg,fake,real,47.49
fqetglngae.jpg,fake,fake,41.53
fqezvnpypl.jpg,fake,real,44.06
fqfdqnkssk.jpg,fake,real,42.24
fqfhwmtasl.jpg,fake,real,26.25
fqghtycztv.jpg,fake,fake,37.85
fqgkpaxdgj.jpg,fake,real,38.29
fqgoixfwxl.jpg,fake,fake,34.96
fqgpkjsdjx.jpg,fake,real,46.78
fqgrvqtutd.jpg,fake,fake,24.84
fqgtfcbyam.jpg,fake,real,49.09
fqgypsunzr.jpg,fake,fake,38.7
fqhbmravfr.jpg,fake,real,45.82
fqhdjrbivm.jpg,fake,real,40.88
fqhivmkvvu.jpg,fake,fake,43.86
fqhovztzbp.jpg,fake,fake,34.26
fqiatkiapa.jpg,fake,real,26.7
fqigzisvbj.jpg,fake,fake,48.23
fqjbeyxeph.jpg,fake,real,46.87
fqjcltzipj.jpg,fake,real,34.87
fqjicqoasu.jpg,fake,fake,48.65
fqjiyckgrj.jpg,fake,fake,43.36
fqjrreaffk.jpg,fake,fake,48.84
fqjrylvphp.jpg,fake,real,42.16
fqkagmnzxq.jpg,fake,fake,43.48
fqkbexvmce.jpg,fake,real,22.63
fqkmpojcsi.jpg,fake,fake,40.92
fqkqitsumc.jpg,fake,fake,18.05
fqkrsoeuvq.jpg,fake,fake,41.53
fqktrpqfto.jpg,fake,fake,44.39
fqlbrfbiyz.jpg,fake,fake,47.15
fqldcvddga.jpg,fake,real,44.02
fqldtuhspe.jpg,fake,fake,46.29
fqlkzgkpnx.jpg,fake,fake,44.05
fqlnrcaquj.jpg,fake,real,44.72
fqlvbvgdgn.jpg,fake,fake,48.42
fqmagqatec.jpg,fake,fake,41.14
fqmfvshgns.jpg,fake,fake,41.03
fqmvlxcxmr.jpg,fake,fake,45.76
fqmwhnpduz.jpg,fake,fake,39.46
fqntqmhfmo.jpg,fake,fake,24.66
fqodshqpzx.jpg,fake,fake,45.12
fqovtlzwkd.jpg,fake,fake,28.31
fqoykxbioc.jpg,fake,fake,27.01
fqpifvxwyx.jpg,fake,real,49.31
fqpkocazgv.jpg,fake,real,32.81
fqpmvwdxaw.jpg,fake,fake,28.19
fqqaoqbtpe.jpg,fake,fake,49.25
fqqngtbisq.jpg,fake,fake,48.91
fqqqmfvanh.jpg,fake,fake,44.71
fqqtlglsqp.jpg,fake,fake,40.79
fqreloltdd.jpg,fake,fake,47.87
fqruijjpfk.jpg,fake,fake,21.62
fqrzmuzvjl.jpg,fake,fake,46.16
fqsakjdayc.jpg,fake,fake,28.67
fqshrduofz.jpg,fake,fake,43.93
fqsymmbpna.jpg,fake,fake,34.48
fqtabogrwi.jpg,fake,real,47.47
fqtadktqxr.jpg,fake,fake,39.34
fqtcommobo.jpg,fake,fake,42.38
fqteplotsl.jpg,fake,fake,43.86
fqtmqiqhtr.jpg,fake,real,45.08
fqtpsfcmjr.jpg,fake,real,47.18
fqtytrgrwz.jpg,fake,fake,42.59
fqucuqkvid.jpg,fake,real,14.63
fquechyqjk.jpg,fake,fake,26.71
fqumxjnljo.jpg,fake,real,45.98
fquuxhgrkx.jpg,fake,fake,23.11
fqvoenhdod.jpg,fake,fake,41.6
fqwdkzlwvg.jpg,fake,real,47.26
fqwnbarpgv.jpg,fake,real,38.76
fqwplcsspu.jpg,fake,fake,49.52
fqwtjskrec.jpg,fake,fake,36.02
fqwtplcjfl.jpg,fake,fake,40.53
fqwzflygtt.jpg,fake,real,42.0
fqwzsygxmq.jpg,fake,fake,37.0
fqxkglialr.jpg,fake,fake,19.8
fqxlphzpsr.jpg,fake,fake,44.11
fqxpgflfpc.jpg,fake,fake,29.48
fqxvsftafp.jpg,fake,fake,39.09
fqyaunvagr.jpg,fake,fake,23.86
fqydrrndqc.jpg,fake,fake,18.78
fqyfkbiipw.jpg,fake,fake,39.85
fqyldrcuot.jpg,fake,real,31.29
fqywdzsfjk.jpg,fake,fake,28.6
fqzqnzzqwe.jpg,fake,real,31.44
fqzrykvrmo.jpg,fake,real,42.87
fragcvirlc.jpg,fake,fake,33.62
fragqhpdjo.jpg,fake,real,41.24
frakdhccek.jpg,fake,real,47.31
fralkdacto.jpg,fake,fake,38.72
frasadkwee.jpg,fake,fake,45.49
fraweqonht.jpg,fake,real,26.62
frbajvvbwe.jpg,fake,fake,22.84
frbnktgfor.jpg,fake,fake,46.94
frbpaxqayg.jpg,fake,real,47.14
frbvunhkmz.jpg,fake,fake,22.1
frcbgvuthg.jpg,fake,real,42.53
frcbosicyq.jpg,fake,fake,42.27
frcflhqjqw.jpg,fake,real,42.82
frcnojoyjq.jpg,fake,fake,47.35
frcplqrpgo.jpg,fake,real,47.14
frcsdlkxws.jpg,fake,fake,49.34
frcwiruhjs.jpg,fake,fake,31.81
frcwnwudln.jpg,fake,fake,18.63
frdfzynegz.jpg,fake,fake,19.3
frdhhppcpm.jpg,fake,real,39.42
frdpasyrom.jpg,fake,real,48.92
frdxmfdplx.jpg,fake,real,44.65
frekgugezt.jpg,fake,real,49.25
freqivezwh.jpg,fake,fake,35.84
frexrurafj.jpg,fake,fake,47.16
frfahhmjwh.jpg,fake,fake,43.94
frfjmachtj.jpg,fake,real,24.35
frfojrpxhl.jpg,fake,real,16.1
frfyygjcvv.jpg,fake,real,46.33
frgbhpkdyf.jpg,fake,real,47.7
frgcvppgzj.jpg,fake,real,49.67
frgdpgbfmh.jpg,fake,fake,37.14
frgejoibtz.jpg,fake,fake,44.0
frgqpotejh.jpg,fake,real,33.29
frhpqtmdjq.jpg,fake,real,45.41
frhrlmkbit.jpg,fake,fake,45.69
frhuxhpzvv.jpg,fake,fake,44.68
frhvxmjavk.jpg,fake,fake,29.81
frhxvdnwxj.jpg,fake,fake,40.6
frieewiioj.jpg,fake,real,46.28
fripkdcelh.jpg,fake,fake,26.38
frirdbhggm.jpg,fake,fake,27.6
frirfsdmoi.jpg,fake,fake,46.87
frjbrjdbmz.jpg,fake,fake,27.19
frkaigebav.jpg,fake,real,45.41
frkhhpwfjr.jpg,fake,fake,47.96
frklcckcqk.jpg,fake,fake,40.77
frkobdmxpr.jpg,fake,fake,21.01
frkptuaxpz.jpg,fake,real,46.62
frkscpjusi.jpg,fake,fake,31.37
frksxzccfm.jpg,fake,fake,20.99
frktsiyzpp.jpg,fake,fake,24.7
frlscamohf.jpg,fake,fake,43.71
frlsxhdntt.jpg,fake,fake,40.28
frluzuvywh.jpg,fake,fake,41.13
frlzzsjamb.jpg,fake,fake,46.99
frmfjousux.jpg,fake,real,28.88
frmgoftnkl.jpg,fake,fake,47.21
frmrtwfbmc.jpg,fake,real,40.75
frmzkdhkzw.jpg,fake,fake,48.78
frnegvplzk.jpg,fake,fake,39.7
frnfvrofek.jpg,fake,fake,26.37
frnjrzflhs.jpg,fake,fake,42.13
frnrfcdaub.jpg,fake,fake,40.46
frnypypslr.jpg,fake,real,41.66
fromclsodq.jpg,fake,fake,46.16
frompgpzhp.jpg,fake,fake,13.75
frotgcqrde.jpg,fake,fake,20.17
frousigghf.jpg,fake,fake,47.63
frovxkqksr.jpg,fake,real,49.07
frovyktnsd.jpg,fake,fake,24.59
frowxiaclv.jpg,fake,fake,42.55
frpemaftwx.jpg,fake,fake,17.46
frpexffkhf.jpg,fake,fake,40.48
frpkynwuus.jpg,fake,fake,49.4
frplqcissc.jpg,fake,real,47.08
frpmgxhppd.jpg,fake,fake,46.33
frprbewzjq.jpg,fake,fake,25.19
frqbuskapk.jpg,fake,fake,27.82
frqhofmoob.jpg,fake,fake,40.15
frqopoojws.jpg,fake,real,42.8
frqrlcfuno.jpg,fake,fake,40.93
frquqjldty.jpg,fake,fake,5.13
frrebqdqvj.jpg,fake,fake,34.85
frrhyudilh.jpg,fake,fake,46.28
frriqgcdcu.jpg,fake,fake,28.69
frrqtjofwm.jpg,fake,fake,42.4
frruapayul.jpg,fake,real,49.73
frrukoihvj.jpg,fake,real,49.84
frrxceukpd.jpg,fake,real,45.63
frsjawvaoq.jpg,fake,real,38.53
frsomiwlbf.jpg,fake,real,39.62
frsuharvbo.jpg,fake,real,22.54
frtgdbzcxw.jpg,fake,fake,46.85
frthyifvlh.jpg,fake,fake,46.25
frtktczcdf.jpg,fake,fake,47.03
frtokkkhku.jpg,fake,real,46.02
frugzwmsby.jpg,fake,fake,45.16
frulgtwydy.jpg,fake,fake,42.5
fruloxkpyy.jpg,fake,real,29.32
fruoaaefvp.jpg,fake,real,46.24
fruopjdxju.jpg,fake,fake,42.75
fruukszcjn.jpg,fake,real,42.84
frvdcftraa.jpg,fake,real,49.71
frvlugclaf.jpg,fake,fake,30.44
frvtnsalmk.jpg,fake,fake,39.28
frvtopklmu.jpg,fake,real,19.08
frwaglvrxo.jpg,fake,real,29.56
frwaupnxab.jpg,fake,real,49.29
frwbewtgds.jpg,fake,fake,36.19
frwgsmwayz.jpg,fake,fake,46.24
frwivvbysq.jpg,fake,fake,31.26
frwqozyjem.jpg,fake,real,47.53
frxceyfttc.jpg,fake,real,44.89
frxmydygsm.jpg,fake,fake,46.47
frxrlvhtig.jpg,fake,real,41.82
frycvmzrez.jpg,fake,real,38.78
frydbcippq.jpg,fake,real,41.07
fryipulczz.jpg,fake,fake,32.77
fryjurazkm.jpg,fake,fake,41.03
frykkgbxnp.jpg,fake,fake,28.4
fryskdgsfd.jpg,fake,fake,35.87
frzcjhetav.jpg,fake,fake,48.16
frzdxnidkr.jpg,fake,fake,15.09
frzdydxhkz.jpg,fake,fake,27.56
frzpbywpnx.jpg,fake,real,48.93
frzzwpzmqb.jpg,fake,fake,22.28
fsaakkrvdh.jpg,fake,fake,32.06
fsafpwxvpd.jpg,fake,fake,42.15
fsalrjsyzm.jpg,fake,fake,40.86
fsaoxxjdjd.jpg,fake,real,38.46
fsapcdzxcq.jpg,fake,fake,48.83
fsbabrxhqy.jpg,fake,fake,33.66
fsbdgbsgbj.jpg,fake,fake,39.56
fsbeqkcuul.jpg,fake,real,40.76
fsbevcmphh.jpg,fake,real,43.69
fsbgawqwgt.jpg,fake,fake,47.95
fsbjrmyfdv.jpg,fake,fake,21.91
fsbtznktag.jpg,fake,fake,21.32
fsbxvpalcp.jpg,fake,fake,24.43
fschxggrzu.jpg,fake,real,46.32
fscltsbhqm.jpg,fake,real,49.7
fscpqzivoj.jpg,fake,fake,43.67
fscscwadog.jpg,fake,real,33.29
fsdeyqdans.jpg,fake,fake,45.57
fsdgpysupr.jpg,fake,fake,17.09
fsdplhynds.jpg,fake,fake,47.54
fsdqterpek.jpg,fake,real,38.96
fsdvwurxul.jpg,fake,fake,35.69
fsdvzvkevg.jpg,fake,fake,42.03
fsdzaamgvj.jpg,fake,real,44.52
fsdzwjnxgo.jpg,fake,fake,34.71
fseopnryum.jpg,fake,real,49.1
fsepjiwjrt.jpg,fake,fake,49.98
fsfnueduvi.jpg,fake,fake,43.36
fsfqcetyyb.jpg,fake,real,46.31
fsggkbhuin.jpg,fake,real,34.26
fsgzgzpglb.jpg,fake,fake,47.4
fshjzdqdog.jpg,fake,fake,23.11
fshjzksghf.jpg,fake,fake,32.6
fshohylmpq.jpg,fake,fake,49.72
fshykjkois.jpg,fake,real,45.25
fshyuruqyd.jpg,fake,fake,41.78
fsisgbssxe.jpg,fake,fake,42.94
fsiunpwpqx.jpg,fake,real,49.51
fsizmovxoc.jpg,fake,fake,41.51
fsjccjuqwf.jpg,fake,real,42.51
fsjdegkzxn.jpg,fake,real,42.8
fsjldslmvv.jpg,fake,real,29.09
fsjlheqxbo.jpg,fake,fake,33.7
fsjmwhewmm.jpg,fake,fake,46.07
fsjobllsfc.jpg,fake,real,45.59
fsjtihxnza.jpg,fake,real,44.28
fsjwjzqsjg.jpg,fake,real,41.86
fsjxsewmig.jpg,fake,real,46.61
fsjzwubwic.jpg,fake,fake,49.05
fskesctxrw.jpg,fake,fake,26.75
fsknwfrczt.jpg,fake,fake,21.74
fsktkgbrkx.jpg,fake,fake,48.93
fsldzkimln.jpg,fake,fake,35.22
fslfwiqeau.jpg,fake,fake,45.51
fslolunawz.jpg,fake,real,7.05
fslpatvxqx.jpg,fake,real,47.3
fsludojvyq.jpg,fake,real,32.61
fslwjnzjfy.jpg,fake,fake,49.59
fsmmgnjhhi.jpg,fake,fake,43.61
fsmwlfevvp.jpg,fake,fake,43.63
fsnppkmcwm.jpg,fake,real,40.38
fsnstyxisv.jpg,fake,fake,22.32
fsnxhikrhl.jpg,fake,fake,17.26
fsoallmiov.jpg,fake,real,45.84
fsogcoukrw.jpg,fake,real,43.98
fsoicnmyke.jpg,fake,real,13.74
fsouqkhmkp.jpg,fake,real,45.29
fsowcwypwz.jpg,fake,real,45.05
fspoetivgb.jpg,fake,fake,43.26
fspqoeuomc.jpg,fake,fake,38.14
fspqzszoog.jpg,fake,fake,45.13
fsqagugbzm.jpg,fake,fake,32.82
fsqmcodtiu.jpg,fake,fake,21.69
fsqpfckyho.jpg,fake,fake,40.55
fsqrvwvnho.jpg,fake,fake,48.77
fsrbiisvsl.jpg,fake,fake,19.37
fsrqsqzzcv.jpg,fake,fake,21.2
fsrrqxkqob.jpg,fake,fake,21.76
fssfgtoucb.jpg,fake,real,44.95
fssgvipbhk.jpg,fake,fake,38.35
fssmgiceik.jpg,fake,fake,25.88
fssmndjcbn.jpg,fake,fake,43.9
fstcwyymfy.jpg,fake,real,43.03
fstiklyphm.jpg,fake,real,45.19
fstjulvkst.jpg,fake,fake,20.57
fstlhgszjq.jpg,fake,real,32.49
fstnndabuo.jpg,fake,real,47.34
fstyvjsqpm.jpg,fake,fake,22.37
fsubfwqlfb.jpg,fake,real,42.85
fsuetbnklu.jpg,fake,real,32.7
fsupcippjc.jpg,fake,fake,45.71
fsuuqoiuqk.jpg,fake,fake,47.63
fsuvsvtdmg.jpg,fake,real,46.03
fsveplitwe.jpg,fake,fake,9.42
fsvftwyvrk.jpg,fake,fake,45.94
fsvmxcelxe.jpg,fake,real,46.37
fsvnhagxec.jpg,fake,fake,48.67
fsvqzxyvxz.jpg,fake,fake,46.34
fswfiespcl.jpg,fake,fake,41.36
fswjeuiwks.jpg,fake,real,48.35
fsxedvalgi.jpg,fake,fake,44.28
fsxjpxakzo.jpg,fake,fake,39.29
fsxnypyfyh.jpg,fake,real,46.85
fsxqjdqbpw.jpg,fake,fake,41.58
fsxwkitotg.jpg,fake,fake,19.92
fsyvsdxagh.jpg,fake,real,45.87
fszkztzjyl.jpg,fake,real,47.41
fsznbbsqvl.jpg,fake,fake,38.49
fszvumhbji.jpg,fake,real,47.38
fszzvlkhcz.jpg,fake,fake,22.24
ftabdmxjkr.jpg,fake,real,34.51
ftaehmyacq.jpg,fake,fake,31.85
ftafdstxyu.jpg,fake,real,29.03
ftafvawnwv.jpg,fake,fake,37.84
ftaqnrjnrz.jpg,fake,real,43.1
ftbdfmekir.jpg,fake,fake,42.83
ftbopgfqsv.jpg,fake,fake,40.38
ftbsncpcok.jpg,fake,real,33.6
ftbzhsrrqu.jpg,fake,fake,28.34
ftcaryvrcq.jpg,fake,fake,44.69
ftcduclzsf.jpg,fake,real,39.11
ftcvwsykza.jpg,fake,real,47.51
ftddiwtuzv.jpg,fake,real,43.27
ftdeyptkxa.jpg,fake,real,45.02
ftdhdltxkx.jpg,fake,fake,43.18
ftejebdiac.jpg,fake,fake,45.98
fteqkjqeji.jpg,fake,real,43.86
ftetrossxz.jpg,fake,real,41.78
ftevfqdpmq.jpg,fake,fake,34.25
ftfiiokrpe.jpg,fake,fake,20.42
ftfiuxqnrq.jpg,fake,fake,17.18
ftfjpzqcrn.jpg,fake,real,34.97
ftfnypwddf.jpg,fake,real,49.0
ftfvgqdqxw.jpg,fake,fake,47.72
ftfvleofjx.jpg,fake,real,32.18
ftgfedcldy.jpg,fake,real,41.54
ftgufnqcvg.jpg,fake,real,10.37
ftgxeeihuv.jpg,fake,fake,44.25
fthbksnfqm.jpg,fake,fake,43.36
fthiiicbhl.jpg,fake,real,40.37
fthxjhxzyl.jpg,fake,fake,43.3
fthzcibwic.jpg,fake,real,42.36
fthzfgtnqy.jpg,fake,real,43.86
ftigwkkobr.jpg,fake,real,40.67
ftiubtjxdj.jpg,fake,fake,47.58
ftiwtpgobs.jpg,fake,fake,45.8
ftjbpmvcdq.jpg,fake,real,43.87
ftjgwgjdam.jpg,fake,fake,16.9
ftjhsfykor.jpg,fake,real,49.07
ftjknepqls.jpg,fake,fake,42.87
ftjnvrdurg.jpg,fake,fake,33.86
ftjqarnhtf.jpg,fake,real,45.54
ftkqtvfvvq.jpg,fake,real,46.92
ftkskvfeth.jpg,fake,real,29.56
ftkxdmaemk.jpg,fake,fake,28.5
ftlalxtaht.jpg,fake,fake,21.24
ftlatniuwx.jpg,fake,fake,24.79
ftlbjqrvag.jpg,fake,real,49.67
ftlfdigxjf.jpg,fake,real,38.86
ftlrcdcpjm.jpg,fake,fake,44.12
ftltvfacxy.jpg,fake,fake,48.12
ftlvczbdme.jpg,fake,real,38.06
ftlxdbinct.jpg,fake,fake,34.22
ftmcjwndiy.jpg,fake,fake,46.86
ftmdkroplr.jpg,fake,fake,23.95
ftmffafmbv.jpg,fake,real,48.0
ftmktfgvsd.jpg,fake,fake,47.26
ftmvnewzyw.jpg,fake,fake,44.18
ftmzruofrb.jpg,fake,fake,35.76
ftnadelrct.jpg,fake,real,45.84
ftnbjgcrdu.jpg,fake,real,48.06
ftnkmsrrqs.jpg,fake,fake,37.59
ftnmqzkxve.jpg,fake,fake,33.38
ftnpfcabka.jpg,fake,fake,45.54
ftnyqhpara.jpg,fake,real,29.61
ftoaxcbtgn.jpg,fake,fake,27.74
ftodljaoyq.jpg,fake,real,44.17
ftoecttrok.jpg,fake,fake,35.7
ftoflgzwen.jpg,fake,fake,13.16
ftomejyowz.jpg,fake,real,49.73
ftoqbarusn.jpg,fake,real,27.7
ftovfrgjon.jpg,fake,fake,22.25
ftowheytwl.jpg,fake,real,43.48
ftpadowrdf.jpg,fake,real,48.13
ftpdiarmjx.jpg,fake,fake,40.76
ftphtwzhkm.jpg,fake,fake,29.69
ftpmibhbec.jpg,fake,real,40.21
ftpppcihhj.jpg,fake,real,38.21
ftqbqyrxma.jpg,fake,fake,39.54
ftqcbdfevj.jpg,fake,fake,25.4
ftqeyugual.jpg,fake,fake,45.17
ftqgelzioh.jpg,fake,real,49.37
ftrdtiyvre.jpg,fake,real,38.79
ftrduerstj.jpg,fake,real,47.04
ftrjuxfinz.jpg,fake,fake,37.94
ftrlmthmgw.jpg,fake,fake,45.16
ftrmsaqods.jpg,fake,fake,47.24
ftrqdvnqxn.jpg,fake,fake,32.15
ftrrajufkv.jpg,fake,fake,17.74
ftrucvkebp.jpg,fake,real,45.28
ftrvqvielv.jpg,fake,real,35.09
ftrxdvzqhm.jpg,fake,fake,41.1
ftsarrwghx.jpg,fake,fake,34.7
ftsgwzxvcm.jpg,fake,fake,45.39
ftshdmikvn.jpg,fake,fake,46.63
ftsinjrjap.jpg,fake,fake,44.58
ftsojzoxtv.jpg,fake,fake,39.67
ftsuphblcw.jpg,fake,fake,42.82
ftsutcupto.jpg,fake,fake,37.22
fttesiqzki.jpg,fake,real,49.35
fttjepcvuy.jpg,fake,fake,25.37
fttngvxjpq.jpg,fake,real,48.11
ftuhvimneu.jpg,fake,fake,47.81
ftulgaascq.jpg,fake,fake,34.92
ftumoftfoa.jpg,fake,fake,30.15
ftusfcvkic.jpg,fake,fake,39.61
ftuuhmjvkm.jpg,fake,real,47.69
ftvhrutnur.jpg,fake,fake,43.32
ftvkmjuuhd.jpg,fake,real,47.96
ftvoqzhtdr.jpg,fake,real,41.65
ftwbzwydud.jpg,fake,fake,47.52
ftwhwusbct.jpg,fake,real,47.85
ftwkdcwsvc.jpg,fake,fake,48.35
ftwkncuvyx.jpg,fake,fake,43.8
ftwtfucugq.jpg,fake,fake,42.82
ftwvlcivib.jpg,fake,fake,44.31
ftxbuvmkzx.jpg,fake,fake,18.31
ftxiykiokf.jpg,fake,fake,31.52
ftxsafydra.jpg,fake,fake,44.39
ftxsiqlwtu.jpg,fake,fake,45.21
ftxtkaolsk.jpg,fake,fake,34.42
ftyclxgnbp.jpg,fake,real,37.55
ftyfkxsxux.jpg,fake,real,47.59
ftygrioyli.jpg,fake,real,49.04
ftypjcynnk.jpg,fake,real,47.05
ftysdaiuxo.jpg,fake,fake,35.01
ftyxisyzxr.jpg,fake,fake,38.52
ftzqxzwwur.jpg,fake,fake,45.03
ftzunbbopg.jpg,fake,fake,41.55
ftzwhmsoht.jpg,fake,real,44.53
fuaaqjtyao.jpg,fake,real,35.55
fuafqjlhnh.jpg,fake,fake,34.28
fuaiefbxdv.jpg,fake,fake,44.21
fuajmaivsx.jpg,fake,real,49.2
fuanewhvas.jpg,fake,real,42.64
fubgavgwzr.jpg,fake,fake,1.24
fubgtlfeeu.jpg,fake,real,32.38
fubkziydef.jpg,fake,fake,39.7
fubpaitfyi.jpg,fake,real,43.89
fubppvheag.jpg,fake,fake,46.91
fubvyuvals.jpg,fake,fake,32.57
fubxvizayl.jpg,fake,fake,35.44
fucmgfnrso.jpg,fake,fake,33.87
fucolxblxh.jpg,fake,fake,16.47
fucqsuxstj.jpg,fake,real,48.11
fucyuqalxk.jpg,fake,real,43.77
fudosbrkez.jpg,fake,fake,33.12
fudzlwacws.jpg,fake,fake,43.76
fuenwqfltz.jpg,fake,real,47.36
fuerdujnmm.jpg,fake,fake,24.98
fueuybjpqu.jpg,fake,fake,39.3
fueyzfuplo.jpg,fake,fake,25.99
fufahuzvqr.jpg,fake,real,36.86
fufoogofzn.jpg,fake,fake,14.38
fufvpovlre.jpg,fake,fake,21.28
fufyiqnsqe.jpg,fake,fake,48.4
fufyqqbepn.jpg,fake,fake,36.41
fugfrvucid.jpg,fake,fake,34.5
fugkmklkbx.jpg,fake,fake,35.58
fuguahashf.jpg,fake,real,46.08
fugwsyncsa.jpg,fake,real,47.78
fugzbjmcsc.jpg,fake,real,39.15
fuhmexegmf.jpg,fake,fake,21.76
fuiakztlie.jpg,fake,fake,39.94
fuicllzvcq.jpg,fake,fake,19.36
fuiglusbnl.jpg,fake,fake,44.41
fuihgnbntk.jpg,fake,real,39.4
fuiidnbyjj.jpg,fake,fake,42.84
fuilvipjlk.jpg,fake,fake,33.31
fuipgsxhml.jpg,fake,fake,45.12
fuixycdfqu.jpg,fake,real,17.66
fuizudadhv.jpg,fake,fake,41.08
fujdymvfcz.jpg,fake,real,44.08
fujubslwsy.jpg,fake,fake,49.55
fujulinofp.jpg,fake,real,41.47
fujvppauoz.jpg,fake,fake,39.8
fujwbsqeaf.jpg,fake,fake,29.39
fujwhlwlff.jpg,fake,real,45.38
fukbmvopmk.jpg,fake,fake,27.68
fukhunlqmn.jpg,fake,real,34.26
fukjiykwxz.jpg,fake,real,49.16
fukwgkjxfx.jpg,fake,real,39.31
fukwwdnwkd.jpg,fake,real,45.42
fuldvqjnam.jpg,fake,fake,41.69
fulesnfmfy.jpg,fake,fake,47.09
fulhdmrsve.jpg,fake,real,41.3
fuljlvpbef.jpg,fake,fake,43.57
fullzinjvc.jpg,fake,real,36.08
fuluvycjnw.jpg,fake,fake,15.73
fumkkynirm.jpg,fake,fake,44.32
fumrvdrkhg.jpg,fake,fake,36.2
fumyyqfash.jpg,fake,real,49.11
fumzyeunxp.jpg,fake,fake,15.84
funlmeoodq.jpg,fake,fake,47.27
funrqunkvv.jpg,fake,real,44.37
fuojhffxqu.jpg,fake,real,47.84
fuolxbpwez.jpg,fake,real,34.23
fuoqsmmzcg.jpg,fake,fake,45.75
fuoswlrdgj.jpg,fake,fake,24.79
fuovrtafbg.jpg,fake,real,48.74
fupbzybwis.jpg,fake,real,42.54
fupcovvieq.jpg,fake,fake,43.48
fupcyuhxkg.jpg,fake,fake,31.31
fupjjvvmbu.jpg,fake,fake,38.45
fupolywzms.jpg,fake,fake,41.02
fuqflmbxwh.jpg,fake,real,28.02
furmkbqxwv.jpg,fake,fake,36.95
furpmukdbk.jpg,fake,fake,35.09
furshtzpdx.jpg,fake,fake,47.59
furupdnvsg.jpg,fake,fake,24.35
furxbypblg.jpg,fake,real,44.4
fusfpcpsox.jpg,fake,fake,22.68
fusgwmpjfh.jpg,fake,fake,46.57
fustqzqkkh.jpg,fake,fake,34.74
fusxlaflim.jpg,fake,fake,49.14
futjxzsyvs.jpg,fake,fake,47.57
futvcippdx.jpg,fake,fake,49.98
futvcsygxt.jpg,fake,fake,32.21
futwxbhyls.jpg,fake,real,48.62
futwxyhbfw.jpg,fake,real,49.03
futzbsmkgx.jpg,fake,real,35.84
fuufdnajjh.jpg,fake,fake,45.59
fuuhqqvxhl.jpg,fake,fake,49.04
fuukjffnvl.jpg,fake,fake,42.24
fuusqwogjb.jpg,fake,fake,46.22
fuuvolwkvh.jpg,fake,real,45.0
fuuwjkjelj.jpg,fake,real,39.34
fuuzeqfknj.jpg,fake,fake,47.34
fuvegkfobf.jpg,fake,real,33.19
fuvgtepofn.jpg,fake,fake,18.41
fuvipoqtbl.jpg,fake,fake,17.78
fuvpxblqpv.jpg,fake,real,45.56
fuvsguxqfp.jpg,fake,fake,41.56
fuvwtyjmlf.jpg,fake,fake,28.64
fuwnsvsglc.jpg,fake,fake,43.57
fuwwnuxbgt.jpg,fake,real,49.94
fuxgucedwt.jpg,fake,real,44.74
fuxqrqojwj.jpg,fake,real,43.74
fuxwsmbtjl.jpg,fake,real,47.69
fuyecqpvar.jpg,fake,fake,38.78
fuykcvxujp.jpg,fake,real,40.58
fuykodbata.jpg,fake,fake,40.03
fuymdjiuzq.jpg,fake,fake,48.5
fuynepjfgw.jpg,fake,fake,33.16
fuyoetrkqh.jpg,fake,real,44.46
fuypoadobu.jpg,fake,real,46.33
fuyvcjmibg.jpg,fake,fake,39.42
fuywworttr.jpg,fake,real,39.97
fuyyqlseah.jpg,fake,fake,27.56
fuzdxjsqvp.jpg,fake,fake,43.72
fuzgtljhff.jpg,fake,real,41.34
fuzonzhbwt.jpg,fake,fake,34.73
fuzrbxbkji.jpg,fake,fake,34.55
fuzzllsbtg.jpg,fake,fake,21.45
fvadvtklen.jpg,fake,fake,31.03
fvaezfnuox.jpg,fake,fake,48.64
fvajvzdnac.jpg,fake,real,44.57
fvbaiihqpz.jpg,fake,fake,38.31
fvbmglxvnu.jpg,fake,real,16.25
fvbqrkdvmz.jpg,fake,real,31.07
fvcbxmxuiz.jpg,fake,fake,23.17
fvcgyoubiz.jpg,fake,real,29.01
fvcrfzzfnm.jpg,fake,real,47.84
fvcutuyffd.jpg,fake,fake,17.53
fvcvweshvg.jpg,fake,real,44.21
fvczlbbhwk.jpg,fake,real,44.57
fvderxktfb.jpg,fake,fake,36.51
fvdhqemlxe.jpg,fake,fake,39.05
fvdnowmivl.jpg,fake,fake,31.39
fveetlvabu.jpg,fake,fake,45.35
fvenbssvyo.jpg,fake,fake,40.8
fvennkzjbp.jpg,fake,real,49.93
fvesgpxalv.jpg,fake,fake,21.68
fvetpuaxtk.jpg,fake,fake,21.18
fvfqgkvjqx.jpg,fake,fake,42.31
fvfwdvzqsm.jpg,fake,real,15.04
fvfxaxdiim.jpg,fake,fake,44.19
fvfxffmuue.jpg,fake,fake,25.78
fvgimbewza.jpg,fake,fake,48.34
fvgynhwepy.jpg,fake,real,46.8
fvgzwzgbkh.jpg,fake,fake,46.86
fvhcsmkpvc.jpg,fake,real,45.4
fvhfqqhgll.jpg,fake,fake,45.62
fvhhdftwcf.jpg,fake,fake,41.88
fvhluagxrx.jpg,fake,fake,39.19
fvhqajmsbe.jpg,fake,fake,44.11
fviqzhbyfd.jpg,fake,real,37.14
fvjbvehmtl.jpg,fake,real,43.3
fvjutpueqx.jpg,fake,fake,35.82
fvjzahyafa.jpg,fake,fake,44.12
fvklluniug.jpg,fake,fake,46.79
fvkokcpfox.jpg,fake,fake,42.37
fvkwkrdqgy.jpg,fake,fake,20.74
fvlajylxog.jpg,fake,real,46.48
fvlddnbwyd.jpg,fake,fake,22.51
fvlfbjtljl.jpg,fake,real,32.44
fvlfqqwcgc.jpg,fake,fake,37.63
fvllcbmwoo.jpg,fake,fake,45.3
fvlujjqkdv.jpg,fake,real,44.52
fvlutprvjv.jpg,fake,real,37.76
fvmavsuvlg.jpg,fake,fake,45.71
fvmgomeatk.jpg,fake,real,49.78
fvmjwpalll.jpg,fake,fake,38.55
fvmkxepnkp.jpg,fake,real,40.08
fvmtnwkoab.jpg,fake,fake,30.21
fvmzeeukal.jpg,fake,fake,47.06
fvmzqfflwe.jpg,fake,fake,46.27
fvnfyukhpd.jpg,fake,fake,38.48
fvnxxhzfqk.jpg,fake,fake,32.84
fvockwqdri.jpg,fake,fake,21.27
fvoramuyla.jpg,fake,fake,33.47
fvorzqpgps.jpg,fake,real,47.69
fvouuqxulb.jpg,fake,fake,36.5
fvphehmebp.jpg,fake,real,46.22
fvpvksioqx.jpg,fake,fake,32.46
fvpvqvrnln.jpg,fake,fake,34.32
fvpxbrdkpm.jpg,fake,fake,47.44
fvqdfifffn.jpg,fake,fake,26.97
fvqdvkejsu.jpg,fake,fake,31.82
fvqgnobwab.jpg,fake,fake,27.85
fvqjlfufip.jpg,fake,fake,42.46
fvqtndbfoi.jpg,fake,real,40.22
fvqusseugh.jpg,fake,fake,47.59
fvqywcoyck.jpg,fake,real,47.65
fvrhhxqcmh.jpg,fake,fake,46.0
fvrjlugmiw.jpg,fake,real,39.63
fvrngotufj.jpg,fake,real,45.55
fvroouzbry.jpg,fake,real,9.15
fvropcbpyq.jpg,fake,real,38.63
fvrxvzfjxq.jpg,fake,fake,31.16
fvsnqgxrpb.jpg,fake,real,18.31
fvstcximqs.jpg,fake,fake,47.53
fvsyzeycyv.jpg,fake,real,34.27
fvtbqagizw.jpg,fake,fake,43.59
fvtdxqdsmv.jpg,fake,fake,18.2
fvtgwatpwz.jpg,fake,fake,49.24
fvtinjiwqm.jpg,fake,fake,29.42
fvudxsypdc.jpg,fake,fake,41.27
fvufsmerkn.jpg,fake,real,36.33
fvugsjlvkw.jpg,fake,fake,45.63
fvutcmepck.jpg,fake,fake,48.42
fvuxmhaowa.jpg,fake,fake,30.09
fvvfdtnuey.jpg,fake,real,48.95
fvvjfvonqk.jpg,fake,fake,41.1
fvvuzjbsqe.jpg,fake,fake,41.95
fvvzvoommr.jpg,fake,real,41.39
fvwfayarlg.jpg,fake,fake,37.27
fvwizfzopw.jpg,fake,fake,43.81
fvwnppgyso.jpg,fake,fake,46.74
fvwqdwzrcc.jpg,fake,fake,30.93
fvwvjwtpec.jpg,fake,fake,49.21
fvxbwpzdyw.jpg,fake,fake,47.25
fvxnemkmim.jpg,fake,real,49.71
fvxwaazoiy.jpg,fake,real,45.95
fvxwpnmash.jpg,fake,fake,46.14
fvxzklsiux.jpg,fake,real,34.03
fvygagxyuk.jpg,fake,real,47.7
fvyopmtfmu.jpg,fake,fake,37.95
fvyqxyrvjj.jpg,fake,fake,38.9
fvyuztddwy.jpg,fake,real,43.42
fvzbrdgbzd.jpg,fake,real,48.8
fvzbredojh.jpg,fake,fake,44.15
fvzpgvbhys.jpg,fake,fake,27.3
fvzwfxnerd.jpg,fake,fake,47.46
fwaacpjrbi.jpg,fake,fake,28.22
fwadhgncoa.jpg,fake,fake,47.39
fwaxkocbeq.jpg,fake,real,40.33
fwaxvytpuw.jpg,fake,real,46.08
fwbekchfyd.jpg,fake,fake,42.54
fwbjwypggt.jpg,fake,real,49.33
fwboxgwtlw.jpg,fake,real,47.01
fwbvksfidm.jpg,fake,fake,35.75
fwcflvujrp.jpg,fake,fake,47.76
fwcftlpbwz.jpg,fake,real,35.65
fwcgtjuqgl.jpg,fake,fake,42.67
fwczdfgprc.jpg,fake,fake,47.77
fwdtzzumqo.jpg,fake,real,46.17
fwdygshwtg.jpg,fake,fake,39.76
fwecflqdjr.jpg,fake,fake,27.96
fweczwhjec.jpg,fake,fake,48.68
fwefriokvv.jpg,fake,fake,35.57
fwekhphoqr.jpg,fake,fake,44.71
fwerqbukmq.jpg,fake,fake,46.61
fweukjhlsg.jpg,fake,real,43.45
fwezlxinox.jpg,fake,fake,7.04
fwfeduktjq.jpg,fake,real,42.79
fwfswsxrcs.jpg,fake,real,36.08
fwgromxnyj.jpg,fake,fake,38.48
fwgsbstxfl.jpg,fake,real,43.37
fwgyckdxip.jpg,fake,fake,46.39
fwheahaubn.jpg,fake,fake,49.97
fwhelpsero.jpg,fake,fake,32.49
fwhguersxb.jpg,fake,real,49.15
fwhnurlbyc.jpg,fake,fake,19.66
fwhulipufw.jpg,fake,real,38.06
fwifdmqqjc.jpg,fake,fake,25.93
fwijcyzosq.jpg,fake,fake,47.52
fwijgixvsb.jpg,fake,real,40.88
fwikyoafxf.jpg,fake,fake,18.21
fwimqamfst.jpg,fake,fake,47.33
fwiostswhx.jpg,fake,real,48.47
fwispntihd.jpg,fake,real,42.07
fwiugdqrwq.jpg,fake,real,42.79
fwixkckupe.jpg,fake,fake,21.14
fwjhcmqmgk.jpg,fake,fake,33.88
fwjhcqlmfd.jpg,fake,real,49.17
fwjkjwelbt.jpg,fake,fake,46.8
fwjncwwjdj.jpg,fake,fake,32.97
fwjrgshqfj.jpg,fake,fake,30.29
fwjrzhcina.jpg,fake,real,10.63
fwjtjsjqua.jpg,fake,fake,29.05
fwkheapnsn.jpg,fake,fake,48.11
fwkhjpcewv.jpg,fake,fake,36.8
fwkyxvdmff.jpg,fake,fake,43.19
fwlakxjtip.jpg,fake,fake,21.3
fwlkeewswy.jpg,fake,real,44.81
fwlzcpuuor.jpg,fake,real,44.97
fwmcduwcik.jpg,fake,real,44.74
fwmemtykfn.jpg,fake,real,38.57
fwmmofclor.jpg,fake,real,18.86
fwmtqugwmc.jpg,fake,fake,27.17
fwmvesrwou.jpg,fake,fake,39.62
fwnetqcuit.jpg,fake,real,35.19
fwnirsyhwe.jpg,fake,fake,38.29
fwnopaiuah.jpg,fake,fake,42.82
fwnoxicsrx.jpg,fake,real,48.94
fwnvcplyby.jpg,fake,real,43.61
fwobjlcuko.jpg,fake,real,43.58
fwopacxcxn.jpg,fake,fake,32.06
fworafijyr.jpg,fake,real,40.53
fwosbfrsnu.jpg,fake,real,42.78
fwosuimbgb.jpg,fake,real,39.18
fwotrbpicb.jpg,fake,fake,9.93
fwoxsbbkae.jpg,fake,fake,48.31
fwpadpugqn.jpg,fake,real,40.48
fwpmduoyot.jpg,fake,fake,41.47
fwpoxuktzn.jpg,fake,fake,39.0
fwpzsfynpj.jpg,fake,real,43.27
fwqfzyxydh.jpg,fake,fake,37.42
fwqglazuqh.jpg,fake,real,49.87
fwqgrgdfyc.jpg,fake,fake,27.29
fwqjqstizc.jpg,fake,fake,35.84
fwqmlsllgd.jpg,fake,fake,43.1
fwraxwqaql.jpg,fake,fake,25.35
fwrdompbhm.jpg,fake,real,49.71
fwrpbsdywt.jpg,fake,fake,45.85
fwrqqahezp.jpg,fake,fake,46.16
fwrsclmglu.jpg,fake,real,32.69
fwsbbpbexg.jpg,fake,fake,48.12
fwsehsenea.jpg,fake,fake,47.26
fwsfhblpie.jpg,fake,real,33.99
fwsibemzym.jpg,fake,fake,26.9
fwsisrymhk.jpg,fake,real,37.82
fwsodequbf.jpg,fake,real,35.58
fwsoweflrs.jpg,fake,fake,31.23
fwsrwpveom.jpg,fake,fake,48.09
fwsvkjqyjr.jpg,fake,fake,32.96
fwsvofuanz.jpg,fake,real,33.87
fwsykovroj.jpg,fake,fake,37.93
fwtdbskaqb.jpg,fake,real,28.29
fwtdhczlcq.jpg,fake,real,45.75
fwteknuomi.jpg,fake,fake,36.41
fwtfmublxh.jpg,fake,real,39.44
fwtiviemce.jpg,fake,real,49.89
fwtmmkthxf.jpg,fake,fake,34.97
fwtpnwjdkk.jpg,fake,fake,21.55
fwuaplnkla.jpg,fake,fake,48.29
fwubboptri.jpg,fake,real,44.06
fwubtsygyk.jpg,fake,fake,44.69
fwuhiaxtsm.jpg,fake,real,49.64
fwumfbmnwl.jpg,fake,fake,39.26
fwvaatwezp.jpg,fake,real,29.81
fwvownpkyp.jpg,fake,fake,35.21
fwvvlvrenb.jpg,fake,real,47.37
fwvxlivshl.jpg,fake,real,45.7
fwvxtssltw.jpg,fake,fake,43.61
fwwbgwpsno.jpg,fake,fake,44.94
fwwijwumcg.jpg,fake,real,40.04
fwwmvfzczo.jpg,fake,real,21.12
fwwrfsbqtq.jpg,fake,real,38.45
fwwrivmuqh.jpg,fake,fake,47.87
fwwshmwtwq.jpg,fake,real,37.79
fwwtdnlnex.jpg,fake,real,37.05
fwwtsybelu.jpg,fake,fake,42.95
fwwuctxzhv.jpg,fake,fake,38.05
fwwuehpted.jpg,fake,fake,40.29
fwwvytmqhi.jpg,fake,fake,40.32
fwxaazwpxq.jpg,fake,fake,39.06
fwxdstvspc.jpg,fake,fake,17.54
fwxhfodvfm.jpg,fake,fake,46.82
fwxkqbtuoi.jpg,fake,fake,48.56
fwxrivasxe.jpg,fake,fake,30.82
fwxumlhoma.jpg,fake,real,39.26
fwyfmbynyh.jpg,fake,fake,20.57
fwyusptfjh.jpg,fake,fake,28.25
fwyyhdgopb.jpg,fake,fake,44.83
fwyztbmgeq.jpg,fake,fake,23.68
fwzjqrqrnr.jpg,fake,fake,13.4
fwzucjkolj.jpg,fake,real,46.03
fwzucsmqgm.jpg,fake,fake,36.66
fxaeljvkce.jpg,fake,real,39.54
fxakmcwnut.jpg,fake,real,37.77
fxaqkyjxcz.jpg,fake,real,49.56
fxaspjlsdt.jpg,fake,real,46.8
fxavmshodu.jpg,fake,fake,40.54
fxawojripx.jpg,fake,real,48.4
fxaybijwnv.jpg,fake,real,40.31
fxazwvarlr.jpg,fake,real,44.48
fxbetgsvaa.jpg,fake,real,44.88
fxbfdkvhno.jpg,fake,fake,22.54
fxbfnwdaqs.jpg,fake,fake,39.67
fxbkyhkoyk.jpg,fake,fake,12.56
fxbpshgzdw.jpg,fake,fake,49.99
000002_jpg.rf.2e2007f4652b1208a0244b28446007d9.jpg,real,real,0.01
000006_jpg.rf.ac419144aead0bda4304cbab36b0ed47.jpg,real,real,0.0
000036_jpg.rf.33471ba34c0fb10afc403fbe6ec1f1df.jpg,real,real,0.55
000043_jpg.rf.409bac202cd34ae9ba15801cf60516bf.jpg,real,real,0.19
000053_jpg.rf.059fb902a90bb75954ab844e4002a861.jpg,real,real,3.71
000066_jpg.rf.2de071ea181293963f5f865b91c7f949.jpg,real,real,0.97
000068_jpg.rf.f93697f8b8ef2c213f9dc5a7209a3734.jpg,real,real,0.73
000098_jpg.rf.fd5e2fe2b09ab2e01eade2eb2189899a.jpg,real,real,0.0
000102_jpg.rf.b274d63fb5e3f8479e4ef49e611f06ba.jpg,real,real,7.87
000107_jpg.rf.dd97d99623f633437911fe1dd9df7d0f.jpg,real,real,2.67
000108_jpg.rf.392bc1028617c07cbde977dfdd325749.jpg,real,real,0.05
000111_jpg.rf.e6ce607f4ecc041f1a1c007ddd375f4a.jpg,real,real,0.76
000116_jpg.rf.9e1af04ffad37bf182e3f37482b4fc7c.jpg,real,real,0.05
000120_jpg.rf.da2e9bcf6ab77c40efff32096c9e0265.jpg,real,fake,38.73
000124_jpg.rf.76c34281b63ef10f97f3927d2a37e272.jpg,real,real,9.48
000125_jpg.rf.332f154081aaf9ae281560ac9cfe6023.jpg,real,real,0.4
000128_jpg.rf.48a9cdc075310ad04562ba0023917aab.jpg,real,real,0.34
00012_png.rf.ffb29bc4267a5a73658b65305b69bb80.jpg,real,fake,32.36
00014_png.rf.7cb6a23dd202f9275a6c69739bc797a7.jpg,real,real,8.33
000161_jpg.rf.d5f03a2ceb4e7378f1d839db23440bd8.jpg,real,real,0.0
000187_jpg.rf.1017c6b2d8e7b7b283443bbb04e815d8.jpg,real,real,0.3
000195_jpg.rf.1a51b336b44e4aa8cc3868296aa67424.jpg,real,real,0.71
000198_jpg.rf.60111913ab219f5ba8e49ce28e14e9af.jpg,real,real,0.02
00019_png.rf.ac7f6b5414ed444a17a21925a84dc477.jpg,real,real,47.57
000212_jpg.rf.df50f2a7fcee67e226b2bb4d1a2f10bb.jpg,real,real,0.01
000222_jpg.rf.833965216706bf50c404f5cd6ace5639.jpg,real,real,0.01
000236_jpg.rf.28b4799457639a0df32e9d864822fd29.jpg,real,real,0.69
000237_jpg.rf.4ba09631a88bef0a44415afb48d2d8a1.jpg,real,real,9.11
000253_jpg.rf.243a189d15a08abe3c0a99b36743ddc8.jpg,real,real,6.32
000257_jpg.rf.803e8454ea4b7ee6fbcb799e342c915b.jpg,real,real,0.0
000273_jpg.rf.b7adf94d3eda5eea758ed103c9cc463d.jpg,real,real,0.04
000280_jpg.rf.8bd0e567c61024b53122afc69fbf55b4.jpg,real,real,0.01
000290_jpg.rf.f35c324181a8483e0421815906c0b50f.jpg,real,real,0.03
000306_jpg.rf.329b66ac9c8a9e9b87f78e55200d0c47.jpg,real,real,0.52
00030_png.rf.933311409865bb2c245bbda4c9cb91e1.jpg,real,real,18.64
000327_jpg.rf.4eac7cafe0dda570bbc10019f83a58e8.jpg,real,real,0.0
000335_jpg.rf.8d3795e2ce6beaaa80d90b568e594fe8.jpg,real,real,1.85
000336_jpg.rf.ab439a5fea1c4079f1a99b3ea9aa8023.jpg,real,real,0.01
000341_jpg.rf.bf4cb6c46c70e2254eb17d1efdbe51e5.jpg,real,real,0.09
000345_jpg.rf.db91d1533cb6c58b683f44bdb9e0986e.jpg,real,real,0.85
00034_png.rf.acfa8b062824a13177faa440a75c4bc7.jpg,real,real,31.22
000352_jpg.rf.4a45884506e34a63d3719d1565a1dcbb.jpg,real,real,0.34
000370_jpg.rf.0011277fd4fed4783e1a32f9d74fc24f.jpg,real,real,1.26
000389_jpg.rf.8690eca47c1af500d3902f7ad4efca2a.jpg,real,real,0.66
000424_jpg.rf.b41f7b6027aa89c7a0203d316478148f.jpg,real,real,0.34
000425_jpg.rf.72b5b33442e432b2a0d4d51697bd7564.jpg,real,real,4.79
000445_jpg.rf.ba1f3d9957bdd3c63040b4acb1de5ce2.jpg,real,real,1.2
000450_jpg.rf.944aa0b06100eee526a1126e22dc7cf8.jpg,real,real,0.24
000454_jpg.rf.2640f01519803cc95788147fedfbfb24.jpg,real,real,19.9
000479_jpg.rf.3a09e429cd0850f19a299ba35fbebd5a.jpg,real,real,9.15
000491_jpg.rf.f6e40ae5d7b7bf3cf04f6045d4c2d89c.jpg,real,real,0.65
000500_jpg.rf.773d8da1a04c8ccd50fd134cee811d27.jpg,real,real,21.3
000506_jpg.rf.be7f6713f4696229acd01cb916a9d6e1.jpg,real,real,0.0
000508_jpg.rf.47ccf13deba90a5b9179667e607e5fcc.jpg,real,real,0.02
000519_jpg.rf.9d488da7ec9b8bd82a3d17e9f767d0d5.jpg,real,real,0.0
000527_jpg.rf.53d45ac7a348659a677b259f08328f01.jpg,real,real,0.06
000531_jpg.rf.07082f30afec110448070a47648a78a7.jpg,real,real,0.46
000536_jpg.rf.1b416f40960cc2700a3f16053b60a254.jpg,real,real,1.05
000548_jpg.rf.c9de811546ebd27d253606dc2bcb396d.jpg,real,real,0.0
000561_jpg.rf.bd9cb35727aefd8f4c98ef644a580c88.jpg,real,real,0.04
000565_jpg.rf.c1102d13088209ab0611a8bd4612c457.jpg,real,real,0.15
000582_jpg.rf.579f12da3371efa6feb1603f24248513.jpg,real,real,0.01
000588_jpg.rf.0909ba4b1fa22af0fce7f1db77593c0d.jpg,real,real,0.0
000604_jpg.rf.f7e4dd7e418dbf14b84e7e7bf7fa0bd6.jpg,real,real,1.81
000609_jpg.rf.52ca357003e012f825fb6b3ebd97cff9.jpg,real,real,3.63
000625_jpg.rf.f1348af11efab527510bcd698b6c3db0.jpg,real,real,0.09
000628_jpg.rf.745f305ea918606305a6c28821bf1282.jpg,real,real,4.86
00062_png.rf.b42900b91a58c315a963a7ffcf34eddb.jpg,real,real,28.28
000636_jpg.rf.b740bde6de9c3e109a2fa30910d98754.jpg,real,real,0.01
000638_jpg.rf.a5fba9b224cd209c0e730da090388002.jpg,real,real,0.0
000645_jpg.rf.20c2cd6d106c50a9ba87020a6a0bea53.jpg,real,real,0.01
000652_jpg.rf.574ad508e80216f5e0393bf7040b2cb5.jpg,real,real,0.05
000677_jpg.rf.1f38c8becc0eb697c696b6d63add4b60.jpg,real,real,0.58
000705_jpg.rf.89ba0958a43e19069dda0026187be3d7.jpg,real,real,9.55
000710_jpg.rf.25419151e7045bc944030080c26e8a07.jpg,real,real,0.23
000712_jpg.rf.05f038c682d398a9bc0cc9ab0c4ed50b.jpg,real,real,0.1
000726_jpg.rf.6516ad5555736075e099e1c6051fce3d.jpg,real,real,17.63
000727_jpg.rf.76310c0fac5e158ab05a98281188d7ae.jpg,real,real,1.43
000728_jpg.rf.8bb2b733474bdf9fa818384ec31217ab.jpg,real,real,0.01
000732_jpg.rf.204f9e540fe08a79ed558e600369f236.jpg,real,real,0.09
000738_jpg.rf.a6483f04b7b6a12a356ef1434b359c0b.jpg,real,real,0.68
000750_jpg.rf.f4963a9ee108f741c7142a6cd42b1fc6.jpg,real,real,4.24
000751_jpg.rf.23d5298a9dda20b848f4297e0aa12830.jpg,real,real,0.41
000753_jpg.rf.2d2450f51759c60d0435ecdab0a2aa26.jpg,real,real,1.12
00075_png.rf.630c5ae5dbe06886b5683ac71204d8c0.jpg,real,real,35.31
000766_jpg.rf.31d8e068e893b36678790b78f1b41eb2.jpg,real,real,0.0
00076_png.rf.582c77fdc79dd6a3c3a1dee47b9081ad.jpg,real,fake,44.56
000793_jpg.rf.0bdbb4eafa897cf234d2121ed1f5f8cb.jpg,real,real,0.02
000794_jpg.rf.3dbf7fab5538135739163c5aed849b67.jpg,real,real,2.16
000804_jpg.rf.50969a63d6484d596a36aa10e2438843.jpg,real,real,0.31
000809_jpg.rf.308b0b3ba4828b534e5642786f2787e5.jpg,real,real,0.0
000827_jpg.rf.7daf9be83af19b85dacc9218eef1f29b.jpg,real,real,0.01
000828_jpg.rf.90095a3689b62d786f4d33f2c38c1ff6.jpg,real,real,0.15
000839_jpg.rf.e6f58829d26919dbd5095f81d3decaad.jpg,real,real,0.02
000846_jpg.rf.59d98e4e60ff9308d46387b56085cba2.jpg,real,real,8.39
000863_jpg.rf.71e593ad732d05d2b13e4d7f8c7fbf48.jpg,real,real,18.42
000864_jpg.rf.d5f7c14c390ff5ef731e458bb3653e3a.jpg,real,real,38.25
000865_jpg.rf.d163f340273a2e95063758bbe10bb409.jpg,real,real,0.06
00086_png.rf.d2a169674d02f931385f311b76ba40ee.jpg,real,real,42.41
00087_png.rf.3a19ab951be72b7c0acb99f692453b42.jpg,real,real,11.83
000884_jpg.rf.f39ccaff743ee53f5fff89e6f2551936.jpg,real,real,0.08
000885_jpg.rf.5723d384ca6e68366f0de8501dc37169.jpg,real,real,1.18
000890_jpg.rf.c26755c74929d1e3f2e9817f7f101112.jpg,real,real,0.08
000894_jpg.rf.64eb540e0dc405b452423b67e089e5fc.jpg,real,real,0.0
000896_jpg.rf.541e88f5e4e35183054cfb7c61d4aa27.jpg,real,real,0.01
000902_jpg.rf.fbc35041dec0f9b25065e9b2e3040538.jpg,real,real,20.69
000909_jpg.rf.16605817a262da512092934be1e98f34.jpg,real,real,0.02
000920_jpg.rf.5c70078ec9fa8f5a6cea5aa09a6a3790.jpg,real,real,0.0
000921_jpg.rf.9fa972fa76cd103bea0dd75a7b2453dd.jpg,real,real,1.71
000923_jpg.rf.3fd6e808b007b5b2abd0df04d274eb96.jpg,real,real,0.27
000925_jpg.rf.fa72c32b0ee4270aba933281dd8549e2.jpg,real,real,2.85
000933_jpg.rf.c56b6579d653f79d26fc362d79d3b3b4.jpg,real,real,14.23
000937_jpg.rf.e15ef865218ddf37c6430e053c7e73d0.jpg,real,real,0.47
000938_jpg.rf.8076097fc998e8a69353cbeef3a1e1e6.jpg,real,real,2.08
000953_jpg.rf.1f25b03b9d44b5bb0fce0d478a617984.jpg,real,real,1.39
000957_jpg.rf.b473d858348515baa9288587f9f0a5b8.jpg,real,real,6.76
000960_jpg.rf.66f3cb0ebf004d6855532faf24901daf.jpg,real,real,0.2
000986_jpg.rf.e4e55fed07f2fe734954241ebf436286.jpg,real,real,0.0
00099_png.rf.d437884048c1a50391946bad5dac3f9e.jpg,real,real,22.81
001002_jpg.rf.04a21529441e26d442ce4a5bdb7052fd.jpg,real,real,0.32
001008_jpg.rf.210bade554091fa23fd5b49001816c21.jpg,real,real,0.4
001011_jpg.rf.fba5f8223b43acddd7662bddd9811ab7.jpg,real,real,0.01
00101_png.rf.235668fac9e098184ac634e1fa2f7832.jpg,real,real,17.81
001029_jpg.rf.cfe048e299651e4613b8d00eac6cadc9.jpg,real,real,0.01
001038_jpg.rf.246cc03cfd3763244290c89bc3e8d0ef.jpg,real,real,2.6
00103_png.rf.aa760d7362e9043d68f461012bc4fd35.jpg,real,real,35.16
001043_jpg.rf.371daf45a743c9ebd820956a7b276c67.jpg,real,real,0.0
001054_jpg.rf.b53eb02b76be4cb7827da704fa9eb08b.jpg,real,real,0.44
00105_png.rf.ee3cb5e41b072622373fb114d4f58f2b.jpg,real,real,44.39
001062_jpg.rf.c4060b9a08ccc0754d398b6792848f07.jpg,real,real,0.56
001064_jpg.rf.cc1a1a248b1edc9a74be10d61d0d262c.jpg,real,real,0.01
001065_jpg.rf.427abb0abea72f61aae2f9e5cbadb35d.jpg,real,real,1.06
001075_jpg.rf.5967e8f9199ea8513cbf324e4572ddc2.jpg,real,real,0.21
00107_png.rf.ee5f27efa9db151eba4bb9e9479c58d2.jpg,real,real,10.59
001093_jpg.rf.d9efa469521474c2d522864d500e4f5c.jpg,real,real,2.01
001113_jpg.rf.9f58a5cf0b561c7fb05ef286b5978965.jpg,real,real,13.6
001118_jpg.rf.a22c65139841681feedde28112597bb8.jpg,real,real,0.55
001124_jpg.rf.84b64c879fa09cc5431bc12f92904d1b.jpg,real,real,0.01
001131_jpg.rf.d87fd3e130dbb02c26fe5c5094cfe40d.jpg,real,real,0.0
001133_jpg.rf.348237b96e02fe05c1666be397c563da.jpg,real,real,0.0
001137_jpg.rf.f6f4e2fa81c914135c4ff8c180b18782.jpg,real,real,0.13
00114_png.rf.73891d3f2d8bfe49d0cd34a6de7b2de9.jpg,real,real,47.29
001169_jpg.rf.2ff687d97fd27096a29309d5ef5b36ab.jpg,real,real,0.42
00116_png.rf.6db81654a7db1a5240a19482fd2d2995.jpg,real,real,13.81
001181_jpg.rf.91a7ef2fb0bea9c398184ae665a8b324.jpg,real,real,0.01
001194_jpg.rf.8ab7b5fe9161884cfa4a59b59d9d83c3.jpg,real,real,3.83
001196_jpg.rf.147651d6850f18d9394a28876f6f4ef9.jpg,real,real,0.03
001203_jpg.rf.829547b409f90710fb6d941780dfd5c1.jpg,real,real,0.0
001210_jpg.rf.df599990684b396d189683c27d250424.jpg,real,real,0.34
001211_jpg.rf.b31f07a8341aa7676ff17ed905371a6e.jpg,real,real,2.93
001245_jpg.rf.2c8d2565b10d3fdd87956bab453e3883.jpg,real,real,0.35
001248_jpg.rf.93dedf315a6f7ecda1fd71ef6ef96a88.jpg,real,real,3.5
001256_jpg.rf.6a13301d00c4305cef8745aed3646b68.jpg,real,real,0.02
001280_jpg.rf.b7123f8b734323e6b9afa12a4680f619.jpg,real,real,0.03
001292_jpg.rf.4bf36e345eb31261ed0031078278d14f.jpg,real,real,0.02
001293_jpg.rf.5867a862d49b58de214979a7275c7d8f.jpg,real,real,0.03
001302_jpg.rf.eaa82cab8b2e657e057c17dd3f8d758d.jpg,real,real,2.58
001322_jpg.rf.553d293ace0ee9d75b5a5ac628ea1c92.jpg,real,real,0.82
001348_jpg.rf.48b44a6fd39c4fa77bd693ca0065d2c5.jpg,real,real,0.01
001364_jpg.rf.4a0da8d90c5c7660275c0ba779959f00.jpg,real,real,2.8
00137_png.rf.6aaa337ed878909d5569f0a4cbc24273.jpg,real,real,32.97
001383_jpg.rf.d9219f96611d0e3fa92089e1ad83be88.jpg,real,real,1.22
001386_jpg.rf.7fd48e7446e097547aa3a2a6bf154fbc.jpg,real,real,0.12
001388_jpg.rf.b07b67963b1c6c29a2caeff1308ff965.jpg,real,real,0.07
001398_jpg.rf.7929ea205169f147070c8709b1544d4c.jpg,real,real,0.19
00139_png.rf.95e9330d017f23e1197ade934e1ed208.jpg,real,real,22.02
001411_jpg.rf.c1c33146d31dfa300427c01026d8faef.jpg,real,real,0.01
001413_jpg.rf.c2212398360ab9df9633a9f74e4f233e.jpg,real,real,0.38
001429_jpg.rf.a6b483d93f3e5beb7166e5019f3ea353.jpg,real,real,0.01
001441_jpg.rf.a93cf87eb1630166c87ad458c6dee785.jpg,real,real,7.7
001449_jpg.rf.40524b624d30398a002f85505b094272.jpg,real,real,0.48
001459_jpg.rf.e9a5290a0af7a43e5f2cf9ac433dff7a.jpg,real,real,0.02
001461_jpg.rf.9c75f29917bcd02fb2b49cc4e8ad8a75.jpg,real,real,0.0
001472_jpg.rf.c2cea1b087cd9989b88767ea5ebcc5fe.jpg,real,real,0.04
001484_jpg.rf.4656d61ff0207dd042f5999d69e828d4.jpg,real,real,0.3
001495_jpg.rf.df347af89b00030ceb7a6704bd080cd7.jpg,real,real,0.01
001497_jpg.rf.1d456a5cb7015ff340d3ac6d3342326b.jpg,real,real,4.46
001508_jpg.rf.6e63e47d8fcf0fa79387ed722675b9f2.jpg,real,real,0.2
001515_jpg.rf.97198a72aa2a5912ff4c2ac599dcc50a.jpg,real,real,0.06
001516_jpg.rf.938ec2fa1f2100796b90aa7ce66304dc.jpg,real,real,0.03
001529_jpg.rf.19b6be340e989f16ac442bb377b32b1f.jpg,real,real,0.02
001534_jpg.rf.b3f65552e899a480bc63539217fdaa50.jpg,real,real,0.4
001538_jpg.rf.41ac6e0f6d06390c132211d8bd83d701.jpg,real,real,0.02
001542_jpg.rf.909decf02a4c3023ec48b0c8d96e30f0.jpg,real,real,0.01
001557_jpg.rf.81d312bd99cc52ce4808e9982e7978d5.jpg,real,real,1.24
001591_jpg.rf.b3f2074e26dfe19d730f45030f231684.jpg,real,real,0.09
001649_jpg.rf.1c19c0a8c4d0aaf08355542beb2b47eb.jpg,real,real,0.17
001655_jpg.rf.7c7c7ccd2117c7b5ad1b11ff5b5512ae.jpg,real,real,0.45
001657_jpg.rf.b32380d68daf01b04ab2239a618981fd.jpg,real,real,0.0
001667_jpg.rf.f3c65993a5081e2d7b7d94a5a8fed3a4.jpg,real,real,0.06
001674_jpg.rf.3860f3542e7336c252ff8df71861d5aa.jpg,real,real,0.73
001678_jpg.rf.dd4bc71363b5887c4d9d3f81d60a6b75.jpg,real,real,0.85
00168_png.rf.5909367546fdec03b2b7db0ab4981bc3.jpg,real,real,25.07
001690_jpg.rf.42480949be838c578dc6fb0d54acad49.jpg,real,real,1.55
001708_jpg.rf.da297911be464394de60a95e40d0eeba.jpg,real,real,0.01
001727_jpg.rf.1a4debccbd5fd0e89d003a42c8578dda.jpg,real,real,0.12
001735_jpg.rf.dcf38e306fb45f43b749e17790838586.jpg,real,real,8.19
001744_jpg.rf.f629069d5af9b2f825df69af1c79e3bc.jpg,real,real,0.44
001745_jpg.rf.3d289004f8a25595a7ebcb83e72d381b.jpg,real,real,13.04
001754_jpg.rf.874a82b5eab0a55853fdb65e5bc8ef14.jpg,real,real,2.13
001756_jpg.rf.4ac0ba72289e1354e17194cdb2dbe1c9.jpg,real,real,1.42
001763_jpg.rf.1aa4c4d37dd747b53e5028aeb9a45c4d.jpg,real,real,0.1
001765_jpg.rf.7074d3f69cc50ec846ee5f11145c01c8.jpg,real,real,19.19
001766_jpg.rf.e83913a1b301dab8ec91f80c5f3a2811.jpg,real,real,0.03
001774_jpg.rf.6c0ba90bf961c1c4665afdaab169942b.jpg,real,real,1.83
001775_jpg.rf.663a99a771313abec5368da84d3a5272.jpg,real,real,0.03
001782_jpg.rf.8c844b84c8ca30391d835f5ccfe4fafd.jpg,real,real,3.42
001787_jpg.rf.444362c6f07b61bfcca19df7511db71e.jpg,real,real,0.02
001796_jpg.rf.8768c67cf6f4175f5afe34257b72660b.jpg,real,real,2.48
00180_png.rf.78f74c99f9ddfd81ba8e1b8611bad279.jpg,real,real,15.45
001811_jpg.rf.0969b885d7af1eb2564fd4367c018fde.jpg,real,real,0.04
001814_jpg.rf.7d05ec75fe4ec223f5f42392d8c77457.jpg,real,real,0.45
001815_jpg.rf.7ae26835959b396618fa7fc76f463f23.jpg,real,real,0.38
001826_jpg.rf.3dcee8ce38750e6517ecd17927f4dd21.jpg,real,real,0.0
001847_jpg.rf.09f1b732096fd6b673ef30a62771c43d.jpg,real,real,0.51
001860_jpg.rf.ad8f2981345852f9c6b6b4b1cd158746.jpg,real,real,0.01
00186_png.rf.55075d3b4fa8b9324b5afc4c75498be9.jpg,real,real,7.82
001873_jpg.rf.61b6cf58ffe34face0a1d8c53bd94c3f.jpg,real,real,0.25
001883_jpg.rf.7c72cc37ae93f7e6cbf3701df43dc184.jpg,real,real,0.02
001890_jpg.rf.6b5ead5f314a8f903d17950ba482f677.jpg,real,real,0.07
001900_jpg.rf.e908346c36836998a815d15508611cce.jpg,real,real,11.43
001903_jpg.rf.6de90e57afa86a01a239f1061882d2cd.jpg,real,real,0.01
00190_png.rf.6f820ae6e8f995855dc66ec7be1559ca.jpg,real,real,21.95
001912_jpg.rf.8b581db9b48f307a54b2b4676e04ab93.jpg,real,real,0.21
001915_jpg.rf.9066ba18bbe768ae101776c0dc11cd40.jpg,real,real,0.01
001921_jpg.rf.1448c6059e369e6cf52dc531e76bbc5c.jpg,real,real,25.66
001934_jpg.rf.bee9be65890ae67182fadc43aa3f46d2.jpg,real,real,8.01
001947_jpg.rf.f47ab016e4b46b54ae2b52a61ef42225.jpg,real,real,0.26
001958_jpg.rf.86ec7a02badf0dae8f31e1ab0716aa0f.jpg,real,real,0.09
001982_jpg.rf.339bddf4b2827fe9a3a74a430cb96f35.jpg,real,real,7.8
001985_jpg.rf.678f614f2a5accf2ba9143c91399d77a.jpg,real,real,0.03
001992_jpg.rf.f6f0c3505c9e8751d1f4dc05bfef051b.jpg,real,real,0.21
00199_png.rf.ba7f8a1eb5b8e2d1719d9c9b60a00434.jpg,real,real,18.42
002004_jpg.rf.84d821093c8348fe15430ea8803deee2.jpg,real,real,32.96
002006_jpg.rf.fa85090bcb4c9a96324b5da45f850ebf.jpg,real,real,0.01
00202_png.rf.ca8e43a126bdeede230b8e69231d63ce.jpg,real,real,27.26
002034_jpg.rf.3e514cefc5b40700bd24158f2706c170.jpg,real,real,2.48
002049_jpg.rf.ee12afdef228e3606331be6cd84f1509.jpg,real,real,1.31
002078_jpg.rf.6a7602279e55e5817346452b2f840db4.jpg,real,real,21.37
00209_png.rf.b39d6212606141de10d32c6cb14c2fcb.jpg,real,real,34.75
002128_jpg.rf.c94581ec95649321b44a3815aa367416.jpg,real,real,0.1
00212_png.rf.51f82466f76566d940b025925455be61.jpg,real,real,33.46
002131_jpg.rf.a8c9af440baf561be363be46d2cc7d0b.jpg,real,real,1.37
002141_jpg.rf.cd08260b09cc2a48869631075f0ac898.jpg,real,real,0.42
002143_jpg.rf.899d5597f3b2e5def21f94f9233e812a.jpg,real,real,0.17
002145_jpg.rf.2f8976b7460b3a11ee7096bbec12a676.jpg,real,real,3.15
002163_jpg.rf.93115f8928e63df94944578597e8b75e.jpg,real,real,0.23
002173_jpg.rf.a76cf8747b0730a177f364357909d2a8.jpg,real,real,6.2
002176_jpg.rf.33e45c0b10e544d78b58cc530fefc4b7.jpg,real,real,3.62
002207_jpg.rf.5f624c34f82f17999a10100076addd38.jpg,real,real,0.02
002215_jpg.rf.57a0154eb1d559af6c42a9d0f63fe071.jpg,real,real,0.06
002218_jpg.rf.9e805a3a2b8af2ce9282d57256657c3c.jpg,real,real,0.42
002220_jpg.rf.e541ac1604be25b7a7d70351222aeb37.jpg,real,real,2.16
002228_jpg.rf.38e13358f5b61b2aeb1de88e2bc7811b.jpg,real,real,1.78
002236_jpg.rf.5d172f6a91c334f7fb213e62f0889436.jpg,real,real,0.0
002257_jpg.rf.f63d037ad44a628791004d0241f4fd2f.jpg,real,real,0.18
002266_jpg.rf.275eebfd0163ea4f23bbc62783841a6d.jpg,real,real,7.83
002278_jpg.rf.09847d66bb194ec142d51865401b632e.jpg,real,real,0.93
002293_jpg.rf.eca329c78a0c84bbb7963d3d758d059a.jpg,real,real,0.33
002296_jpg.rf.ff789dd196c53c6906db0bdfb06a7c2e.jpg,real,real,21.44
002300_jpg.rf.6835b7096607c65e5e2c13de87501e35.jpg,real,real,0.06
002306_jpg.rf.44ee3192a854db0c34fda64dd59c3827.jpg,real,real,0.09
002317_jpg.rf.fa1864d8a8bacfdd0e2944199777f310.jpg,real,real,0.01
002329_jpg.rf.f592dc18674f67aad82ca58885b7e1df.jpg,real,real,1.37
002333_jpg.rf.aa88b586172619d57ad5409477dcbf29.jpg,real,real,21.43
002336_jpg.rf.64f830df6d7a5082b0376601927467c9.jpg,real,real,0.01
002349_jpg.rf.b5799c740844b945b6d954d5549ac967.jpg,real,real,0.0
002361_jpg.rf.e8c03018825b9d388b6158209c1577b2.jpg,real,real,3.91
002389_jpg.rf.520ab327ec2995d1b6f7d356fdea9fc7.jpg,real,real,0.02
002390_jpg.rf.baf3a12c2b884238baa390e9c419beb4.jpg,real,real,0.84
002392_jpg.rf.f1f72a8882f6ddcce42746e9276eec0e.jpg,real,real,0.67
002414_jpg.rf.17a92fa460ce52fb704705d7b5683fef.jpg,real,real,0.2
002415_jpg.rf.5d4934dca48dec5b184bb107c5d76d77.jpg,real,real,4.27
002420_jpg.rf.a7da2491d054b24bd71937678795604c.jpg,real,real,0.08
002422_jpg.rf.6be7f1f43925084e4c0bd4f4a08df4d8.jpg,real,real,0.06
002425_jpg.rf.0fa7fa16692951acfaa18e514abe7a4f.jpg,real,real,5.92
002431_jpg.rf.8092f12af4a109622d519834d0b552fe.jpg,real,real,0.12
002442_jpg.rf.f189aaa2733242c230f6d0d9229ea0c0.jpg,real,real,0.46
002447_jpg.rf.0669e100f5aa0ad56d36948d92f66cb9.jpg,real,real,0.05
002458_jpg.rf.c04716f6a2d52ba8b0209bab65a40ff2.jpg,real,real,0.86
00245_png.rf.d0d37fca240ffb423778f6d85dc13af3.jpg,real,real,15.74
002475_jpg.rf.126f3c7c073a2ecc451e1a1b034e2dc9.jpg,real,real,0.0
002477_jpg.rf.163b9732fa3c3eee0078aa4cbd1fe40d.jpg,real,real,5.98
002478_jpg.rf.4a6cb6fff884bf9ee3c6ce4f294af864.jpg,real,real,0.13
00248_png.rf.5bd5c60b9a2a9cf445bd4f97bdf7521b.jpg,real,real,22.44
002497_jpg.rf.0c21d588af9b28ce9c810f9d29fd07af.jpg,real,real,5.83
002501_jpg.rf.5e48a1364d177e2ffa42b5a65953b099.jpg,real,real,0.29
00251_png.rf.ac47bb203584fa756ae93517c2f3431c.jpg,real,fake,12.16
002539_jpg.rf.096a1df568b82955e3c448302dccf907.jpg,real,real,3.22
002541_jpg.rf.57b441e3d6cb764cbf271cd0676fddb6.jpg,real,real,0.24
002543_jpg.rf.ae45bf5539880ee6e280790edb63d37c.jpg,real,real,1.45
002565_jpg.rf.2e0122ad6746bcc3a2ec1165a5e851f8.jpg,real,real,0.42
002566_jpg.rf.10b02ca46a92fecd7daa473a56fa8925.jpg,real,real,0.02
002582_jpg.rf.dd3de6876687fd46e4d2a8780eefdaa4.jpg,real,real,3.06
002585_jpg.rf.0ebf63db7cbecc1ecb9a7b37450bcd4d.jpg,real,real,22.47
002596_jpg.rf.d623797fbe62106567e38f667d6e936c.jpg,real,real,0.23
002600_jpg.rf.0a632efa59b5f7b8f75b1d25307fad0a.jpg,real,real,0.01
002602_jpg.rf.c6aecffc057b58e8538b216ab444bbc4.jpg,real,real,0.79
002616_jpg.rf.60f0f5f3aa42ef25420d67b989fdb495.jpg,real,real,0.7
002622_jpg.rf.c6d16c00cd2dc696d3d129df2bf02427.jpg,real,real,0.02
002631_jpg.rf.10ccd79ebb6cd425f094dea7ae14fcfb.jpg,real,real,20.67
002638_jpg.rf.6f1082a7fa6346ff56d4ee95371249a6.jpg,real,real,2.58
002696_jpg.rf.b828dd2dcca05587a06508ed343e41f3.jpg,real,real,0.18
002697_jpg.rf.531949d580adbc9d04513c0536a72cbb.jpg,real,real,3.63
002701_jpg.rf.29234322af978dfa8f854633e34a4772.jpg,real,real,0.04
002712_jpg.rf.4ec4fb66dc9fb7021694ea0e15db89a8.jpg,real,real,0.02
002714_jpg.rf.25ba009d4c7c19f9ddfcc9bb7cf444bd.jpg,real,real,0.32
002732_jpg.rf.a8d443acbe5d4cfe77c3588545081822.jpg,real,real,5.88
002740_jpg.rf.bfce6d95496ffb8b5d6759c18ce84d3e.jpg,real,real,0.09
002754_jpg.rf.dc9a69d1d0ea0e78d7437334d3d5f02e.jpg,real,real,0.04
002774_jpg.rf.e039ab1b62751350ae0404f6c8c3c4dc.jpg,real,real,0.0
002784_jpg.rf.7d4ebfab3000f8ca6b3a410f443ea77b.jpg,real,real,0.27
002805_jpg.rf.0451bb26bad0fcdb18dfc8ba3a697df3.jpg,real,real,0.01
002820_jpg.rf.99fd9b05b9027b12b5405682bfe623aa.jpg,real,real,35.75
002827_jpg.rf.17e5e4ab00a3bee4c65546b8e846dea9.jpg,real,real,0.11
00283_png.rf.bde03175c021a2b1dfe60c3667976190.jpg,real,real,11.29
002841_jpg.rf.e13b9be4100b292f1e08203a0925f05f.jpg,real,real,0.01
002850_jpg.rf.be56740b6d66fa4e92e1e0cc6e3e685e.jpg,real,real,0.83
002863_jpg.rf.cfe531968899b101a6c1ce0aa4b5c2b6.jpg,real,real,0.07
002864_jpg.rf.0588020a6a81b3c77678d200aafb4fe5.jpg,real,real,0.0
002865_jpg.rf.611b1dcaf7e093e3ab6300a5bc5150f2.jpg,real,real,24.62
002898_jpg.rf.8668892923c734f5a285cd3f955f4e19.jpg,real,real,0.05
00289_png.rf.3b5802b85f5635e5d6a4e8e8baa86d0a.jpg,real,real,34.3
002911_jpg.rf.b020d1c3b7a92f5088bdb3c3b2bfe595.jpg,real,real,1.98
002912_jpg.rf.cbf2cee831d5d249b2a6959255a0334f.jpg,real,real,1.55
002916_jpg.rf.ae7985d18d8a1f6f9dd3aa3d51622dfd.jpg,real,real,0.83
002925_jpg.rf.9d444d44712f4f63231fc3a3f17b41b6.jpg,real,real,0.23
00292_png.rf.6004c95fbd3856e0a114087c84f0e7bb.jpg,real,real,21.45
002933_jpg.rf.88a3cc5b315852ca1f07378dbdbbf93c.jpg,real,real,0.2
002948_jpg.rf.41f9ea338c0610125c4ce6e9cfaf2ad6.jpg,real,real,5.92
002959_jpg.rf.2e8a0367ac2ff4dfa1a5b015ea8b9ced.jpg,real,real,0.25
002980_jpg.rf.772ffc0fc71d4ff272adcb5ec1078c1e.jpg,real,real,0.02
002992_jpg.rf.05659e07d990a1fac641483d0d84a486.jpg,real,real,0.0
00311_png.rf.bad1549016ea3505ee55612ffa697b6f.jpg,real,real,6.98
00338_png.rf.63c59b4957dace3151452364a60402df.jpg,real,real,19.51
00339_png.rf.0d80ad9594313e459717797c7efbaa6b.jpg,real,real,48.7
00353_png.rf.604a4e0783d9a2a88ffc3e602c579210.jpg,real,real,30.75
00369_png.rf.64e43293058f96661b924e8642648044.jpg,real,real,44.39
00372_png.rf.05c3f4d0ec1f3eb0d561cb706e670092.jpg,real,real,3.29
00380_png.rf.7a690e85e92be962a68e9258746f47f5.jpg,real,real,34.13
00383_png.rf.1b1bc9dfb337d3f89265aeb619df0ca4.jpg,real,real,1.4
00389_png.rf.15d5300f1aec1e9c9d987deb332de661.jpg,real,real,37.43
00395_png.rf.49567e6745cc3af0bb05a7a0469da977.jpg,real,real,34.91
00396_png.rf.d3a446b94cada47c1b24f23385c2a6fc.jpg,real,real,11.3
00402_png.rf.bc4f0ced7dd2e6c2df8a8ec26f7665bc.jpg,real,real,6.14
00437_png.rf.6ae110a3f539dc45616e107a2652f1e2.jpg,real,fake,34.93
00455_png.rf.37fbf84805c1581e9572f07d9bb4ca78.jpg,real,real,21.18
00469_png.rf.c69d2b24c80affe72e4869d05564783a.jpg,real,fake,10.16
00477_png.rf.3d732297126675fe1f1b2d84449e0ab8.jpg,real,real,17.09
00486_png.rf.7ce902fb97a6751070d52dd455ec474d.jpg,real,fake,49.73
00501_png.rf.b3d8b236d8e696eb44bbbe0e57b6ef46.jpg,real,real,49.21
00508_png.rf.d19708739fb08ba476032b1ecc926214.jpg,real,real,35.81
00511_png.rf.374367dcb031c325fe1fd08b0c553ec6.jpg,real,fake,37.18
00513_png.rf.f7c582fff71573a629869af0018a5fe1.jpg,real,real,21.46
00521_png.rf.fe28e8ed67d899a825bdfe5a69163e8a.jpg,real,real,18.26
00524_png.rf.2478c1f9594cd25c55d5cf87abfbc3de.jpg,real,real,15.65
00528_png.rf.1eef22a45134b0fb1213e4ec2d07bb80.jpg,real,fake,30.27
00534_png.rf.29d27deffb582b9d44643ca56ca98ddd.jpg,real,real,36.32
00561_png.rf.618bc26beef97089a3038a8a2b767449.jpg,real,real,48.57
00564_png.rf.a6bbbbcddc0790b5fad3285088eab1dd.jpg,real,real,4.57
00576_png.rf.8681c616e2935a83386e941d539b73e2.jpg,real,real,19.3
00584_png.rf.750879ce8bef1432600fbbbf6b499ec4.jpg,real,real,49.77
00586_png.rf.79262ff6b840749904d6443469c07389.jpg,real,real,40.65
00592_png.rf.82652184a0404ae21e259f6a11dd55a1.jpg,real,real,22.12
00596_png.rf.57349a8dd466460931f031b9503c9b3e.jpg,real,real,12.18
00601_png.rf.9ad2eb0e08cb8e4c4008c20c3747f168.jpg,real,real,25.65
00605_png.rf.c9bf01d2514aa9a417fb42f1de9fc908.jpg,real,real,5.41
00614_png.rf.2fcc7ad63740f7ae5703ccaed13268e8.jpg,real,real,10.18
00619_png.rf.c3412a0c982223518fa96e26d0870071.jpg,real,real,23.95
00622_png.rf.89239bdf575ac1cbfda764e2b33672e0.jpg,real,real,39.34
00625_png.rf.b15263530e618bef5dcca44d6b366af4.jpg,real,real,8.79
00641_png.rf.209677163b344b6f2348004c79c8d91b.jpg,real,real,31.89
00652_png.rf.617d4a97cdd5d85f19fefc42a8d43ec2.jpg,real,real,25.46
00655_png.rf.511c350b023b46383c43098abec73b55.jpg,real,real,26.77
00662_png.rf.0c5cae84521f86a4c62f11f6dba87546.jpg,real,real,28.85
00678_png.rf.a2a2f0d7b6e1188b2db333e7a97cc36b.jpg,real,fake,47.05
00689_png.rf.09d254c07a3b2b0b834b1f70f35364b3.jpg,real,real,39.63
00690_png.rf.e2d6adf212b3f7ef5515842e37f797c8.jpg,real,real,32.72
00716_png.rf.8e8954265f6e9ec0e43ffe0eba8fb9e1.jpg,real,real,6.63
00717_png.rf.996c2fb7529e5ae60bee3171c2f3e594.jpg,real,real,45.55
00723_png.rf.f7b749748c2463d549a5176e5fbf337b.jpg,real,real,18.0
00726_png.rf.e1d8fffabe071f9e5813b28b6005cf0c.jpg,real,real,37.69
00733_png.rf.f6083dd5c1f61a769582171a57b8477f.jpg,real,real,16.69
00746_png.rf.8d7f39785fe4e733b82f5a97e77d2752.jpg,real,real,26.72
00754_png.rf.52093eeb746cf32089b6cd37b80cc7b6.jpg,real,fake,43.85
00758_png.rf.4f3302755f3f200c3b519bcfa7354494.jpg,real,real,29.5
00761_png.rf.2b4fe6aff75405922e07d2f8b8087978.jpg,real,fake,21.53
00764_png.rf.4d629b1dd8f98736e7b213ccfca8d812.jpg,real,real,46.52
00768_png.rf.71a73242aa5310474ecf34361346955b.jpg,real,fake,16.93
00790_png.rf.34339c4d5bcfeb71542685e9c2d05e71.jpg,real,fake,20.25
00814_png.rf.230f1e31e44a1a7fc8a68908a242508e.jpg,real,real,20.01
00827_png.rf.6da23ea0a7b32866486f2ef13b4ea206.jpg,real,real,46.22
00853_png.rf.55702941b084f852344a5fae9049e1b0.jpg,real,real,49.55
00859_png.rf.ee36cb5d07aba3ac84e2441f539f5ac5.jpg,real,real,31.65
00877_png.rf.c99c1752416f24c96841ef4dd78d41c9.jpg,real,real,38.39
00879_png.rf.c54f70fffdd395289aea10ec173ad525.jpg,real,real,13.6
00881_png.rf.04babd32deb0d019e1f1eecc2117dd79.jpg,real,real,25.16
00882_png.rf.f0ae114f823b8c1d46285f6980e80256.jpg,real,real,30.79
00886_png.rf.a23edb877d36012f5cea4a1d11725288.jpg,real,real,10.26
00890_png.rf.983fece10493b9d8d7704807270f0068.jpg,real,real,30.64
00892_png.rf.593d9c8c8dcc440fd3234b7a11ae12d3.jpg,real,fake,21.41
00895_png.rf.a203033879966ccf1e4d2697f62a5cb2.jpg,real,real,8.44
00914_png.rf.40b1e4f6612686f328ca990372d8f776.jpg,real,real,49.74
00918_png.rf.550fc5ad096984611bfa4b639d9670a4.jpg,real,real,13.41
00920_png.rf.ee4c27b21d2ba439cd201b344bd403a0.jpg,real,real,26.67
00923_png.rf.a3cf1f4fa463ca6dfc5b7b01a8de8c07.jpg,real,real,18.51
00938_png.rf.132959b980891b52fee4cf9fb83ac5cd.jpg,real,real,20.58
00941_png.rf.ecf38c6e6b5c2b0f5a01033c1c4326ac.jpg,real,fake,46.9
00947_png.rf.e69efd56181866e0d1f9366580c254b2.jpg,real,real,1.09
00951_png.rf.53220641852ec3c5116477f209908051.jpg,real,real,34.88
00958_png.rf.b7cf53671f2d38802ed636f164611578.jpg,real,real,7.82
00959_png.rf.7e7ba496ce5eb71ca6291615108c3980.jpg,real,real,14.82
00961_png.rf.8f837224bfd98e6bd70a2c4f66d733d2.jpg,real,real,28.96
00966_png.rf.7f0a48cd04ba5111091f9ffbca298441.jpg,real,real,22.73
00980_png.rf.28fb496ec9ce7e1bfde66e7373acffbb.jpg,real,fake,32.0
01003_png.rf.61d0b097b43e2bc31187bb465d47c89f.jpg,real,fake,42.83
01007_png.rf.a9c1d7f68137a40d6142ec1990a78624.jpg,real,real,13.8
01019_png.rf.4f472304f013978e012bc874c9e7694d.jpg,real,real,48.38
01077_png.rf.91b86ea22f6e427f30d2572578e44f36.jpg,real,real,29.83
01081_png.rf.7000b4edd8c7b1319d0fa7d0c7f7a8ad.jpg,real,real,27.71
01082_png.rf.27fcc290a688796badbf1bfe19d53a7a.jpg,real,real,15.52
01087_png.rf.7660f15ed82e37ffff9ed1ec08022c46.jpg,real,real,7.68
01089_png.rf.a9f80aa5c42d4602c4849ce6e0930f7d.jpg,real,real,40.44
01120_png.rf.4f75ce9ed4e40db475153b9698fae361.jpg,real,real,32.81
01126_png.rf.3ffd4b16c8bbffc110f97456d9775840.jpg,real,real,2.45
01144_png.rf.b2f2eab73ca7284aef567811ff1a20de.jpg,real,real,16.04
01146_png.rf.31dabecdf8616198f11f217f19778b91.jpg,real,real,29.0
01156_png.rf.815b6e0b9b5d5432bf889fec0ecbda61.jpg,real,real,30.49
01160_png.rf.5fa219d30a8739e7bd0f5f38f712b756.jpg,real,real,6.84
01163_png.rf.ea192f806e336d97ff749f2068c6e722.jpg,real,real,7.92
01174_png.rf.fd13ed23219ee28307187dfa085647ee.jpg,real,real,4.66
01181_png.rf.7a709f9c8662ce3f98b872c3af78278e.jpg,real,real,20.97
01184_png.rf.0de0ed8966974e05fbafc3acd65515a2.jpg,real,fake,44.92
01187_png.rf.b72fcd9f0f3c9b743631d62ac5f89f6b.jpg,real,real,44.08
01200_png.rf.448931fc1513fa77857924bd5d28890e.jpg,real,real,25.57
01202_png.rf.e23bc39379f314a063b199dc0ee122cf.jpg,real,real,4.01
01205_png.rf.b0bc9bc49c4de1fbb16a7503049a279b.jpg,real,real,46.84
01208_png.rf.58b5616505ae3991b17ea3287211688c.jpg,real,real,8.7
01245_png.rf.be93d43995117127590340fc15054246.jpg,real,real,29.52
01253_png.rf.b5fa56b5ba4d1536471956a1c6d08962.jpg,real,real,32.6
01263_png.rf.d7e1be9d82a218d98a27645aa10337d6.jpg,real,real,16.34
01278_png.rf.ef4e3a81b6a60fb4aca80064999f0633.jpg,real,real,40.31
01282_png.rf.817f4601af8e015dc3c353f4beafde67.jpg,real,real,32.21
01314_png.rf.0de5f9d8d0a6e3974ba40f7bf4795c24.jpg,real,real,21.05
01320_png.rf.75c189b78279aa06484fdad4dc70345c.jpg,real,real,42.12
01328_png.rf.e9ddbb888729b69f872c209d73954842.jpg,real,real,45.18
01331_png.rf.cb680f14c87a168835edb888fff1b877.jpg,real,real,15.13
01352_png.rf.c96a0b52540b8b1eeb1fbd34cb74c814.jpg,real,real,41.21
01367_png.rf.b6daf2346b87f0c6a1417cdd2e2197e6.jpg,real,real,22.76
01373_png.rf.8519f12a72e60ed41a8f700f78815755.jpg,real,real,32.39
01378_png.rf.90f994961d2ce6747cf7cec4583d43de.jpg,real,fake,25.34
01381_png.rf.feac420870081bfeea557b5e9d4fedbd.jpg,real,fake,31.66
01384_png.rf.5711200c3218e3d55c679520bc5ede78.jpg,real,real,49.39
01385_png.rf.08fc987edbbb27a6bb39a44aa70bb7ce.jpg,real,real,9.07
01393_png.rf.15fa711007bcd874bbf88eaf5918a37f.jpg,real,fake,30.16
01397_png.rf.7243a15e615dc1dcfa10a545b2da17af.jpg,real,real,27.91
01410_png.rf.547efd469cce6e0a7f5d0be79db88cc2.jpg,real,real,13.18
01445_png.rf.161115426a639ce702be84493a8b3e54.jpg,real,real,17.56
01469_png.rf.4b9c649be1b598922d010a794ee4263b.jpg,real,real,8.66
01476_png.rf.b4e80349c8469380cd3c6fedef152f86.jpg,real,fake,5.52
01479_png.rf.8a31b6e0ecc2fc134354489b432266f4.jpg,real,fake,16.24
01488_png.rf.934b041febe3b1a174fc4c93181c6ec4.jpg,real,real,49.35
01489_png.rf.7f4eeac7cfe60835242a6e15749b40db.jpg,real,real,10.92
01520_png.rf.9a13340d449d8bf569c6f8de8152ebae.jpg,real,real,46.15
01522_png.rf.b0e72249f52d0114649d1336e0145573.jpg,real,real,38.28
01530_png.rf.b6d184ab052cae5435c0553a18227c22.jpg,real,real,30.21
01551_png.rf.df472333f5f42c4e0edfd40df25b3bab.jpg,real,real,27.32
01565_png.rf.3a02a71543bdd4c5620721640983efb8.jpg,real,real,32.59
01567_png.rf.05513ed53dc467446583193d6a8e2dec.jpg,real,real,4.85
01584_png.rf.ff109da7a1328f94e1889f208949013a.jpg,real,fake,46.48
01595_png.rf.f748871605432eecea5f33d5511e0473.jpg,real,fake,28.23
01615_png.rf.568ae45c3d476db1d5970c305aa8124f.jpg,real,real,29.39
01632_png.rf.7649004bdc339295552e8d1076b2e10c.jpg,real,real,22.24
01638_png.rf.97b19e5da26f34d64e37512d12fd9b68.jpg,real,real,41.89
01642_png.rf.2db6e49b3f2f566ae652093749c24e68.jpg,real,real,28.8
01646_png.rf.149127676ab5c1f2dffb7a2da9f8290a.jpg,real,real,9.28
01647_png.rf.43f0174a7a80301f85f602b511c428b3.jpg,real,real,34.61
01648_png.rf.9a2eb55622e4b121524047db8efd518c.jpg,real,real,43.51
01656_png.rf.314c487f89cc125ea31f3cbbfce78532.jpg,real,real,8.89
01660_png.rf.a0a7ec6137b413832c2a46e03838e108.jpg,real,real,3.9
01662_png.rf.13d690839a667f22d28d0ab98b943a6e.jpg,real,real,39.82
01666_png.rf.87d293cd8d401e784e1b84bddce83e30.jpg,real,real,26.75
01672_png.rf.426e96b3cb1f7f9802fc2ba763e5a102.jpg,real,real,6.38
01693_png.rf.2b7c2f966109ce1795d2c83edede0c0f.jpg,real,real,11.6
01702_png.rf.d8cea8793cac11722be37a5c513b83a6.jpg,real,real,20.31
01736_png.rf.ff36772e8e5e7c5f226ec020c413640d.jpg,real,real,33.98
01751_png.rf.cad3d851525388f85b7c34dae981c937.jpg,real,real,13.17
01754_png.rf.83603d9994bb013e6429c7d43698832d.jpg,real,real,36.25
01758_png.rf.249ab3cbb60abfd3e0390ff3fa20ee1b.jpg,real,real,33.06
01780_png.rf.c266df358216bd18b5120ff7ccfa7cff.jpg,real,fake,27.7
01786_png.rf.05c185a4403c32ddb906799f12c7135c.jpg,real,fake,35.01
01790_png.rf.e77a3f928be4f74b287b3139de21fb3e.jpg,real,real,18.1
01795_png.rf.6d3c861e1be42972735cf4f29145c18d.jpg,real,real,1.68
01811_png.rf.c88001cf3568d29de525379b507f3fd9.jpg,real,real,8.52
01813_png.rf.c61ade716c80d257ae6f0874a01d3de1.jpg,real,real,10.64
01845_png.rf.4c13347c286d05cc321e1050b170c061.jpg,real,real,36.08
01860_png.rf.35f0dbea3fc64b42a6c3e4e06acdf5b0.jpg,real,real,33.64
01870_png.rf.1c37e33da1b8c1af390c1c8d91ad03d1.jpg,real,real,33.13
01873_png.rf.b32d85884918991823d8e86ec7065e3a.jpg,real,real,11.21
01877_png.rf.a5927285d9cd3ec174477fc3c2f5cad7.jpg,real,real,32.22
01884_png.rf.37ec2eca693fb81c1e9bb1552e89fdb3.jpg,real,real,13.47
01892_png.rf.3ca4081d9abcc7a7dc645312f0a9bb09.jpg,real,real,28.21
01929_png.rf.a85a0b4243ab310a4eb24b465b54d6d8.jpg,real,real,20.72
01930_png.rf.382e98e3fb5fae0e5df883798633655c.jpg,real,real,22.36
01932_png.rf.ae36728ca51f01670e8db44535f89712.jpg,real,real,40.65
01957_png.rf.d84e0e4585bea2f5138915e0c65ce47a.jpg,real,real,13.78
01961_png.rf.36635e4016cf2fcd01cf5ae6faa330e8.jpg,real,fake,25.21
01964_png.rf.02ed1cd50c1160ec17ea7fd59e92df1e.jpg,real,fake,45.99
01976_png.rf.e274e5c8b1cb6d35375fcd46676cc7cc.jpg,real,fake,25.0
01979_png.rf.0b79fd1cefabe58a6f05354c636af813.jpg,real,real,36.15
01988_png.rf.f7f2f0b6d78854122da950dbcc81ed90.jpg,real,real,2.12
01993_png.rf.82f9774d4ef7c8c73a1367405e267e74.jpg,real,fake,44.68
02006_png.rf.c55aef6d7dc4685a3b179b2105c57dd3.jpg,real,real,35.94
02010_png.rf.69797d27182c7d13756fd87a5a41b033.jpg,real,real,45.96
02012_png.rf.849e8bafc58db8b8edf4d5afe8793cf5.jpg,real,real,48.94
02013_png.rf.9a564270f0f59e3f2fe363a73f0e8cc9.jpg,real,fake,40.68
02014_png.rf.a4a1a730fe0c03af9bb43facdc6ee42e.jpg,real,real,9.34
02017_png.rf.2393b56aebb6e376822d90646e4f25e5.jpg,real,real,10.23
02023_png.rf.cafcc39a2afad338d3193835501c0b00.jpg,real,real,18.28
02029_png.rf.a8354913ba44cede1c8b96fdf4a5e76d.jpg,real,real,44.15
02035_png.rf.a7b75a3ff48901fe520a7010c6efb24e.jpg,real,real,37.44
02036_png.rf.ecf9fe003d22e86da1e42587afc581d1.jpg,real,real,35.03
02038_png.rf.cfd87a06ce232003cd246ceb5a485f65.jpg,real,real,31.68
02050_png.rf.4001463473692cd93e5373c2d71b2a52.jpg,real,real,5.11
02057_png.rf.797fcd9ff7a6f5618e4088fce03816e8.jpg,real,fake,49.05
02058_png.rf.e514eb0e64413154ee76551686be45fa.jpg,real,fake,44.23
02066_png.rf.39861ef2dfa0eaee63a779fb4b6a0515.jpg,real,real,16.73
02075_png.rf.8ee0d4ee8b0d547b7ff4697389890200.jpg,real,fake,43.21
02083_png.rf.84708b297fabeb5cc9eacd77da932ddb.jpg,real,real,16.46
02089_png.rf.5305a30c43c011388e8e8f086dcb7d94.jpg,real,real,2.94
02101_png.rf.aa5ee70fca37b72f02a992cba372d366.jpg,real,fake,36.53
02116_png.rf.8fb0010f02538476b330e2eb85d5846a.jpg,real,real,28.16
02124_png.rf.82ada9cf9f3c37325cc72a7483d77711.jpg,real,real,21.54
02136_png.rf.01b67c3059f09ba918660bceac23d958.jpg,real,real,21.66
02138_png.rf.c84ce27b6d391bb5deab5b7e9bc41eec.jpg,real,real,1.53
02140_png.rf.4ccb77a4c1c47b3f41d947a442feda64.jpg,real,real,22.37
02168_png.rf.f49bde9dff409392a7932f99021363b2.jpg,real,real,24.6
02181_png.rf.cbc3ceccb2718124c3b7621a9b8b9bd3.jpg,real,real,32.37
02205_png.rf.2c98c1bd98433059656fbf96292dd6c2.jpg,real,real,29.17
02218_png.rf.ca519e55d3afd773cce13db9bf358ae0.jpg,real,real,48.56
02242_png.rf.512eb406c50aeb51e9da7451e0c9b483.jpg,real,real,20.94
02246_png.rf.5629e5eee537c72e00ee96e9d22a11ef.jpg,real,real,48.72
02252_png.rf.b0360e17cd5afafe187f2170486ffb41.jpg,real,real,8.47
02255_png.rf.f5e75823bfd3f1b4faade7cb7e6bf352.jpg,real,fake,39.32
02271_png.rf.7b3c357ecfd185d6f25145f9e820b9d8.jpg,real,real,12.28
02286_png.rf.78079c75a884a5176ead1c979c47d422.jpg,real,real,40.86
02298_png.rf.ebe7fd5a8c5ad369a122b9c4f9049a21.jpg,real,fake,47.37
02302_png.rf.8ac1a725654702108c8125bea9e9ea28.jpg,real,real,31.05
02319_png.rf.2a8118550d432923f62433aa40ca02a6.jpg,real,fake,46.8
02324_png.rf.b969029e5d0004260b350c3fcafe00d8.jpg,real,real,12.5
02335_png.rf.7bd33ebca989b4eee1687d4dee13dd21.jpg,real,fake,38.92
02369_png.rf.5d1c77a0b241140e6dbd4cce34cd84af.jpg,real,fake,37.99
02380_png.rf.8539593e7e17c0338512c315171b7503.jpg,real,real,43.47
02384_png.rf.7167deebdb1f198f22375c3e7513d9a1.jpg,real,real,1.27
02400_png.rf.d866e284b357c1dccfd793ef097743f0.jpg,real,real,49.55
02404_png.rf.e276bf3a00bbeeb49bbe211a303317f1.jpg,real,fake,41.49
02415_png.rf.8421707be98979bf450acd0644cb38b7.jpg,real,real,0.5
02422_png.rf.9b66e35f2c308f99edeef2f3c51bfc9b.jpg,real,real,11.24
02432_png.rf.2c68b7f356e2e05c430859421278584f.jpg,real,real,39.79
02447_png.rf.2835e1f1f748bd403f5ec02d065b290a.jpg,real,real,47.21
02449_png.rf.179a7eac8e51518db17489e233972704.jpg,real,fake,49.63
02486_png.rf.81e6b800bc788a344ff2dcf483399ed8.jpg,real,fake,21.2
02513_png.rf.c0794bf09d0def7673c368e058a29dfb.jpg,real,real,30.65
02522_png.rf.7437bba3e8bf596b82c7baf3baa02ae9.jpg,real,fake,37.54
02530_png.rf.9c170ef55d7b3abf22774704a6e3b0b6.jpg,real,real,6.79
02531_png.rf.8eff48c5106047eb4840e55b5395b391.jpg,real,real,8.21
02534_png.rf.116c26f1db78ada5cba5ba0350fcf199.jpg,real,fake,33.43
02538_png.rf.049b88217c0197cfe04a43b330d0f43b.jpg,real,real,7.06
02551_png.rf.272aa1434f7e75bfab8faf87cbfb6224.jpg,real,real,21.76
02552_png.rf.fa1de26464594748d89e7ab58d7ae0dd.jpg,real,real,11.06
02567_png.rf.aaa49f09b747db607b72682e5ea19ed8.jpg,real,real,16.86
02575_png.rf.e8c6217b964503e60df843b30f9159f7.jpg,real,real,36.56
02583_png.rf.3af40cbc8bf0685acd1c80880e623c4f.jpg,real,real,41.48
02584_png.rf.eeaa3878c56d88ffe8d4b84f144cd456.jpg,real,real,19.31
02585_png.rf.abe2167101b741aa1e346f3c61529ed5.jpg,real,real,21.44
02637_png.rf.5fdd30f86eb17a1bca3165f0c2a0c1cc.jpg,real,real,19.52
02645_png.rf.69a50fe2cd26c7943319d0e00ad0dd92.jpg,real,fake,46.79
02652_png.rf.32b9c2ccaf3ff968afa8f0e9b11a868b.jpg,real,real,0.63
02659_png.rf.09124234556c2eb86057968fa900e886.jpg,real,real,36.07
02664_png.rf.35d2e4ea6620b4fe7faab4cabe620f13.jpg,real,real,38.72
02675_png.rf.5b627ee3a42ba349c9931b914225d7a9.jpg,real,real,40.46
02690_png.rf.1da8f76ce8318d4eb26e2fe67b5fc53b.jpg,real,real,46.6
02708_png.rf.6d5d2924c99cca569b9c966ebbe0af5b.jpg,real,real,16.89
02724_png.rf.518a053f1b178c0abc12d808a95fc4f6.jpg,real,fake,22.13
02731_png.rf.75c5d0365d8f59810f6121927386e936.jpg,real,real,13.44
02740_png.rf.bc051b8e16333164ba3811b90a094e92.jpg,real,real,9.29
02749_png.rf.a20a7caa996d8669e5ab2e02b8f9c4fa.jpg,real,real,16.12
02833_png.rf.a9b23ef3a4c5be028baf6fd91616da80.jpg,real,real,12.48
02844_png.rf.6a8c89628ba502a7cd858f74f5add556.jpg,real,real,10.96
02855_png.rf.c22bd63a3a94e350dbb14d0cec43066f.jpg,real,real,42.16
02890_png.rf.bb0e6cb7a727ee2c5d1356939f45da52.jpg,real,real,30.98
02898_png.rf.a55819981f7e81709bc23cc269b76f6d.jpg,real,fake,12.75
02900_png.rf.4a53efa0770d05a0f2baf1293a4aec38.jpg,real,real,19.23
02904_png.rf.da0302753cdb4f7d53b8a2f75ce4a64c.jpg,real,real,18.37
02915_png.rf.ab9baedd8c76590719929a9df9a5a1e2.jpg,real,real,22.03
02918_png.rf.21b6de40a67c36e466caa00cefaaf906.jpg,real,real,1.14
02923_png.rf.99e9610e730c111d8867df86d2b878e3.jpg,real,fake,30.81
02941_png.rf.b6ea167c7ef32c83612aeba9802b51cd.jpg,real,real,15.93
02942_png.rf.bf4ae1de6e98d8d4cd18ca6dc25b752d.jpg,real,real,13.23
02964_png.rf.27607c60c3c57ca1c7408039a85bc6b7.jpg,real,real,4.18
terivbcgpp.jpg,real,fake,23.31
tespazgblv.jpg,real,fake,48.64
tesqddrvcp.jpg,real,fake,31.58
tetssskfkx.jpg,real,real,37.42
tevixrowti.jpg,real,real,44.09
tevthqtlzp.jpg,real,fake,36.44
tevuebmruk.jpg,real,real,40.95
tevzouteet.jpg,real,real,17.65
texqtliuqz.jpg,real,real,36.38
teytocyalh.jpg,real,real,37.59
tezjtpctqs.jpg,real,real,48.4
tfbbffzdph.jpg,real,real,36.32
tfbgohkzzz.jpg,real,fake,48.07
tfbvbyliwh.jpg,real,fake,33.63
tfddwvpqxx.jpg,real,real,14.73
tfelmzyikr.jpg,real,real,45.05
tffwojlksq.jpg,real,real,30.64
tfgjykyhum.jpg,real,real,15.87
tfgrohwcbq.jpg,real,real,45.95
tfheclbxtr.jpg,real,real,37.68
tfhrnoapsg.jpg,real,real,43.59
tfincmnmwv.jpg,real,real,39.2
tfivpvandt.jpg,real,real,49.73
tfjuxlncqx.jpg,real,real,41.02
tfkjujxssl.jpg,real,real,36.68
tfkscoffwe.jpg,real,real,39.61
tflbxeudbx.jpg,real,real,44.35
tflwinehym.jpg,real,real,48.94
tfmwmmtpgj.jpg,real,real,46.0
tfnitflqff.jpg,real,fake,44.76
tfnuiwjlxd.jpg,real,fake,31.57
tfoixxmpoo.jpg,real,real,42.11
tfoxelmnjx.jpg,real,fake,46.61
tfpsnwsdgo.jpg,real,real,29.47
tfptxfvcqs.jpg,real,fake,37.2
tfrquxdoxy.jpg,real,fake,37.28
tfutwoccmy.jpg,real,fake,46.31
tfvlewbimv.jpg,real,real,46.69
tfwdbkwvgz.jpg,real,fake,32.46
tfwguyebqt.jpg,real,real,43.42
tfwqooumdi.jpg,real,real,46.38
tfxdjbczua.jpg,real,fake,49.36
tfxkhcttdz.jpg,real,real,20.16
tfyfppivdw.jpg,real,real,46.65
tgahqyzpod.jpg,real,real,48.13
tgawasvbbr.jpg,real,fake,45.91
tgbciglpoi.jpg,real,real,38.0
tgbxaqrsxp.jpg,real,real,37.15
tgcgughqjf.jpg,real,real,41.9
tgdfcwrccc.jpg,real,real,36.81
tgdvnjxqiq.jpg,real,fake,47.75
tgdwqisubw.jpg,real,real,42.14
tgfcowpkfj.jpg,real,real,46.92
tgfrvltqgb.jpg,real,real,31.14
tggvkvjppv.jpg,real,fake,46.27
tggyqzqwpg.jpg,real,fake,44.84
tgideafqrm.jpg,real,real,14.22
tgjeihxolq.jpg,real,fake,45.57
tgkfpzaezd.jpg,real,real,36.78
tglgtnseox.jpg,real,real,48.6
tgmqfzsznf.jpg,real,real,29.98
tgmqpnqqwr.jpg,real,real,39.75
tgobqutmvi.jpg,real,fake,44.5
tgqjetehoc.jpg,real,fake,45.52
tgtilqdelb.jpg,real,real,5.61
tgubqgefyz.jpg,real,fake,47.27
tgvfypoxcr.jpg,real,real,37.11
tgvwkmmxra.jpg,real,real,45.13
tgvymitbia.jpg,real,fake,41.19
tgwjmhotdf.jpg,real,real,23.77
tgwpcoljin.jpg,real,real,45.56
tgwptkzquf.jpg,real,fake,43.83
tgwvzoncvd.jpg,real,real,29.81
tgxhlgspvk.jpg,real,real,33.13
tgxpotsudo.jpg,real,real,44.95
tgyfipzczb.jpg,real,fake,49.01
tgywkgigal.jpg,real,real,27.57
tgzyaxustu.jpg,real,fake,49.6
theyuezzhi.jpg,real,real,49.5
thfjhumgbp.jpg,real,fake,33.91
thfzywypts.jpg,real,fake,15.81
thgdukjjbc.jpg,real,fake,43.93
thhgvxqnqv.jpg,real,real,42.82
thjudqtide.jpg,real,real,49.99
thjugpbwcv.jpg,real,fake,33.82
thkdzpjesm.jpg,real,real,46.6
thkfrdqitc.jpg,real,fake,43.7
thlsdnvgqd.jpg,real,real,47.58
thlzaujkbk.jpg,real,real,32.47
thodjevvjy.jpg,real,fake,49.36
thpjwmvayl.jpg,real,real,38.63
thqevqbxwt.jpg,real,fake,45.75
thvdoktlxs.jpg,real,real,30.15
thwdckrmkm.jpg,real,real,31.86
thwifdrtjy.jpg,real,real,22.44
thxmpsntub.jpg,real,real,40.32
thyoqkcvqq.jpg,real,real,48.62
thypmfwbbk.jpg,real,real,45.09
thzgowdakt.jpg,real,fake,37.36
thzhsmszle.jpg,real,real,25.96
ticjgcirbg.jpg,real,fake,42.75
ticjnwfzmb.jpg,real,real,46.58
ticmmnfdio.jpg,real,real,46.05
tihcdjinxj.jpg,real,fake,49.67
tihgxlmfcj.jpg,real,real,38.7
tijjjsqqwu.jpg,real,real,41.18
tilbomnrla.jpg,real,real,29.89
tiluljwptt.jpg,real,fake,22.43
tinyzmufap.jpg,real,fake,45.67
tiofbsmhhz.jpg,real,fake,44.84
tiomadqphd.jpg,real,real,48.17
tiqzetjopn.jpg,real,real,41.45
titljuwzlf.jpg,real,fake,28.98
titlyyrfyv.jpg,real,fake,35.05
titmflflrv.jpg,real,real,34.37
titvikgntw.jpg,real,real,39.16
tiuhqipcse.jpg,real,fake,40.48
tivkmbqgwp.jpg,real,real,47.64
tivrxoldxt.jpg,real,fake,45.81
tixjufrvid.jpg,real,real,45.2
tjakcacjok.jpg,real,fake,49.64
tjapnyvxuv.jpg,real,fake,40.81
tjbqbxpelz.jpg,real,fake,30.18
tjbqmyaimq.jpg,real,real,47.18
tjesaachtd.jpg,real,real,48.36
tjeteztywm.jpg,real,fake,47.31
tjfjyispfe.jpg,real,fake,44.23
tjflivqctv.jpg,real,fake,44.5
tjjblctjfx.jpg,real,fake,40.56
tjjiejdbgx.jpg,real,fake,32.54
tjmarccuel.jpg,real,real,43.99
tjnkhaahgz.jpg,real,real,39.8
tjnlcylcoe.jpg,real,real,42.37
tjnsflfqfs.jpg,real,real,38.0
tjqrbghiiz.jpg,real,fake,21.71
tjtlnaujez.jpg,real,real,36.52
tjuclkratk.jpg,real,real,30.78
tjucqbfrms.jpg,real,fake,44.51
tjupfspjfr.jpg,real,real,24.21
tjyuudtkme.jpg,real,real,44.73
tkakcsqqyv.jpg,real,fake,22.93
tkbdkceeug.jpg,real,real,48.25
tkcbvnzhib.jpg,real,real,46.34
tkcthfzrqa.jpg,real,real,49.11
tkdtonbpsd.jpg,real,real,35.82
tkecyiimoq.jpg,real,real,39.07
tkfgoklkww.jpg,real,fake,35.17
tkhttgergf.jpg,real,real,39.82
tkhvfnjmqd.jpg,real,real,47.91
tkhydmjnyq.jpg,real,real,48.95
tkiktkqbxg.jpg,real,real,49.25
tkkpzptjrz.jpg,real,fake,33.15
tkldxtsuya.jpg,real,fake,49.72
tkmhqwsxqe.jpg,real,fake,47.58
tkofwngclr.jpg,real,fake,35.08
tkoyswvpjj.jpg,real,real,40.03
tkozmpfutn.jpg,real,real,38.5
tkplsqobra.jpg,real,fake,22.01
tkpotdwnlo.jpg,real,fake,45.32
tkpqyqmtgk.jpg,real,real,38.41
tkrfoxvcvi.jpg,real,real,48.06
tkrksosymh.jpg,real,real,45.46
tkrworlkkq.jpg,real,real,42.66
tkstmvxukx.jpg,real,fake,49.33
tktmacftbm.jpg,real,real,15.78
tkuztxpuut.jpg,real,real,37.3
tkwccpqgev.jpg,real,real,49.79
tkxblcleyd.jpg,real,real,40.81
tkxxzzmqzy.jpg,real,real,33.29
tkxzneqajx.jpg,real,real,47.66
tkxzpcbocw.jpg,real,fake,48.81
tkygmnaifp.jpg,real,fake,49.79
tkzhajldax.jpg,real,fake,47.64
tlcvcbarnk.jpg,real,fake,47.66
tldhgjvtvl.jpg,real,real,40.04
tldyompxcf.jpg,real,fake,48.19
tleyjmuted.jpg,real,real,48.94
tlfhfylwez.jpg,real,real,38.44
tlgvytnqvn.jpg,real,fake,38.98
tlimufbiog.jpg,real,fake,39.81
tljwcstorv.jpg,real,real,34.35
tlkdwclwsq.jpg,real,real,30.47
tlkqppughq.jpg,real,real,24.08
tlmhxzgnfc.jpg,real,fake,49.99
tlmnwgauei.jpg,real,fake,27.33
tlqapqqspa.jpg,real,fake,48.39
tlqsngfust.jpg,real,real,36.34
tlrcbdyjus.jpg,real,real,39.74
tlrkbtpfdd.jpg,real,real,35.81
tltgdjhhjw.jpg,real,real,47.19
tlvrpscrnl.jpg,real,real,49.04
tlxgwzheli.jpg,real,real,49.48
tlzomxnncq.jpg,real,real,49.42
tlzordotqw.jpg,real,fake,46.51
tmabkyuunq.jpg,real,real,35.47
tmadjtypjv.jpg,real,real,37.19
tmdformfqp.jpg,real,real,39.68
tmfschpvyo.jpg,real,fake,49.96
tmgmbnzrrz.jpg,real,fake,29.36
tmhpspyhbl.jpg,real,real,23.59
tmkvixuchy.jpg,real,real,35.59
tmmjeiysan.jpg,real,real,41.75
tmmrhcmvzi.jpg,real,real,45.73
tmnromayen.jpg,real,real,49.57
tmodfqaizl.jpg,real,fake,46.45
tmoocljjtx.jpg,real,real,36.9
tmpsfqbcul.jpg,real,fake,39.35
tmpvgviduc.jpg,real,real,41.76
tmrfqhjiwd.jpg,real,real,19.87
tmrzevirxz.jpg,real,real,45.36
tmtoypmqwt.jpg,real,real,49.39
tmughcavoo.jpg,real,real,30.23
tmuyidvvsa.jpg,real,real,37.05
tmvqmdzyln.jpg,real,fake,25.36
tmxcslnloq.jpg,real,real,45.25
tmxryudjcy.jpg,real,real,37.18
tmywsxixwd.jpg,real,fake,34.33
tmzhggzzqg.jpg,real,fake,47.08
tnafseauhv.jpg,real,real,33.47
tnagfjqngs.jpg,real,fake,47.94
tnbongyrve.jpg,real,real,29.4
tnbwkospyz.jpg,real,real,18.35
tndudimvjx.jpg,real,real,23.46
tndzgxtcnk.jpg,real,real,35.6
tnejujplgd.jpg,real,fake,46.89
tnetytnegv.jpg,real,real,5.69
tnggazmfhc.jpg,real,real,45.49
tngozonnjt.jpg,real,real,39.65
tnjrofvrba.jpg,real,real,12.74
tnkdhvneyk.jpg,real,fake,42.58
tnkmovifrb.jpg,real,fake,21.83
tnkqdvbare.jpg,real,real,29.73
tnmmihprvw.jpg,real,fake,44.7
tnmrvixxdm.jpg,real,real,45.66
tnnrbyjbhb.jpg,real,fake,46.5
tnpswtqsfe.jpg,real,fake,35.65
tnqnvcbhyl.jpg,real,fake,46.69
tnrdnomwxx.jpg,real,fake,39.97
tnrjilxomb.jpg,real,fake,43.31
tnsuuzoimb.jpg,real,fake,34.95
tnvupncnpj.jpg,real,real,11.84
tnwghrborx.jpg,real,real,43.88
tnwqtcfuyz.jpg,real,fake,44.0
tnxvpbqxza.jpg,real,real,39.91
tnyzlscjat.jpg,real,real,21.53
tnzehiyfaz.jpg,real,real,11.21
tobkpktdmr.jpg,real,fake,32.92
toccypftya.jpg,real,fake,46.48
tocsinrihd.jpg,real,fake,40.16
tocvvjfjzz.jpg,real,fake,40.18
todmxhamgy.jpg,real,real,23.67
todvzqzwit.jpg,real,real,30.71
todxkniupi.jpg,real,fake,38.41
togfsvdkax.jpg,real,real,31.03
tohigipsdo.jpg,real,real,32.99
tohrqjyter.jpg,real,fake,37.79
tohwrxinix.jpg,real,fake,46.8
toilsxpnma.jpg,real,fake,47.33
tojojaisaw.jpg,real,real,49.92
tokkkdfyds.jpg,real,real,6.6
tolskpcvln.jpg,real,real,23.94
tomcgrgzft.jpg,real,real,42.74
tomrdqcrcl.jpg,real,real,35.56
tomunwedej.jpg,real,real,31.48
tomzpivjic.jpg,real,fake,39.63
tootprfpqg.jpg,real,real,43.83
topxckuyhd.jpg,real,fake,45.57
topyiohccg.jpg,real,fake,42.72
toqsroahdz.jpg,real,real,40.76
toqtdogdma.jpg,real,fake,38.57
torjqecxjw.jpg,real,fake,34.78
torsafixfh.jpg,real,fake,49.2
tosbzklgvk.jpg,real,real,45.0
tosebikbvk.jpg,real,real,29.04
touinthtia.jpg,real,real,44.43
toxdjqiazo.jpg,real,real,45.73
tpftkaveyq.jpg,real,real,41.96
tpgcqvavhv.jpg,real,real,36.35
tpimxrtuxf.jpg,real,fake,38.99
tpiohdvwyf.jpg,real,real,48.51
tpjydgkvdt.jpg,real,fake,38.86
tpocmszkhh.jpg,real,fake,49.86
tponvddrem.jpg,real,fake,41.6
tppunhkvef.jpg,real,real,47.71
tpqdixzqqk.jpg,real,fake,46.73
tprzawmxem.jpg,real,real,42.85
tpssbrfvce.jpg,real,real,28.52
tptrzibaxl.jpg,real,fake,19.41
tptveeqpvb.jpg,real,real,44.31
tpuqjkapsg.jpg,real,real,34.91
tpxkhzhqjk.jpg,real,fake,43.59
tpyrrhzwkx.jpg,real,real,18.09
tpzecuwvyf.jpg,real,real,40.03
tpzexcdnqr.jpg,real,fake,45.78
tpztvhiiyt.jpg,real,real,44.5
tqaaxebfgr.jpg,real,real,41.74
tqaeqjczaz.jpg,real,real,37.16
tqbuhktkzs.jpg,real,real,45.51
tqcvwosock.jpg,real,fake,28.82
tqfhvnxumz.jpg,real,real,42.14
tqgjmwzsij.jpg,real,fake,48.4
tqhbgzfwsf.jpg,real,real,5.0
tqjjothuxf.jpg,real,fake,42.65
tqkjwiwcbc.jpg,real,fake,29.03
tqljyqrltf.jpg,real,fake,45.71
tqnneolghh.jpg,real,real,32.06
tqnytsurko.jpg,real,fake,37.65
tqomwetaiv.jpg,real,real,47.11
tqpgqgxufi.jpg,real,real,42.28
tqtsmvddjz.jpg,real,fake,40.64
tquwnrfeiu.jpg,real,real,43.71
tqvdelijls.jpg,real,real,45.7
tqvqaxdatc.jpg,real,fake,46.41
tqvubheeue.jpg,real,fake,29.9
tqwzdikjoe.jpg,real,real,41.94
tqxrfjvcdw.jpg,real,fake,43.36
tqymjlgdsf.jpg,real,fake,34.4
tqypumsbjy.jpg,real,fake,49.95
tqzemlqluj.jpg,real,real,48.15
tqzouiqsne.jpg,real,real,30.23
trbdicpeov.jpg,real,real,35.88
trbganyvna.jpg,real,real,6.7
trcmcqzilk.jpg,real,fake,48.37
trddonzcjv.jpg,real,real,47.18
trdxflaivn.jpg,real,real,43.61
treklubxvy.jpg,real,fake,39.67
trgeveouxp.jpg,real,fake,49.4
trginvkaom.jpg,real,real,42.43
trgxeznqjh.jpg,real,real,48.86
trimxjevrn.jpg,real,real,19.37
trlnvcnomf.jpg,real,fake,33.18
trlsaggttc.jpg,real,fake,48.08
trpmabgeyv.jpg,real,fake,36.21
trpofaspmo.jpg,real,real,43.13
trsrhodjti.jpg,real,real,23.69
trtasyvhtu.jpg,real,real,28.91
trtxfafvta.jpg,real,real,38.45
trvqryiuqr.jpg,real,fake,45.42
tsbczzhory.jpg,real,real,41.56
tsbsvwxfye.jpg,real,fake,35.72
tscegfccol.jpg,real,fake,25.69
tscwdmbhea.jpg,real,fake,47.55
tsdznnygdu.jpg,real,real,32.06
tsemmqvtch.jpg,real,fake,45.15
tsgcssoqur.jpg,real,fake,30.06
tshdcohmxk.jpg,real,real,44.67
tsjlhnfsfy.jpg,real,real,31.13
tskjnnvjsa.jpg,real,real,49.34
tslxhjhmwo.jpg,real,real,27.15
tspntsgzsw.jpg,real,fake,44.93
tsqnshpqga.jpg,real,fake,48.9
tsrjzzynxa.jpg,real,fake,44.08
tsrturndzh.jpg,real,real,19.94
tsssvunxbs.jpg,real,real,37.83
tsswxgwnta.jpg,real,real,42.39
tsvbsrtcom.jpg,real,fake,40.93
tsvhwitvah.jpg,real,fake,32.89
tsvtztuzyv.jpg,real,real,32.57
tsyhaasqip.jpg,real,fake,37.11
tsyzjopkwc.jpg,real,fake,45.95
ttaawifovj.jpg,real,real,49.94
ttckjjxzlq.jpg,real,fake,37.94
ttdpxkthet.jpg,real,real,8.73
ttdvijptfl.jpg,real,real,45.59
tteirtovcw.jpg,real,real,47.98
ttgaikzvix.jpg,real,fake,49.59
ttgfcsyfcg.jpg,real,real,49.41
tthzwvzcir.jpg,real,real,28.3
ttjviidmte.jpg,real,fake,44.79
ttjxosproz.jpg,real,real,46.98
ttjynsccut.jpg,real,fake,38.69
ttmgegmswe.jpg,real,real,48.58
ttobmbsfoo.jpg,real,fake,30.89
ttojeckitg.jpg,real,fake,28.94
ttolgnigix.jpg,real,fake,40.56
ttpkekxdrp.jpg,real,real,37.34
ttpnpcrksg.jpg,real,real,46.09
ttqenwctml.jpg,real,real,35.24
ttryiygtow.jpg,real,fake,47.22
ttujtsurby.jpg,real,fake,31.56
ttwhkhnwmh.jpg,real,real,43.88
tucgexaclt.jpg,real,fake,37.15
tucqgjzpip.jpg,real,real,36.08
tucqunndgv.jpg,real,fake,33.32
tuczksimuw.jpg,real,real,32.65
tudhvzaumf.jpg,real,real,40.84
tudovrmtmj.jpg,real,fake,45.0
tufairxmjd.jpg,real,real,42.19
tuguvkftxa.jpg,real,real,27.1
tuhacvtkxk.jpg,real,real,44.15
tujmugpbrc.jpg,real,fake,39.02
tumhpiarww.jpg,real,real,34.95
tupereyivk.jpg,real,real,9.92
turhmezheg.jpg,real,fake,47.19
tuufvbwtfk.jpg,real,real,43.99
tuvlvdluyk.jpg,real,real,32.08
tuwqwhvnwi.jpg,real,real,36.95
tvaxisdvio.jpg,real,real,41.37
tvcjyzkezk.jpg,real,real,42.09
tvddjqbhho.jpg,real,real,11.24
tvdlpqwnzl.jpg,real,fake,44.64
tvdzwxjcnb.jpg,real,real,49.23
tvelhvrphe.jpg,real,fake,30.66
tvffpggbrc.jpg,real,real,49.71
tvfyffofef.jpg,real,fake,45.73
tvgwxzluns.jpg,real,real,7.77
tvgxhqxxuu.jpg,real,real,38.12
tvihzkjdmm.jpg,real,real,31.33
tvikgdjous.jpg,real,real,28.98
tvkgkxuvhb.jpg,real,real,45.83
tvkgolydsf.jpg,real,fake,39.41
tvmhtenbmn.jpg,real,real,35.58
tvmnokdwuw.jpg,real,fake,47.53
tvmzuxpluu.jpg,real,real,45.61
tvnisvybvq.jpg,real,real,31.46
tvnppdihxj.jpg,real,real,27.19
tvnsqdgkrp.jpg,real,fake,49.79
tvoyqshutk.jpg,real,real,45.07
tvpdydluzo.jpg,real,real,42.78
tvrcvwzlql.jpg,real,fake,38.66
tvrwjmjeyn.jpg,real,fake,48.09
tvwrmhszkm.jpg,real,real,18.92
tvwrowvqiy.jpg,real,real,43.68
tvyynmqlll.jpg,real,real,40.23
twaxosuslj.jpg,real,fake,43.36
twdhojvmfq.jpg,real,fake,38.9
twdjnmqbwa.jpg,real,fake,44.87
twfknwahjz.jpg,real,fake,40.47
twgkgbovph.jpg,real,real,48.29
twgnqdszeg.jpg,real,fake,36.12
twgobosowv.jpg,real,fake,36.42
twgvbzaecy.jpg,real,fake,45.84
twjkmepiaf.jpg,real,fake,33.68
twkbhtuvyk.jpg,real,real,48.1
twmrqnzndg.jpg,real,fake,42.75
twoegzinpj.jpg,real,real,49.19
twoeqfkfeb.jpg,real,fake,49.59
twogaebjzx.jpg,real,real,42.83
tworzxrwuf.jpg,real,fake,37.87
twqxiioazc.jpg,real,real,48.91
twumhemqae.jpg,real,real,21.81
twvdcuwpsu.jpg,real,fake,47.56
twwxfkocjh.jpg,real,real,45.42
twxhtqqvsy.jpg,real,fake,40.15
txcbqzervc.jpg,real,real,46.53
txcegmtcte.jpg,real,real,16.66
txfozivwlq.jpg,real,fake,46.32
txfymgwywr.jpg,real,real,49.61
txgqzdwslh.jpg,real,real,41.81
txhmrahjzu.jpg,real,real,41.03
txhvyhbyig.jpg,real,real,21.75
txigfcrvgz.jpg,real,fake,41.43
txljinhqzx.jpg,real,real,48.1
txlqytmqqn.jpg,real,real,39.26
txmumsxqzj.jpg,real,real,47.18
txnmkabufs.jpg,real,fake,49.43
txowuqeova.jpg,real,fake,41.0
txqfblxkkt.jpg,real,fake,49.72
txshgvrava.jpg,real,fake,45.5
txtrbqitgt.jpg,real,fake,40.36
txtzdfwgvx.jpg,real,fake,46.58
txufvsufou.jpg,real,real,43.59
txxebsjqvw.jpg,real,fake,42.49
txxyjdxsmz.jpg,real,fake,40.44
tyaakhhemf.jpg,real,real,31.66
tyamaxmysq.jpg,real,real,47.38
tyatbyiulg.jpg,real,fake,24.53
tycakarvpn.jpg,real,real,49.04
tydgbpqhws.jpg,real,fake,46.86
tyezdclxvc.jpg,real,fake,26.35
tyfxosqosz.jpg,real,real,36.09
tygaurfrgm.jpg,real,real,47.53
tygzlpfsmy.jpg,real,fake,45.43
tyhykbqbab.jpg,real,fake,41.72
tyjfjxobtr.jpg,real,real,37.61
tyjpjpglgx.jpg,real,fake,49.52
tyjxmknivy.jpg,real,real,44.45
tyktexgzhh.jpg,real,real,20.51
tylfjhnwbr.jpg,real,fake,44.65
tyluelydzm.jpg,real,real,24.27
tymcuyunhe.jpg,real,real,40.75
tynmvmtvbv.jpg,real,fake,48.51
tyoajgawsz.jpg,real,real,44.01
tyobejnzyu.jpg,real,real,36.65
tyowfefncw.jpg,real,real,35.28
tysrnftddc.jpg,real,real,32.3
tyvaqjlgfq.jpg,real,fake,44.16
tyvehspuil.jpg,real,real,46.23
tyvnebhivl.jpg,real,real,38.95
tyvwufmegc.jpg,real,real,35.53
tyxnbpqrhj.jpg,real,real,41.85
tyyfzycpci.jpg,real,real,45.67
tzablgewui.jpg,real,fake,49.0
tzbpevdzwr.jpg,real,fake,43.53
tzcmeuimda.jpg,real,real,48.91
tzectnaqyj.jpg,real,real,47.94
tzeushzkoj.jpg,real,fake,46.95
tzftvixuzs.jpg,real,fake,40.06
tzgoroiixc.jpg,real,real,44.99
tzickiqkiu.jpg,real,real,30.67
tzieufabln.jpg,real,fake,45.04
tzkwtsrsvf.jpg,real,real,37.76
tzmithsdcj.jpg,real,real,35.43
tznkzweueh.jpg,real,fake,45.13
tzodxkvvdq.jpg,real,real,42.73
tzovcturqn.jpg,real,real,43.46
tzowwbwfwe.jpg,real,real,44.16
tzpgvrhwyn.jpg,real,fake,43.83
tzsnrrptgs.jpg,real,fake,45.96
tztehbwdcg.jpg,real,fake,43.25
tzvifcoosi.jpg,real,fake,35.86
tzwywrsuvl.jpg,real,real,36.42
tzxivnjskh.jpg,real,fake,49.09
tzzfwjxmwc.jpg,real,real,20.1
uabtksaprw.jpg,real,real,49.88
uacsjjovzb.jpg,real,real,17.1
uafpckeiyf.jpg,real,fake,32.51
uafpynytut.jpg,real,fake,30.65
uajcixseap.jpg,real,real,46.87
uaksgtuuny.jpg,real,real,33.96
uambqlgxwt.jpg,real,real,41.84
uaqsajoudl.jpg,real,real,45.48
uarkueisee.jpg,real,real,49.85
uarqstmana.jpg,real,real,35.08
uasontfiho.jpg,real,real,45.89
uatsfwahwn.jpg,real,fake,47.18
uawheugzzu.jpg,real,real,17.34
uaxmqpmswz.jpg,real,real,43.21
uayzvvmhjr.jpg,real,real,22.0
uazbhwyysx.jpg,real,fake,45.84
uazqfdtslm.jpg,real,real,40.3
ubarhvreoj.jpg,real,real,43.32
ubbzrfgzer.jpg,real,fake,48.77
ubcnhlrrdk.jpg,real,real,40.15
ubctqmglhv.jpg,real,real,35.76
ubdouhkxfs.jpg,real,real,42.41
ubdvfljeha.jpg,real,real,26.16
ubeftiwrrg.jpg,real,fake,38.17
ubliqtsusq.jpg,real,fake,48.05
ubnxmiqwim.jpg,real,real,36.69
ubnxuyqwvf.jpg,real,real,47.65
ubogmlusof.jpg,real,real,47.85
ubpbrbkmuz.jpg,real,real,45.59
ubplsigbvj.jpg,real,real,41.49
ubscyrnxsp.jpg,real,fake,49.92
ubsnavshog.jpg,real,real,47.86
ubtptsudra.jpg,real,real,38.65
ubvqirgajh.jpg,real,real,44.08
ubwwnofjvs.jpg,real,fake,32.31
ubxunrtocn.jpg,real,real,11.11
ubydbjxdmr.jpg,real,real,44.58
ubyhbxawde.jpg,real,real,46.99
ucacfasdqc.jpg,real,fake,31.48
ucbxvhpnqi.jpg,real,fake,43.96
ucfmrreqff.jpg,real,real,38.28
ucfoqnytpf.jpg,real,fake,47.06
ucfuqbrrcc.jpg,real,real,34.49
ucgaxulxxy.jpg,real,real,37.41
ucgzjcoxyo.jpg,real,real,18.76
ucheuhoqvo.jpg,real,real,49.94
uchzxjmkgi.jpg,real,fake,46.61
ucidfsqdkw.jpg,real,fake,47.4
ucjhjbljlm.jpg,real,real,43.57
ucjqufyrhm.jpg,real,fake,46.98
uckscgssmu.jpg,real,fake,40.03
uclacnshpd.jpg,real,real,38.17
uclaifhwxb.jpg,real,real,27.58
uclruqbktp.jpg,real,real,32.14
ucmfbukrkj.jpg,real,real,33.73
ucmgkukqpg.jpg,real,real,35.63
ucorvldjhi.jpg,real,fake,44.54
ucotuvlloo.jpg,real,real,46.07
ucputfupah.jpg,real,real,45.4
ucpxblzsvo.jpg,real,fake,45.69
ucqrttbieb.jpg,real,real,41.29
ucryyubbqk.jpg,real,fake,48.98
ucrzkzlepu.jpg,real,fake,47.63
ucszfyitlr.jpg,real,real,46.7
ucthmsajay.jpg,real,fake,48.11
uctwqnogiy.jpg,real,real,30.76
ucuoymuoyj.jpg,real,real,34.58
ucveeogevx.jpg,real,real,48.69
ucwvxiyvtm.jpg,real,real,42.14
ucwwycqpeu.jpg,real,fake,42.37
ucxnaqenaw.jpg,real,fake,43.79
uczwkxwjpb.jpg,real,real,41.74
udbjrvwqmr.jpg,real,real,49.04
udbmmuvkbe.jpg,real,real,32.95
uddhsafcuq.jpg,real,real,37.5
uddsbdybad.jpg,real,fake,44.75
udecqcgqgr.jpg,real,fake,49.61
udfhgndovq.jpg,real,fake,21.85
udfmguouqh.jpg,real,fake,46.52
udgswgspcm.jpg,real,fake,27.1
udhjcljtxr.jpg,real,real,16.59
udhoamgxmx.jpg,real,fake,35.31
udhrjqdycg.jpg,real,fake,31.11
udibpixgcr.jpg,real,real,22.1
udlipwvqdl.jpg,real,real,45.22
udmaefzqln.jpg,real,real,37.78
udsyeyojsn.jpg,real,real,48.13
udvjwmiwlr.jpg,real,real,31.72
udxlfkswse.jpg,real,fake,46.91
udzcqwjwin.jpg,real,real,48.47
udzuptdfzl.jpg,real,real,35.94
ueazlabegv.jpg,real,fake,48.69
uebjocpkna.jpg,real,real,43.17
uebkyvdovg.jpg,real,real,39.79
uegbdtjxgz.jpg,real,real,2.77
uegkvbnpwm.jpg,real,fake,46.45
uegsvqxklf.jpg,real,real,10.44
uehbcgdudu.jpg,real,real,43.84
uekbdxgnip.jpg,real,real,36.78
uekiaunxsu.jpg,real,real,47.68
uemryxhskr.jpg,real,real,25.15
uemwnzdgjl.jpg,real,real,41.54
uenwpeiaev.jpg,real,real,42.68
ueqbcbqpep.jpg,real,real,30.15
ueqxiroiqn.jpg,real,real,48.21
uescttvvue.jpg,real,real,44.95
uetfcmaryk.jpg,real,fake,40.69
ueubtanxdy.jpg,real,fake,39.74
uevxdeenvj.jpg,real,fake,46.36
uewvyltinv.jpg,real,real,25.52
ueypichnye.jpg,real,real,42.57
ueytxdmdpn.jpg,real,fake,44.95
ueyvyjtycn.jpg,real,real,40.68
uezivatpvs.jpg,real,real,28.74
uezqggbrcf.jpg,real,real,43.46
ufadqtpbwp.jpg,real,real,37.8
ufbnvxizjh.jpg,real,fake,42.48
ufbtccwmhu.jpg,real,real,45.82
ufdphycjtk.jpg,real,real,44.14
uffktidjaz.jpg,real,real,48.43
ufglaqhwvn.jpg,real,real,43.86
ufifaektfz.jpg,real,real,46.21
ufiwltnbqn.jpg,real,real,13.19
ufizpokygp.jpg,real,real,44.89
ufjhkhldct.jpg,real,real,32.04
ufkgroaxik.jpg,real,real,49.93
ufleamtwer.jpg,real,fake,44.12
ufnbfvyfih.jpg,real,real,47.89
ufpxtididk.jpg,real,real,35.08
ufqdkwuzeb.jpg,real,fake,48.95
ufqeokijvk.jpg,real,real,45.4
ufqlylhixm.jpg,real,real,36.53
ufqqjghikx.jpg,real,fake,45.99
ufremskbnb.jpg,real,fake,49.8
ufunfswczg.jpg,real,fake,32.57
ufwsepxqbr.jpg,real,real,41.69
ufxafdxpat.jpg,real,real,39.03
ufzmblbemg.jpg,real,real,31.82
ufztcqwftt.jpg,real,fake,42.73
ugafanvnqp.jpg,real,fake,37.95
ugagvibmsu.jpg,real,fake,49.66
ugbqimxwhj.jpg,real,fake,48.64
ugccizzpzk.jpg,real,fake,40.52
ugdlazckto.jpg,real,real,17.2
ugehfvqgbq.jpg,real,fake,48.17
ugepabcunl.jpg,real,fake,46.49
uggjvftuua.jpg,real,real,45.81
ugitfhliiq.jpg,real,fake,40.83
ugjufkwtrc.jpg,real,real,34.7
ugooshulwj.jpg,real,real,47.65
ugozwrxycw.jpg,real,real,38.05
ugpufkleno.jpg,real,real,41.15
ugqlenmrtl.jpg,real,real,43.62
ugrlhuxwkw.jpg,real,fake,47.35
ugskjblnmu.jpg,real,fake,43.73
ugueeljcck.jpg,real,fake,49.55
ugujwdhxjd.jpg,real,fake,30.9
ugxmzszzyo.jpg,real,fake,49.54
ugybuhnuoy.jpg,real,real,38.94
ugyeuuwkla.jpg,real,real,45.93
uhbqewipcd.jpg,real,fake,49.42
uheltvvhrl.jpg,real,real,45.53
uheoswsuja.jpg,real,real,47.78
uhfmuoxxty.jpg,real,fake,49.92
uhfmyeefsz.jpg,real,fake,36.44
uhfzpdidyb.jpg,real,real,45.88
uhjgynzpze.jpg,real,real,35.85
uhkrrduzkc.jpg,real,fake,45.62
uhndegdcvw.jpg,real,fake,49.22
uhojzlbfpa.jpg,real,real,41.46
uhqwaoxxcj.jpg,real,fake,48.41
uhrqlmlclw.jpg,real,fake,46.18
uhrvmearuj.jpg,real,fake,26.21
uhtmgorbnm.jpg,real,fake,30.07
uhykndptvh.jpg,real,fake,48.73
uhynwthfhf.jpg,real,fake,30.5
uhzfamieuz.jpg,real,fake,40.57
uhzgpoxmuq.jpg,real,fake,43.22
uidlalkquf.jpg,real,fake,46.07
uifkegagsf.jpg,real,real,43.7
uifzzichej.jpg,real,real,31.31
uihfymknbd.jpg,real,real,24.37
uihhczxmqr.jpg,real,fake,45.33
uihudeajwz.jpg,real,real,37.45
uiiehkxvew.jpg,real,real,47.01
uilxcencvx.jpg,real,real,36.0
uimkoyxrjp.jpg,real,real,49.13
uinolrohev.jpg,real,real,33.79
uiofjtvvmb.jpg,real,fake,43.71
uioxplbbbt.jpg,real,fake,38.08
uipcqpdyef.jpg,real,fake,20.91
uipkpbgxkr.jpg,real,real,40.7
uipnntqgmm.jpg,real,real,14.81
uipnxxcpwk.jpg,real,fake,42.86
uirahoityi.jpg,real,real,3.13
uirbsagvgg.jpg,real,real,32.73
uirqyhpswp.jpg,real,fake,39.64
uisuxausdz.jpg,real,fake,40.18
uitduchtwi.jpg,real,fake,47.52
uiwjvauleo.jpg,real,real,32.76
uixmggnprp.jpg,real,fake,45.15
ujbkkujoea.jpg,real,real,35.03
ujcbqxpmis.jpg,real,real,27.59
ujdlrroaec.jpg,real,real,32.8
ujdxwsyxlf.jpg,real,real,48.55
ujgcgqysia.jpg,real,real,26.81
ujhjgutsfc.jpg,real,real,36.22
ujhxwcfwyd.jpg,real,fake,46.5
ujivurbzyc.jpg,real,fake,45.56
ujiwhorqyl.jpg,real,real,39.46
ujjkzsdtiz.jpg,real,fake,44.69
ujkgexkbos.jpg,real,real,43.57
ujnoyvmfhj.jpg,real,fake,48.25
ujoyxrqwud.jpg,real,fake,46.61
ujpezoihxn.jpg,real,fake,43.39
ujunqskegt.jpg,real,fake,45.26
ujyowwqpri.jpg,real,real,39.62
ujzncalkmc.jpg,real,real,48.99
ujzwwfkeia.jpg,real,fake,48.61
ukaaxdrqqj.jpg,real,fake,38.95
ukacifecol.jpg,real,real,37.06
ukbksxpfjg.jpg,real,real,38.35
ukciaexlcb.jpg,real,real,41.19
ukdhnwwnmt.jpg,real,fake,34.17
ukdocncxpz.jpg,real,real,31.08
ukdququojq.jpg,real,real,23.8
ukezkomunq.jpg,real,fake,45.15
ukghnocwfw.jpg,real,real,48.77
ukheqmmuch.jpg,real,real,47.92
ukiheldhqs.jpg,real,real,36.57
ukjadomrax.jpg,real,real,45.38
uklcztomai.jpg,real,fake,47.06
uklgnlpbsp.jpg,real,fake,16.88
ukmiuwpsif.jpg,real,fake,28.33
ukoocfhise.jpg,real,fake,45.9
ukotfzrlge.jpg,real,real,47.36
ukotmrdpjw.jpg,real,fake,47.06
ukrvmiddhp.jpg,real,real,46.53
uktbwkihhl.jpg,real,real,48.6
ukuajnxcgv.jpg,real,real,42.21
ukxdazlghx.jpg,real,real,38.79
ulbqxiejgi.jpg,real,fake,42.03
ulbvjauchz.jpg,real,fake,17.64
ulfzoinpcs.jpg,real,fake,43.53
ulgpzmdawn.jpg,real,real,49.9
ulgwbvqgta.jpg,real,real,38.41
ulkmrwykqx.jpg,real,real,46.59
ulktozegxh.jpg,real,real,34.14
ulofgxniva.jpg,real,fake,47.33
ulpwhcmkln.jpg,real,real,49.08
ulqckpzekt.jpg,real,real,30.45
ulrvzaozvl.jpg,real,real,41.16
ulrxaqmhrr.jpg,real,fake,48.49
ultlinksik.jpg,real,fake,41.29
uluebrwgra.jpg,real,real,38.44
ulvtuaeutx.jpg,real,real,42.35
ulvzpojvys.jpg,real,fake,47.73
ulwbmcaode.jpg,real,real,29.71
ulxnsfkewu.jpg,real,real,23.85
ulzwtgjmpn.jpg,real,real,41.62
umaapupckb.jpg,real,real,30.9
umbgeawmln.jpg,real,real,49.4
umduhcebay.jpg,real,real,49.21
umeprzcdcd.jpg,real,fake,49.56
umerhoubxw.jpg,real,real,43.77
umfjeabksw.jpg,real,fake,46.55
umgmlregyv.jpg,real,real,39.43
umhsxmwvnd.jpg,real,fake,49.13
umicymstag.jpg,real,fake,44.22
ummfefjqgc.jpg,real,real,46.01
ummsgvlpuh.jpg,real,fake,38.74
umrvsrftms.jpg,real,fake,39.3
umsjbpjqjx.jpg,real,fake,39.74
umsnfssapq.jpg,real,real,36.83
umtkkrdyxk.jpg,real,fake,47.45
umtqdtidfm.jpg,real,fake,47.74
umukykyqpv.jpg,real,real,45.04
umvdtehxpn.jpg,real,fake,41.38
umvwfynjoo.jpg,real,fake,47.01
umyqrzpscl.jpg,real,fake,44.77
umytvrrjrk.jpg,real,fake,48.55
umzhqfsatf.jpg,real,real,10.74
unalzvcclv.jpg,real,fake,44.18
unciahaaok.jpg,real,fake,49.05
uncpwycfwx.jpg,real,real,39.54
uncyecqmtf.jpg,real,real,31.56
unggaeogeb.jpg,real,real,31.55
unipwyfqcd.jpg,real,real,36.87
unkvwttnqk.jpg,real,fake,38.99
unltsfsceq.jpg,real,real,12.4
unmfaaaeln.jpg,real,fake,48.32
unnvrkthai.jpg,real,real,48.95
unoackfdpo.jpg,real,fake,45.19
unpxsnhsft.jpg,real,real,41.1
unqatfflwv.jpg,real,fake,46.07
unqrsvtogq.jpg,real,fake,43.76
unqwlzzckc.jpg,real,fake,28.75
unsvzmknde.jpg,real,real,27.56
unsyiirxsp.jpg,real,real,48.95
unuxwfsksb.jpg,real,real,30.82
unxasrosgl.jpg,real,real,43.72
unywvlbnwl.jpg,real,fake,28.04
uoajjolmzt.jpg,real,fake,43.89
uodarndzsb.jpg,real,fake,45.03
uodwphygbp.jpg,real,fake,44.86
uoeebxpetx.jpg,real,fake,46.45
uoflaxwzez.jpg,real,real,45.79
uofwcmrhmr.jpg,real,real,49.69
uofzwkeapv.jpg,real,real,47.07
uogkikugah.jpg,real,fake,45.26
uogrczqptf.jpg,real,fake,29.16
uojgiwhlfg.jpg,real,fake,47.96
uojxlxwuzd.jpg,real,real,20.93
uolqmqsgbs.jpg,real,real,10.34
uomapsnmwy.jpg,real,real,6.22
uonshkejav.jpg,real,real,12.59
uonwfowmfa.jpg,real,real,45.97
uoptulivph.jpg,real,fake,38.43
uorhfryoru.jpg,real,real,48.12
uotxnsybqe.jpg,real,real,42.66
uoupjcutcp.jpg,real,real,38.85
uoxdsdyrcb.jpg,real,real,38.65
uoyabkqpex.jpg,real,real,44.22
uoyklhrqav.jpg,real,real,26.52
uoywrrhasp.jpg,real,real,47.83
upawlovoyb.jpg,real,real,38.69
upbercvjsr.jpg,real,fake,46.58
upbgvatwft.jpg,real,real,20.49
upbqmldoka.jpg,real,real,17.66
upcofjresc.jpg,real,real,43.33
upcpqraglb.jpg,real,fake,48.51
updcxohtnn.jpg,real,real,46.48
updjivevfn.jpg,real,real,28.15
upezcrcdqz.jpg,real,real,38.1
upfihkxrcz.jpg,real,real,42.34
upgerjvcjb.jpg,real,fake,42.75
upgxnkryjs.jpg,real,real,46.82
uphqymqhik.jpg,real,fake,44.08
upiglnuxww.jpg,real,fake,42.28
upimquyuzb.jpg,real,real,36.36
upjdccuuzr.jpg,real,real,48.43
upkytynpel.jpg,real,fake,49.06
upkzpbdlbj.jpg,real,fake,48.9
uplsyyljtv.jpg,real,real,22.29
upmgtackuf.jpg,real,real,45.47
upmsoebmpc.jpg,real,fake,43.88
upnlaucocm.jpg,real,real,40.44
upnywxkcuw.jpg,real,real,31.77
upnzyzlwnh.jpg,real,real,33.81
upoexxyqor.jpg,real,real,39.15
upowrtzdno.jpg,real,real,29.47
upphlazxcl.jpg,real,fake,39.12
upppyqjddg.jpg,real,fake,36.3
uprwuohbwx.jpg,real,fake,48.94
upubtgycvq.jpg,real,fake,35.11
upwuufxocl.jpg,real,real,43.78
upxbzxgoco.jpg,real,fake,40.16
upxhhdpcii.jpg,real,real,46.3
upxmtwqqik.jpg,real,real,33.17
upypnfwhqx.jpg,real,real,36.09
uqaaspbgtz.jpg,real,fake,45.14
uqadoepiic.jpg,real,real,7.1
uqbpznmcjj.jpg,real,real,35.27
uqddgucqbq.jpg,real,fake,49.34
uqerusmaka.jpg,real,fake,35.07
uqfawpqmjg.jpg,real,fake,40.9
uqffqijvxt.jpg,real,real,48.36
uqguyibemu.jpg,real,real,43.52
uqhoxraupo.jpg,real,fake,48.03
uqkbctetpi.jpg,real,real,47.95
uqlbpoleew.jpg,real,real,47.33
uqmdorxhqd.jpg,real,fake,43.55
uqmwwqkppo.jpg,real,real,39.82
uqognreaor.jpg,real,real,43.6
uqprlobtsn.jpg,real,real,36.92
uqpwibielr.jpg,real,real,10.15
uqqegrmuth.jpg,real,real,44.92
uqqrxxgwgd.jpg,real,real,44.52
uqrgyoozvq.jpg,real,real,46.52
uqrtkvkwdu.jpg,real,real,46.81
uqsictgsxf.jpg,real,fake,45.13
uquiozoudk.jpg,real,real,26.47
uqunxvrfhd.jpg,real,real,38.21
uqvbuptnfv.jpg,real,fake,35.93
uqxeoibzvv.jpg,real,real,47.25
uqxmskujse.jpg,real,fake,40.38
uqzbwowjai.jpg,real,real,43.45
uqzkqbdpfx.jpg,real,fake,48.72
uratvdiptg.jpg,real,real,35.26
urbulrzowx.jpg,real,fake,44.22
urbxghqejl.jpg,real,fake,47.57
urbybjokuy.jpg,real,real,28.24
ureaimdzsn.jpg,real,real,46.55
urepmiaqqr.jpg,real,real,21.77
urhafrmeox.jpg,real,real,40.36
uriohazzqe.jpg,real,real,26.07
urloiqxdwi.jpg,real,fake,34.94
urnqalzaon.jpg,real,fake,48.21
urooekxlmq.jpg,real,fake,34.61
uropdnfcxp.jpg,real,fake,41.73
urorioavby.jpg,real,real,42.34
urpdwjsjkf.jpg,real,real,49.38
urqaihjkol.jpg,real,real,46.05
urqnlofnpa.jpg,real,fake,47.35
urqtyxbwce.jpg,real,fake,41.57
urrbejkrri.jpg,real,real,44.61
urrmqfhbwx.jpg,real,real,46.83
urrrqoybnq.jpg,real,fake,48.38
uruioabeay.jpg,real,fake,43.39
urvmevrjut.jpg,real,fake,29.31
urvpisjzlv.jpg,real,real,48.65
urvsslnhee.jpg,real,real,44.33
urwmdcngau.jpg,real,fake,26.12
urwteitazn.jpg,real,real,35.07
urxdctqpqx.jpg,real,fake,45.9
urxifmrcll.jpg,real,real,48.87
urxizgowsj.jpg,real,fake,39.91
uryamchmyh.jpg,real,fake,42.78
urynqxxkxx.jpg,real,real,40.2
usbetlgwhj.jpg,real,real,42.84
usbfdqgbym.jpg,real,real,48.48
usbzfkhyth.jpg,real,real,32.99
usckhmrgev.jpg,real,real,27.34
uscvdwdtvp.jpg,real,fake,22.71
usdspcjqmu.jpg,real,fake,32.77
usenqorfbm.jpg,real,fake,47.76
usesdmuqzh.jpg,real,real,44.66
useyqsfxsr.jpg,real,real,20.42
usgjegmdgr.jpg,real,fake,37.35
usgsmxfelo.jpg,real,fake,41.8
ushfsgkbit.jpg,real,real,46.0
usizruoopi.jpg,real,real,13.85
usjbortonm.jpg,real,real,37.27
usjebzgmce.jpg,real,fake,13.62
usjqyfgrpu.jpg,real,real,48.48
uskrifltcy.jpg,real,real,41.29
uskysinzim.jpg,real,real,47.67
uslfuhiexh.jpg,real,real,42.48
uslnmnpyty.jpg,real,real,43.52
uslscwulok.jpg,real,fake,37.0
usmciumoyl.jpg,real,fake,42.11
usmmpqmokb.jpg,real,real,45.15
usmwfoeysu.jpg,real,real,31.25
usmxakqiml.jpg,real,real,36.0
usnyozppis.jpg,real,fake,21.0
usorkdoptf.jpg,real,real,49.15
usqwjtjrjg.jpg,real,fake,35.16
usrhzywhjt.jpg,real,real,39.08
usrqadpesh.jpg,real,fake,45.38
usrvunyylx.jpg,real,fake,45.96
ustzhrwopt.jpg,real,real,45.3
usvtycwvwk.jpg,real,real,46.15
uswonbndql.jpg,real,real,44.0
usxbjyowsi.jpg,real,real,46.29
usxwvvhtih.jpg,real,fake,41.21
usyuzzmkyx.jpg,real,real,43.42
utbdmqjrhg.jpg,real,real,34.02
utbukhjacn.jpg,real,real,10.81
utdnfsfkap.jpg,real,real,48.45
utevdmzzen.jpg,real,fake,45.38
utfamtxcne.jpg,real,real,30.03
utgbmipcmp.jpg,real,real,38.39
utjlovulfq.jpg,real,fake,41.27
utndcmipgm.jpg,real,real,41.41
utnizyqmri.jpg,real,real,41.34
utnwupjdpp.jpg,real,real,46.68
utqangjsad.jpg,real,fake,42.0
utqiyokaxa.jpg,real,real,36.93
utrmwnogjd.jpg,real,real,31.11
utuootjwlc.jpg,real,fake,49.12
utvnuhrhxe.jpg,real,fake,33.28
utwhtoowwm.jpg,real,real,38.37
utyrstessb.jpg,real,fake,46.93
utzrzvhnbe.jpg,real,real,46.79
uubjjckmej.jpg,real,real,23.28
uudhxrgrix.jpg,real,fake,36.98
uudouzhchc.jpg,real,fake,46.64
uueykqzcll.jpg,real,real,28.32
uugkcetjxj.jpg,real,fake,35.26
uuihvfgqau.jpg,real,real,41.32
uuisaarhzt.jpg,real,fake,47.26
uuixytykuc.jpg,real,fake,48.47
uujtgpehhz.jpg,real,real,25.99
uulabkvfns.jpg,real,real,41.07
uulbfrrfdr.jpg,real,real,49.86
uulplqqlom.jpg,real,fake,40.46
uunealgwvj.jpg,real,fake,44.7
uungjhphuv.jpg,real,fake,49.05
uuniyowdis.jpg,real,fake,29.45
uuotyjxvod.jpg,real,fake,43.38
uuqrzdhjuh.jpg,real,fake,27.86
uurqeigztd.jpg,real,real,45.17
uurycrrtfc.jpg,real,fake,47.0
uusihxiomf.jpg,real,real,42.87
uusmztzrkb.jpg,real,real,35.92
uusnayebqq.jpg,real,real,22.84
uutjxdvywj.jpg,real,real,7.86
uuuokilkbr.jpg,real,real,41.9
uuvnxfzdtj.jpg,real,real,31.44
uuvoiaekth.jpg,real,real,23.8
uuwfgichjb.jpg,real,real,42.36
uuwidltakm.jpg,real,real,39.05
uuwxzuccwb.jpg,real,real,45.22
uuxajkbaga.jpg,real,real,44.1
uuxqylnzls.jpg,real,fake,49.78
uuxslyqkrs.jpg,real,real,38.08
uuynfvpdzz.jpg,real,fake,42.88
uuzyzglejw.jpg,real,fake,49.15
uvcmnjvwwg.jpg,real,fake,21.31
uvcxmvabgx.jpg,real,real,42.9
uvenksrapv.jpg,real,real,49.54
uvhxgaoieh.jpg,real,fake,48.32
uvixoukpiv.jpg,real,real,35.81
uviywgksgd.jpg,real,real,38.24
uvjevytnqy.jpg,real,fake,43.37
uvmukuqcay.jpg,real,real,46.66
uvnefxyqsy.jpg,real,real,30.07
uvngwtikqt.jpg,real,real,38.64
uvogzfylos.jpg,real,real,48.85
uvospoaill.jpg,real,real,35.98
uvqoqaicbo.jpg,real,real,43.56
uvqpbzcqtc.jpg,real,real,49.5
uvqwmpfklm.jpg,real,real,41.35
uvrzaczrbx.jpg,real,real,48.46
uvsptpxhep.jpg,real,real,45.98
uvuahskwrx.jpg,real,real,48.11
uvublgiomi.jpg,real,real,37.18
uvucbujofz.jpg,real,real,39.9
uvuioxigps.jpg,real,real,7.31
uvuqozqxqt.jpg,real,fake,47.31
uvvnlsgoiu.jpg,real,real,47.41
uvxbqscnab.jpg,real,fake,45.28
uvxicudfgh.jpg,real,real,32.77
uvzktioygx.jpg,real,real,14.71
uvzlfuxalu.jpg,real,fake,21.3
uwagdhnadr.jpg,real,real,49.35
uwazhvyyzh.jpg,real,fake,48.81
uwbhcogubo.jpg,real,real,30.9
uwbpcdtmlb.jpg,real,real,49.94
uwgbfkztlz.jpg,real,fake,25.69
uwigpiavvn.jpg,real,real,49.14
uwjbwegyfx.jpg,real,real,35.4
uwkazachvs.jpg,real,real,48.88
uwkfgynugo.jpg,real,real,29.65
uwlzegtnya.jpg,real,real,47.5
uwneubrpkx.jpg,real,real,24.43
uwoxusohwy.jpg,real,fake,41.6
uwufxaczqi.jpg,real,real,45.84
uwyshkvtgr.jpg,real,fake,45.51
uwzuaveowu.jpg,real,fake,24.21
uxbeupxqqr.jpg,real,real,11.28
uxcgopzrod.jpg,real,real,23.45
uxebiobocr.jpg,real,real,33.14
uxehqfsezq.jpg,real,real,20.51
uxgkqpiykp.jpg,real,real,34.94
uxgwnnoolh.jpg,real,real,48.09
uxhjkyfkpe.jpg,real,fake,48.84
uxifqsovve.jpg,real,real,34.42
uxiopicest.jpg,real,real,25.2
uxjqrgtbck.jpg,real,fake,48.82
uxlsxewlrd.jpg,real,fake,45.37
uxlzsdgwzt.jpg,real,fake,47.22
uxmlxwtsuw.jpg,real,real,44.86
uxqzpuvwjq.jpg,real,real,8.52
uxraycluin.jpg,real,fake,37.72
uxsjbeatki.jpg,real,fake,42.9
uxsornonck.jpg,real,real,49.51
uxtnooctnv.jpg,real,fake,24.54
uxunebmxvx.jpg,real,real,45.99
uxvgfgwide.jpg,real,real,44.93
uxwzubexti.jpg,real,real,42.13
uyaocjjsib.jpg,real,real,41.77
uycnthxgws.jpg,real,fake,43.07
uydduzfxvj.jpg,real,real,19.07
uydlsvuore.jpg,real,real,47.34
uyeiheygxk.jpg,real,fake,16.99
uyemjrkiub.jpg,real,real,46.5
uyeuaymgdf.jpg,real,fake,48.42
uyfdoedjoj.jpg,real,real,6.86
uyfnfvsxez.jpg,real,real,41.99
uyhbbzgrkq.jpg,real,real,48.35
uyhruevqqg.jpg,real,real,43.41
uylmoywwhg.jpg,real,fake,44.34
uylzoijflt.jpg,real,real,39.96
uyndmiqdei.jpg,real,real,47.99
uyoghxdsym.jpg,real,real,39.25
uyogufqlec.jpg,real,real,47.38
uyopjtrmul.jpg,real,fake,47.33
uyqadnxxfv.jpg,real,fake,45.88
uyqztjxtte.jpg,real,real,41.96
uyrfbdbgsl.jpg,real,fake,42.79
uyrhbkmzat.jpg,real,real,43.97
uyrllyfhez.jpg,real,real,43.92
uyrmllxmpe.jpg,real,real,39.7
uyrphokgcd.jpg,real,real,26.69
uysbekdxsr.jpg,real,real,41.7
uysrvriege.jpg,real,fake,41.85
uywnytuagf.jpg,real,real,42.06
uyxyfbcdxd.jpg,real,fake,48.62
uyycnpjvqj.jpg,real,real,32.98
uyyxcqflpc.jpg,real,real,41.18
uyzggeepxn.jpg,real,real,39.72
uyzofgzrvw.jpg,real,fake,48.53
uyzvpvxclu.jpg,real,fake,36.79
uzbjgegtje.jpg,real,fake,45.73
uzcfalpfss.jpg,real,real,39.36
uzcjqwawex.jpg,real,fake,47.49
uzdmlxunsd.jpg,real,real,48.97
uzfcvoouwv.jpg,real,real,38.3
uzfxlwmdqi.jpg,real,real,48.47
uzgyehotay.jpg,real,real,31.83
uzhadpdyti.jpg,real,fake,46.59
uzhbwfpoqz.jpg,real,fake,49.43
uzirqfsjnm.jpg,real,fake,41.21
uzketnbfvk.jpg,real,real,46.81
uzlehukzwk.jpg,real,real,36.57
uzlkfyluxj.jpg,real,fake,46.14
uznvrkptpc.jpg,real,real,49.75
uznzhtokgq.jpg,real,fake,30.2
uzoqnyivuk.jpg,real,real,33.59
uzpioarfch.jpg,real,real,36.71
uzrkbzwdvi.jpg,real,real,36.34
uzsbhdyhgn.jpg,real,fake,46.42
uztrloeuqh.jpg,real,fake,42.57
uztttikeuj.jpg,real,fake,44.18
uzusitvarg.jpg,real,real,43.9
uzwmnlbyll.jpg,real,real,41.29
uzxuezozjx.jpg,real,real,45.75
uzxurqcdis.jpg,real,real,41.33
vaaklqubkr.jpg,real,real,38.2
vaanjlkzfn.jpg,real,real,50.0
vabhbfiifl.jpg,real,real,10.91
vacayinkey.jpg,real,real,42.36
vacpwhnksv.jpg,real,fake,47.64
vadksrlcod.jpg,real,real,30.37
vadzdqwzez.jpg,real,real,46.44
vagofhbsmd.jpg,real,real,48.11
vahicbizml.jpg,real,real,40.11
vaicfyqaje.jpg,real,real,13.03
vaikesmhcv.jpg,real,fake,46.98
vairuzvydz.jpg,real,fake,45.65
vaivelipfj.jpg,real,fake,49.47
vaiyfqbuiz.jpg,real,real,36.81
vajhspvilv.jpg,real,fake,38.14
vajkicalux.jpg,real,real,43.16
vakcnljnpc.jpg,real,real,42.51
vamxofolwd.jpg,real,real,48.84
vaquxsivgy.jpg,real,real,31.4
varfagexso.jpg,real,real,37.73
varyqeuood.jpg,real,real,44.43
vasbxjbiyl.jpg,real,real,30.68
vasffzldui.jpg,real,real,37.51
vastdazvjc.jpg,real,fake,49.97
vatyrhynal.jpg,real,fake,34.48
vauwkkjikv.jpg,real,fake,49.6
vavmtgexqo.jpg,real,real,35.08
vavphgfaan.jpg,real,real,44.65
vaxrdfpecx.jpg,real,real,45.27
vbbuxmblnp.jpg,real,real,48.29
vbbwarchsv.jpg,real,real,44.05
vbcqmyshxr.jpg,real,real,49.61
vbcwkzcbcl.jpg,real,fake,36.33
vbdpbjjzol.jpg,real,fake,37.59
vbepzdvgku.jpg,real,real,37.11
vbfixmtici.jpg,real,real,36.82
vbfjlcuswe.jpg,real,real,34.34
vbfxqmhmrs.jpg,real,fake,31.65
vbgaxczdap.jpg,real,real,42.37
vbhnpncyns.jpg,real,real,38.87
vbigmimfjp.jpg,real,real,42.25
vbisojlhpy.jpg,real,real,40.8
vbjajngdsk.jpg,real,fake,45.39
vblnxpxxqc.jpg,real,fake,24.3
vbmlhiuiof.jpg,real,fake,49.57
vbmnyscpev.jpg,real,fake,21.24
vbmwwdmhzu.jpg,real,real,42.01
vbnmqkfhlu.jpg,real,real,46.71
vbnsoqcsdc.jpg,real,real,44.5
vbpdwvkvxs.jpg,real,fake,45.65
vbrviucyqc.jpg,real,fake,41.63
vbuonvhhdj.jpg,real,fake,43.63
vbvcmubccp.jpg,real,real,42.7
vbvqmsxunj.jpg,real,fake,47.3
vbwgtabpcv.jpg,real,fake,49.89
vbwtnyqttl.jpg,real,fake,49.34
vbxtwsozyq.jpg,real,real,49.18
vbyjwspnie.jpg,real,real,43.24
vbywxlwjka.jpg,real,fake,35.46
vbzdlbcxwf.jpg,real,real,39.72
vbzzpkwnet.jpg,real,real,49.89
vcbocnyhuk.jpg,real,fake,39.31
vcbtvrseaf.jpg,real,real,41.45
vccgbreqta.jpg,real,real,31.47
vcfowchmxz.jpg,real,fake,45.52
vcgelshrli.jpg,real,real,49.26
vcghillvej.jpg,real,real,44.32
vchgbyqolg.jpg,real,fake,34.36
vchlzzsbyp.jpg,real,fake,46.68
vciegnusjr.jpg,real,real,43.13
vciejrdkgf.jpg,real,real,36.92
vckdweltri.jpg,real,real,43.12
vcnvsosfio.jpg,real,real,46.46
vcogqoawqj.jpg,real,real,37.67
vcoxcsxkmq.jpg,real,fake,49.78
vcqdmzirff.jpg,real,fake,47.55
vcqzrpkqqt.jpg,real,real,46.57
vcrhnsvmfy.jpg,real,real,8.4
vcrmlccwlo.jpg,real,real,6.67
vcsnxzuwmz.jpg,real,real,40.87
vcwhqingpg.jpg,real,fake,49.36
vcwjvigiyf.jpg,real,fake,44.88
vcwxdwngnq.jpg,real,real,22.13
vcxckqbaya.jpg,real,real,7.36
vcxejqfdim.jpg,real,real,39.24
vcxpzapfhm.jpg,real,real,34.77
vczmpcsqga.jpg,real,fake,48.69
vdaehwlbdd.jpg,real,real,48.3
vdbmrmbyri.jpg,real,real,43.76
vdbxgdtmrp.jpg,real,fake,48.34
vdevvrpqdk.jpg,real,fake,48.99
vdgccykqnz.jpg,real,fake,33.14
vdibvwhfgl.jpg,real,real,22.8
vdjnxezbqn.jpg,real,real,43.33
vdjyomnhjf.jpg,real,real,44.34
vdkfjetpaa.jpg,real,real,38.75
vdlchuptjz.jpg,real,fake,36.79
vdmaeysfhq.jpg,real,real,44.85
vdmbchexkc.jpg,real,real,2.11
vdmyzrdarn.jpg,real,real,44.29
vdqlcevfys.jpg,real,real,10.52
vdqlwezaha.jpg,real,real,44.01
vdqritvjfl.jpg,real,fake,47.0
vdrmxusitt.jpg,real,fake,34.04
vdsirrbcar.jpg,real,real,45.81
vdtmlbzhwi.jpg,real,real,34.76
vduxnxtgoc.jpg,real,real,27.87
vdvckawpsm.jpg,real,fake,31.99
vdvffooule.jpg,real,fake,36.97
vdvsekvhhg.jpg,real,real,34.37
vdvstqzaeb.jpg,real,real,44.7
vdwxhqsypv.jpg,real,real,27.48
vdxsqkzlbl.jpg,real,real,44.91
vdzdwdfpjv.jpg,real,real,45.94
veasqdjezk.jpg,real,real,49.36
vebezzibnl.jpg,real,fake,45.17
vebmzzbjmw.jpg,real,real,40.44
vedxkubmtj.jpg,real,real,22.18
veecjbgkph.jpg,real,fake,49.69
vefoinrpez.jpg,real,real,39.9
vefoirxtxg.jpg,real,real,47.33
vefsefzior.jpg,real,fake,30.28
vefzvvdknj.jpg,real,real,29.92
vehowqzjma.jpg,real,real,40.38
vehvnfriqh.jpg,real,real,46.23
vekifszeqs.jpg,real,real,36.85
vekuanlmlt.jpg,real,fake,49.37
vepfbtcvru.jpg,real,fake,49.99
veqxojkjch.jpg,real,real,45.15
verpxkucoi.jpg,real,real,45.62
vesgckwjdx.jpg,real,fake,27.42
vessqxcgjp.jpg,real,real,28.96
vetgneddor.jpg,real,fake,43.57
vetjxiiqmo.jpg,real,real,46.39
veujgyyigk.jpg,real,real,25.63
vevflsutlk.jpg,real,fake,45.47
vexsmecivv.jpg,real,real,49.17
veyarkmtry.jpg,real,fake,46.05
vfazvlobwl.jpg,real,real,49.26
vfbfbbcgtc.jpg,real,real,39.21
vfbtsfenme.jpg,real,real,42.36
vfdgfxvbaa.jpg,real,fake,41.78
vfdgnprlqz.jpg,real,real,35.26
vfdtziqiwv.jpg,real,real,24.58
vfewftvulj.jpg,real,real,43.79
vfextwbkrc.jpg,real,real,40.89
vfgmrulcwt.jpg,real,real,38.08
vfgtltwwkj.jpg,real,real,31.11
vfhltutaae.jpg,real,real,49.18
vfhtavkckb.jpg,real,real,48.29
vfilhflcke.jpg,real,real,48.64
vfjqemdcvr.jpg,real,real,43.28
vfjstwnimg.jpg,real,fake,43.63
vflgpfrofk.jpg,real,real,43.01
vfllzbpgsr.jpg,real,fake,19.54
vfnhsbklan.jpg,real,real,44.65
vfntfbauih.jpg,real,fake,23.72
vfowrktccu.jpg,real,real,40.61
vfqgfbhkzs.jpg,real,fake,47.45
vfqkbxfofg.jpg,real,real,26.82
vfqwjagemf.jpg,real,real,38.26
vftcidkfpi.jpg,real,fake,31.51
vfykzmppbv.jpg,real,fake,45.69
vfyqjtfudm.jpg,real,fake,40.29
vgdllmzjcw.jpg,real,real,41.26
vgdnjlezqp.jpg,real,real,30.68
vgeowvmdic.jpg,real,real,42.24
vghiburcxc.jpg,real,real,17.22
vgivgyrijm.jpg,real,real,49.27
vgkffuboll.jpg,real,real,29.54
vgkokxzshx.jpg,real,real,44.41
vgkqcdmaew.jpg,real,real,34.94
vgmecbdpfr.jpg,real,real,22.3
vgngnciziy.jpg,real,fake,46.69
vgnygnxuqi.jpg,real,fake,36.8
vgodinrcwk.jpg,real,fake,38.6
vgolzmuqve.jpg,real,real,43.72
vgpvskdear.jpg,real,real,34.83
vgqdlzfgou.jpg,real,real,30.53
vgqihhasxp.jpg,real,real,28.57
vgqnfhsxxs.jpg,real,real,35.59
vgqotmftcr.jpg,real,real,37.34
vgslbubshw.jpg,real,real,46.07
vgswacpvls.jpg,real,real,39.64
vgujrwpdkv.jpg,real,real,46.37
vgumqiicht.jpg,real,real,46.65
vgvfkjafiv.jpg,real,real,49.79
vgxroylscx.jpg,real,real,39.77
vgyrybdmzc.jpg,real,real,40.22
vhcgtddult.jpg,real,real,14.78
vhcnfrupqk.jpg,real,real,44.78
vhcrrcszbc.jpg,real,real,46.28
vhejcdylza.jpg,real,real,41.68
vhgjbjjhby.jpg,real,fake,48.61
vhhbcwqhvl.jpg,real,fake,47.27
vhipamioud.jpg,real,real,43.22
vhitpoxhpm.jpg,real,fake,42.33
vhkxxdxgcn.jpg,real,fake,30.02
vhmihxpuot.jpg,real,real,47.83
vhmjeqagkc.jpg,real,fake,36.19
vhnqnoecro.jpg,real,real,41.65
vhojcxuqba.jpg,real,real,8.51
vhojjwsnli.jpg,real,real,44.91
vhphdqsajw.jpg,real,fake,42.97
vhpinxcqhj.jpg,real,real,45.07
vhqgmvyxwf.jpg,real,real,28.24
vhqsrhweef.jpg,real,real,27.16
vhqzxlahov.jpg,real,fake,39.36
vhsbatxysm.jpg,real,real,27.31
vhtdseotwe.jpg,real,real,39.84
vhunokeedw.jpg,real,fake,45.72
vhuwfqtzlk.jpg,real,fake,43.6
vhvtjsiirh.jpg,real,real,33.92
vhywjmfros.jpg,real,fake,46.65
vhzjmxxnxa.jpg,real,fake,49.94
vhzzdaeeyd.jpg,real,real,26.54
vibhrvveql.jpg,real,fake,35.81
vibnrwzrhb.jpg,real,real,23.83
vidyizdisg.jpg,real,fake,41.31
vieyvdrgix.jpg,real,real,47.32
vigbdgmudk.jpg,real,fake,39.5
vihlzjrfel.jpg,real,fake,21.74
vihmjqbzxv.jpg,real,real,20.93
viidhkoxyv.jpg,real,real,21.21
viidtrqxzf.jpg,real,fake,43.1
viiltedtog.jpg,real,real,15.89
viiygflhqg.jpg,real,real,42.14
vijawemkwv.jpg,real,real,40.75
vijuirxebt.jpg,real,fake,45.24
vinizhvgzr.jpg,real,fake,44.6
viowvpammv.jpg,real,fake,49.53
vipkguihza.jpg,real,fake,43.08
viporlwbod.jpg,real,real,44.69
viqmsywjqz.jpg,real,real,15.25
viqqmrojgo.jpg,real,fake,41.57
virxxbfcou.jpg,real,real,32.36
visbxrfmwy.jpg,real,real,40.54
vissslhapl.jpg,real,real,34.75
viukiigwtc.jpg,real,real,49.56
viutjhxipi.jpg,real,fake,43.39
vivuivitho.jpg,real,fake,46.18
viyedrhbvr.jpg,real,fake,44.46
viywjijmrh.jpg,real,fake,45.19
vizerpsvbz.jpg,real,real,11.39
viznmxrjqi.jpg,real,real,37.31
vjaiypverb.jpg,real,real,46.14
vjcgfjzpnq.jpg,real,fake,45.9
vjekyrqcdq.jpg,real,fake,27.84
vjenypjkzt.jpg,real,fake,49.58
vjexwwkoml.jpg,real,fake,44.2
vjgdxlrygd.jpg,real,real,34.61
vjgtbujhqd.jpg,real,fake,40.04
vjhhaopwjk.jpg,real,fake,49.17
vjipcihnos.jpg,real,fake,28.22
vjjcivyfgq.jpg,real,real,31.66
vjjmfkdkla.jpg,real,real,45.06
vjkdbgpqnm.jpg,real,fake,44.78
vjkiyqaset.jpg,real,fake,39.08
vjlzzqnjbb.jpg,real,real,48.38
vjnbtebjhv.jpg,real,fake,47.13
vjneqpysot.jpg,real,real,20.41
vjnmgqnbkm.jpg,real,fake,47.14
vjokpmmkhe.jpg,real,fake,42.81
vjokxcywyt.jpg,real,fake,27.34
vjopqgxmca.jpg,real,fake,43.23
vjpcxqehpl.jpg,real,real,31.53
vjsepnyvpv.jpg,real,real,16.2
vjsvdnnrck.jpg,real,fake,46.18
vjuametrqy.jpg,real,fake,30.63
vjwvgxgydu.jpg,real,fake,46.36
vjwwqswfvd.jpg,real,fake,44.25
vjydkkczpi.jpg,real,real,46.56
vjzuhhdvuo.jpg,real,real,46.35
vkblckoyzb.jpg,real,real,42.18
vkchewraap.jpg,real,fake,44.15
vkggssizhl.jpg,real,fake,37.21
vkghjeygsg.jpg,real,real,45.18
vkgjjmbojl.jpg,real,real,25.6
vkirqaiuoc.jpg,real,real,46.69
vkjgvgakcs.jpg,real,real,38.03
vkjyhhztei.jpg,real,real,36.6
vkpqabrmip.jpg,real,fake,44.14
vkqcvtpefs.jpg,real,fake,48.24
vkqixwsxuq.jpg,real,real,39.57
vkrofednrb.jpg,real,fake,45.82
vkrvipdbhy.jpg,real,fake,43.97
vktsppjslw.jpg,real,fake,37.5
vkucbpxzra.jpg,real,real,44.35
vkvnatqfpn.jpg,real,fake,48.34
vkvzzoimxp.jpg,real,real,44.05
vkxwevqwhv.jpg,real,real,45.62
vkyszouppa.jpg,real,real,22.33
vkztrlmcqy.jpg,real,real,46.7
vlaokifxkp.jpg,real,fake,46.96
vlbimpjemh.jpg,real,fake,40.94
vlbjjuhpbh.jpg,real,real,49.96
vlbomdvoja.jpg,real,real,39.09
vlbpkrarqo.jpg,real,real,41.51
vlchgcideb.jpg,real,real,42.16
vlcjitqpjz.jpg,real,fake,45.56
vldaezlifv.jpg,real,real,30.44
vldstovjwu.jpg,real,real,44.55
vlftkeaizu.jpg,real,real,23.82
vlhgwurhod.jpg,real,real,46.6
vlijwlulnz.jpg,real,real,40.63
vljgyqklbz.jpg,real,fake,30.54
vlkhmgqnwq.jpg,real,fake,49.72
vlmccqxgft.jpg,real,real,24.08
vlmkudpvpw.jpg,real,real,27.22
vlmyorsprv.jpg,real,real,45.24
vlonzebjqp.jpg,real,real,48.27
vlpmiheura.jpg,real,fake,38.19
vlpmklxnxy.jpg,real,real,46.93
vlprdhtkdn.jpg,real,real,23.9
vlrkfbqajs.jpg,real,real,39.31
vltjrrgbcg.jpg,real,real,33.97
vltqivzltb.jpg,real,real,37.66
vlwtggcodf.jpg,real,real,38.1
vlwylbdtqv.jpg,real,fake,47.18
vlxfyuzygn.jpg,real,real,49.26
vlxmqleltz.jpg,real,fake,33.33
vlyapolayz.jpg,real,real,46.41
vlzgrroxoh.jpg,real,fake,35.62
vlzkhrxcdb.jpg,real,real,34.37
vlzwcejywm.jpg,real,real,24.33
vmaarhebuf.jpg,real,real,28.21
vmdjplxgfj.jpg,real,fake,47.92
vmdtkugivw.jpg,real,real,48.54
vmgygpnqze.jpg,real,fake,47.4
vmhscypxba.jpg,real,real,45.8
vmksyqbkpl.jpg,real,real,24.26
vmktcesfcg.jpg,real,fake,47.47
vmmisgyagl.jpg,real,real,43.83
vmmnbaktjy.jpg,real,fake,42.39
vmnsqsedbm.jpg,real,real,41.57
vmospzljws.jpg,real,fake,38.53
vmqbnadjpe.jpg,real,real,48.89
vmsikphyuw.jpg,real,fake,44.97
vmtdlmtrtm.jpg,real,fake,47.15
vmuebfnmak.jpg,real,fake,47.51
vmvpazkwkj.jpg,real,fake,44.11
vmxfwxgdei.jpg,real,fake,35.97
vmybacvzdx.jpg,real,fake,29.65
vnabwefldm.jpg,real,real,41.03
vnadaakkgk.jpg,real,real,36.03
vnauaqovhv.jpg,real,real,27.2
vnaxakdaoy.jpg,real,real,34.08
vncicnqnyk.jpg,real,real,44.16
vndcqexgur.jpg,real,real,46.52
vndeurkxfk.jpg,real,fake,39.57
vndymimndn.jpg,real,real,22.69
vnejvzmoam.jpg,real,fake,45.15
vnfrrtluid.jpg,real,real,45.45
vngmafoyik.jpg,real,fake,28.66
vninpbciju.jpg,real,fake,46.44
vnjrzywtrd.jpg,real,fake,39.7
vnkecdalpd.jpg,real,fake,42.52
vnkszsbmnq.jpg,real,fake,37.89
vnlzxqwthl.jpg,real,real,38.59
vnnondfndh.jpg,real,fake,44.69
vnpgdojdpl.jpg,real,fake,45.32
vnpkomujry.jpg,real,real,43.17
vnqpzwmohz.jpg,real,real,40.17
vnrmmdcoyx.jpg,real,fake,48.72
vnrmxwtsmf.jpg,real,real,31.05
vnrybsmire.jpg,real,real,35.49
vntbyeepdy.jpg,real,real,38.47
vntfzgejhj.jpg,real,fake,41.98
vntgzyrwvq.jpg,real,real,43.97
vntkhpeycf.jpg,real,fake,47.16
vntnnzrivx.jpg,real,fake,39.11
vnupirkwau.jpg,real,real,49.4
vnvhqupmzl.jpg,real,real,38.54
vnvujyecjn.jpg,real,fake,49.63
vnvwhpkedj.jpg,real,real,39.09
vnxupuryad.jpg,real,real,48.21
vnzfkjxkhr.jpg,real,fake,48.22
vnzsxpdhhg.jpg,real,fake,32.86
voaslfkslq.jpg,real,real,41.15
vocjacgxzv.jpg,real,fake,49.88
vocvsaozqt.jpg,real,fake,22.14
vodqladhoa.jpg,real,real,9.92
vodvztthek.jpg,real,real,46.06
voeivfysur.jpg,real,real,43.86
voetjerpmk.jpg,real,real,44.35
voeyftxnik.jpg,real,real,48.75
vofqcpscue.jpg,real,fake,48.78
vofsdcsskk.jpg,real,real,36.43
vojsghpebv.jpg,real,fake,47.45
vokkpekgav.jpg,real,fake,47.25
vokrpfjpeb.jpg,real,real,33.77
vokunmhqum.jpg,real,real,35.58
volckblrmm.jpg,real,real,42.72
volftuvmlk.jpg,real,fake,48.54
vomqkscben.jpg,real,real,23.77
voosmazlpk.jpg,real,real,40.37
voovatsqet.jpg,real,real,41.77
voqndnufbf.jpg,real,fake,40.14
votkxbjnrn.jpg,real,real,39.92
voucpidonq.jpg,real,real,20.17
vouhiqxlrk.jpg,real,real,33.35
vouyjulssc.jpg,real,real,40.58
vownmzwfwv.jpg,real,real,45.96
voyrdgggwa.jpg,real,fake,44.92
voyvdizumd.jpg,real,real,41.63
vpamslbafq.jpg,real,fake,25.45
vpbllqdqlv.jpg,real,fake,49.16
vpgapvachm.jpg,real,real,47.64
vpjwhrkdkj.jpg,real,real,33.73
vpjzbyrwmo.jpg,real,real,28.16
vplriikihk.jpg,real,real,38.25
vpmyeepbep.jpg,real,real,49.64
vppoqnrpzt.jpg,real,real,27.55
vpqsnrsjlw.jpg,real,fake,49.67
vpqsolhamg.jpg,real,fake,29.6
vprogharta.jpg,real,real,46.47
vptrrrmhyb.jpg,real,fake,45.15
vptrvimiek.jpg,real,fake,25.83
vpvuklgjyc.jpg,real,fake,44.29
vpwhgbehbc.jpg,real,real,41.02
vqaptjacdp.jpg,real,fake,20.69
vqasxhblzt.jpg,real,real,25.32
vqbbwvtywo.jpg,real,real,40.44
vqboqalgxf.jpg,real,real,37.13
vqeuhuwzoh.jpg,real,real,49.61
vqhpgdkvzv.jpg,real,real,40.91
vqibhetnwa.jpg,real,fake,30.0
vqijtaxplt.jpg,real,fake,44.15
vqilaqgack.jpg,real,real,42.39
vqjiegizzn.jpg,real,real,30.41
vqjvtgaaqb.jpg,real,real,35.62
vqktsvqfdj.jpg,real,fake,24.9
vqlvevgyfx.jpg,real,real,39.95
vqnalrcskp.jpg,real,real,39.96
vqnocyqksq.jpg,real,fake,31.79
vqonjzhnad.jpg,real,real,41.65
vqouplerye.jpg,real,real,44.02
vqpbpqvyuj.jpg,real,fake,41.9
vqplthnttn.jpg,real,real,32.93
vqqibukdgb.jpg,real,real,49.64
vqrsnqwezt.jpg,real,real,45.38
vqrvgctzdi.jpg,real,fake,45.16
vqsehstdfy.jpg,real,fake,43.93
vqtatkpbxi.jpg,real,real,36.64
vqtbpwvcqj.jpg,real,real,39.26
vqtjnmbjyk.jpg,real,real,48.05
vqtpvljpmu.jpg,real,real,40.72
vqvpqosovt.jpg,real,real,8.48
vrakgwxtlm.jpg,real,real,46.22
vrbvrxdfmz.jpg,real,real,49.99
vrcwlpipir.jpg,real,real,37.2
vrdugvoufo.jpg,real,real,40.21
vrffapgmja.jpg,real,fake,44.69
vrhzmfinwl.jpg,real,fake,44.67
vrieljpngv.jpg,real,fake,46.95
vrjrxtofbx.jpg,real,fake,45.9
vrlrtwlwqy.jpg,real,fake,47.42
vrmsbupuix.jpg,real,fake,49.26
vrowrcgjvo.jpg,real,fake,28.85
vrpaukzvai.jpg,real,real,22.38
vrpwrascfh.jpg,real,real,49.04
vrqfktvxjm.jpg,real,fake,49.19
vrqjttlnuo.jpg,real,real,47.56
vrqlrttwap.jpg,real,fake,29.27
vrqnyqqxfa.jpg,real,real,31.39
vrqqklluql.jpg,real,fake,42.91
vrsdljflug.jpg,real,real,8.62
vrsinxahfh.jpg,real,real,48.65
vrtpfdejdq.jpg,real,real,38.17
vrwfzgzruv.jpg,real,fake,39.49
vrxfhcwwds.jpg,real,fake,45.12
vryfsscqhy.jpg,real,real,46.99
vrygfsxghl.jpg,real,fake,26.91
vrzcdynbco.jpg,real,real,35.01
vrzpxnryrm.jpg,real,fake,33.62
vsbobpehed.jpg,real,real,29.45
vsbrghzshm.jpg,real,real,7.2
vsdmydwkoi.jpg,real,fake,32.61
vsfhbxmkzn.jpg,real,real,46.3
vsgcpqfcoc.jpg,real,real,42.59
vsgilobsjz.jpg,real,fake,48.06
vshavmtpst.jpg,real,real,37.89
vsiggkezez.jpg,real,fake,44.82
vsinqiaizy.jpg,real,fake,46.09
vsjhvwqkxq.jpg,real,real,15.21
vsjnsoptvq.jpg,real,real,40.35
vskcpmupnt.jpg,real,fake,48.43
vslkgqoabj.jpg,real,fake,32.11
vslnmavuek.jpg,real,fake,44.69
vsmumdtqwf.jpg,real,real,14.17
vsnjcgsrlk.jpg,real,fake,23.53
vsnnbyxjkg.jpg,real,real,43.52
vsqafmmfbl.jpg,real,fake,44.57
vsqtemnmfk.jpg,real,real,34.03
vsreebjsfs.jpg,real,real,48.9
vsskmwwzxg.jpg,real,real,35.12
vssmlqoiti.jpg,real,real,14.34
vsubnrrizh.jpg,real,real,36.56
vsulopkjvr.jpg,real,real,23.86
vsunyloqes.jpg,real,real,31.38
vsvwrocgzc.jpg,real,fake,48.77
vswqwdkyri.jpg,real,real,38.72
vsydalpuyy.jpg,real,real,47.28
vsyokaxish.jpg,real,real,38.32
vszibbcfgn.jpg,real,real,43.44
vszkqbndtl.jpg,real,real,41.38
vtaztagukf.jpg,real,fake,37.72
vtbotdwkbd.jpg,real,real,15.42
vtcrsoekze.jpg,real,real,17.36
vtemhptawm.jpg,real,real,22.0
vtfzsqhfxt.jpg,real,real,11.46
vtgitjlexc.jpg,real,fake,40.67
vtgzzhtqjl.jpg,real,fake,32.38
vtiqruyelb.jpg,real,fake,44.58
vtiwviltlz.jpg,real,real,29.17
vtjnvqabuc.jpg,real,real,30.84
vtjsuczrwt.jpg,real,fake,49.77
vtktcmfqas.jpg,real,real,46.76
vtkyppsmdx.jpg,real,real,34.71
vtpccmtlmt.jpg,real,real,33.0
vtqlkmvbid.jpg,real,real,42.61
vtrkwvlnrj.jpg,real,real,38.6
vttclphuxu.jpg,real,real,42.87
vttnackjht.jpg,real,fake,47.16
vttzubhiyi.jpg,real,fake,49.67
vtwmetnzax.jpg,real,fake,48.89
vtwngbsosg.jpg,real,real,45.63
vtzjsavyrw.jpg,real,real,30.73
vtznvjlyck.jpg,real,real,40.07
vuaqmthmrb.jpg,real,real,39.5
vubxqxrllg.jpg,real,fake,42.83
vuccfkcimf.jpg,real,fake,34.36
vucchjvssd.jpg,real,fake,36.26
vudbjgockf.jpg,real,real,48.98
vudrnaqdbv.jpg,real,fake,46.13
vudstovrck.jpg,real,real,37.75
vufoucpoxb.jpg,real,real,49.67
vugjrmqphs.jpg,real,fake,49.85
vuhkcriudb.jpg,real,real,33.84
vuhwxulscn.jpg,real,real,46.06
vuihguvkdd.jpg,real,fake,45.42
vuikiiwjvt.jpg,real,fake,29.65
vuixqctwxz.jpg,real,real,45.01
vujmaijlrs.jpg,real,real,19.3
vujvqcnbol.jpg,real,real,47.77
vulcrsidql.jpg,real,real,46.86
vuofhivyfs.jpg,real,fake,49.26
vupmukvvxd.jpg,real,real,36.02
vuqjzziyyq.jpg,real,fake,38.77
vusvzjmgli.jpg,real,real,19.55
vutkeimbhg.jpg,real,real,36.68
vuuoqsaayq.jpg,real,real,0.35
vuuszelxhn.jpg,real,real,31.26
vuvakikxia.jpg,real,real,47.7
vuvaydlmta.jpg,real,real,35.37
vuxfsebfrd.jpg,real,real,36.98
vuypolrcfy.jpg,real,fake,47.54
vvapbnhbik.jpg,real,real,39.28
vvcqspsggq.jpg,real,fake,44.63
vvcyulxdtz.jpg,real,real,48.43
vvdngbqkjt.jpg,real,real,42.15
vvfmkgoyqd.jpg,real,real,44.88
vvfszaosiv.jpg,real,real,39.14
vvglfffbmx.jpg,real,real,48.45
vvjfajsxig.jpg,real,real,22.03
vvkqhedpgs.jpg,real,real,31.6
vvnesespxu.jpg,real,real,16.96
vvqserbnug.jpg,real,fake,41.39
vvqtglzcep.jpg,real,real,41.34
vvrlglaepq.jpg,real,real,48.84
vvrpexirsx.jpg,real,real,35.46
vvsbchnyjv.jpg,real,fake,44.78
vvsmatlhfs.jpg,real,fake,42.51
vvsoymxnol.jpg,real,fake,45.3
vvtmrxkglq.jpg,real,real,41.99
vvttydsihy.jpg,real,real,46.43
vvtzkgipvb.jpg,real,real,43.83
vvvergxjbm.jpg,real,fake,41.09
vvxpvxptlw.jpg,real,fake,37.08
vvygpvfiyd.jpg,real,real,31.58
vvysgggofo.jpg,real,fake,42.35
vvyuathbkl.jpg,real,real,47.28
vvzzgraotq.jpg,real,real,37.28
vwbdlklsjn.jpg,real,fake,48.85
vwcacyqmpy.jpg,real,real,49.18
vwdbfqebag.jpg,real,real,38.05
vwddtkosep.jpg,real,real,45.6
vwfrwfzwhz.jpg,real,real,45.51
vwhbaibyfr.jpg,real,fake,33.11
vwhuhlhctt.jpg,real,real,35.66
vwigtbeivy.jpg,real,real,47.39
vwiidzlkdv.jpg,real,real,33.43
vwjyffunrb.jpg,real,real,48.08
vwldcakscn.jpg,real,real,32.36
vwlhtziexs.jpg,real,real,48.75
vwlsdwchkg.jpg,real,fake,44.11
vwmaaaldtm.jpg,real,real,48.73
vwooqihnhr.jpg,real,fake,34.61
vwpsbjkjyc.jpg,real,real,32.62
vwqlucuqto.jpg,real,fake,47.89
vwqrtxbwye.jpg,real,real,44.24
vwrrieyzck.jpg,real,real,43.46
vwrwhjomzm.jpg,real,real,46.38
vwszajywog.jpg,real,real,40.3
vwtbrtvsxh.jpg,real,fake,37.09
vwtztxpljw.jpg,real,real,36.24
vwuieifxqv.jpg,real,real,46.64
vwvxaufpht.jpg,real,real,41.85
vwwtibcpnq.jpg,real,real,43.19
vwxuqxuyuk.jpg,real,fake,49.13
vwxzbxwndy.jpg,real,real,49.79
vwyzyhetxt.jpg,real,fake,48.0
vwzccaufjx.jpg,real,real,41.41
vwzihtdkcp.jpg,real,real,27.71
vwzrviqaqk.jpg,real,real,37.66
vxakkmhcan.jpg,real,real,43.26
vxbnaacnvz.jpg,real,real,49.14
vxcazliomf.jpg,real,real,49.76
vxdelrvtsm.jpg,real,real,24.1
vxefrkhezg.jpg,real,real,32.58
vxejmiiysy.jpg,real,fake,29.59
vxfvavzscr.jpg,real,fake,33.05
vxhgbajzgq.jpg,real,real,46.83
vxivzbkhdk.jpg,real,real,9.55
vxkhloixxn.jpg,real,fake,49.19
vxkmbacdkh.jpg,real,fake,46.21
vxlhqgjlpj.jpg,real,fake,44.72
vxljcjgbsw.jpg,real,real,46.04
vxlqzgewuz.jpg,real,real,42.83
vxoaanowge.jpg,real,real,20.28
vxolvggyft.jpg,real,real,39.96
vxpabktsbm.jpg,real,real,22.15
vxpzecdqti.jpg,real,real,39.35
vxrdidfgje.jpg,real,real,38.36
vxtfcgjagn.jpg,real,fake,48.75
vxtqcieswl.jpg,real,fake,47.61
vxusutrmjr.jpg,real,real,40.91
vxvebmjqdu.jpg,real,fake,44.46
vxvffvdjnn.jpg,real,fake,42.54
vxvghzwwzk.jpg,real,fake,44.66
vxwsisekmb.jpg,real,real,49.26
vxxlutjivk.jpg,real,real,42.02
vxxxiaukut.jpg,real,real,46.55
vyaoqsznth.jpg,real,fake,45.14
vyapqxtxdp.jpg,real,fake,48.72
vyaxwjevgp.jpg,real,real,16.99
vybbrqndcv.jpg,real,fake,46.82
vyddxgodef.jpg,real,fake,47.71
vyecastqxh.jpg,real,fake,49.0
vyigmewuus.jpg,real,real,43.34
vyjcqshdph.jpg,real,real,13.18
vylzsyazmx.jpg,real,fake,43.1
vypfiufyvr.jpg,real,fake,23.33
vypkyjvnew.jpg,real,real,29.29
vyrkbvfpbd.jpg,real,fake,21.16
vytjkvplzu.jpg,real,real,30.84
vyvakdelwu.jpg,real,fake,46.83
vywtjgalte.jpg,real,fake,22.25
vyxdwkajlr.jpg,real,real,46.31
vzacrzgjtk.jpg,real,fake,42.39
vzawackcod.jpg,real,real,46.77
vzbdwilegq.jpg,real,real,33.97
vzbfqsmggp.jpg,real,fake,46.16
vzeingelww.jpg,real,real,45.66
vzfiayzifu.jpg,real,real,38.85
vzhnbxbmao.jpg,real,real,41.68
vzhxfjtkud.jpg,real,real,41.38
vzitwqwcii.jpg,real,fake,48.83
vzjlnbubxc.jpg,real,fake,48.98
vzlplnaedv.jpg,real,real,26.29
vzmgapyugl.jpg,real,real,46.95
vzmqvcguxq.jpg,real,real,41.8
vzngxvuasb.jpg,real,real,45.06
vznzkukogh.jpg,real,fake,47.66
vzovudfimk.jpg,real,fake,21.82
vzowqvxzhe.jpg,real,fake,47.39
vzsbpfzmpr.jpg,real,fake,21.8
vztjmxdyyq.jpg,real,real,48.44
vztqijiuxd.jpg,real,real,34.78
vzvgbfsqbv.jpg,real,real,40.25
vzvtdriwmv.jpg,real,real,41.55
vzwdbcvvqn.jpg,real,fake,46.99
vzwjztahsh.jpg,real,fake,33.98
vzwpzlmtlm.jpg,real,fake,40.11
vzxluflrhn.jpg,real,real,35.92
vzyfknevkw.jpg,real,real,49.75
vzysajdfrb.jpg,real,fake,44.64
waalpeyrtv.jpg,real,real,37.39
wabhktkmfy.jpg,real,real,34.15
wabqbhqqec.jpg,real,real,31.6
wacesnrysx.jpg,real,real,43.19
wadvbqwddb.jpg,real,real,43.87
wadvzjhwtw.jpg,real,real,35.41
waerrjnviq.jpg,real,fake,42.03
waeskngtfq.jpg,real,real,43.91
wafsjwgopv.jpg,real,real,15.55
wagthdtbpm.jpg,real,fake,49.75
wahawfhkqr.jpg,real,real,47.72
waityroaiu.jpg,real,fake,37.84
waixrkgsuw.jpg,real,real,39.33
walwffkgtr.jpg,real,fake,48.83
waocsggrqe.jpg,real,fake,44.29
waoysegasl.jpg,real,real,21.53
wapebjxejr.jpg,real,real,44.17
wapycogdhl.jpg,real,real,32.41
waucvvmtkq.jpg,real,real,34.01
waujrsehde.jpg,real,real,49.78
wauoeybril.jpg,real,fake,47.01
wauzbrlnhh.jpg,real,fake,11.14
wavjwvvskq.jpg,real,real,42.37
wavziovmvo.jpg,real,fake,49.88
wawfomauar.jpg,real,real,13.7
waxdnuvizs.jpg,real,real,38.14
wazeinvyng.jpg,real,real,42.57
wbctcqwbtc.jpg,real,real,4.28
wbechqnxqm.jpg,real,real,42.3
wbegjrceqs.jpg,real,real,41.69
wbgivbxtax.jpg,real,real,20.23
wbhgiqmjwp.jpg,real,fake,32.09
wbiuklwpml.jpg,real,fake,46.76
wbjtrlyjsm.jpg,real,real,38.91
wbljssjgnp.jpg,real,fake,26.63
wbllwuvlsk.jpg,real,real,41.6
wblyuuanbr.jpg,real,real,47.76
wbmtiennwo.jpg,real,real,42.75
wbmvbetcdm.jpg,real,real,33.88
wbpcawlkxt.jpg,real,fake,48.49
wbsaewrzpq.jpg,real,real,49.07
wbsajsyaej.jpg,real,fake,32.23
wbsedosftd.jpg,real,fake,42.8
wbsjlgxstv.jpg,real,fake,48.11
wbtmwtyjrc.jpg,real,fake,42.44
wbtytqdygg.jpg,real,real,25.5
wbuajbdcfs.jpg,real,fake,27.71
wbufbnhbgo.jpg,real,fake,34.82
wbxgbgzbrz.jpg,real,fake,36.52
wbxofatybs.jpg,real,fake,41.55
wbxwlxngda.jpg,real,real,46.05
wbzssuclak.jpg,real,real,47.61
wcagdhcwxf.jpg,real,fake,49.94
wcciqxrgmu.jpg,real,real,43.6
wcckmuzcyh.jpg,real,real,45.63
wccrmgmtxn.jpg,real,fake,47.12
wcdlesgtcm.jpg,real,fake,46.14
wcdmpwfooh.jpg,real,real,17.39
wcensuhwcu.jpg,real,real,48.55
wceyqinyms.jpg,real,fake,38.06
wcijccsuwx.jpg,real,real,43.87
wclupzuocu.jpg,real,real,42.57
wcmcakviru.jpg,real,real,48.55
wcqpzkkwmn.jpg,real,fake,44.82
wcqtnstwij.jpg,real,real,46.44
wcrrxczbdg.jpg,real,fake,27.55
wcsacsojke.jpg,real,real,39.31
wctnpuacux.jpg,real,real,40.14
wcyasjdpao.jpg,real,real,41.53
wdakzidfvv.jpg,real,real,15.91
wdargiqojp.jpg,real,real,20.26
wdbekjaggq.jpg,real,real,43.1
wdbkscizzo.jpg,real,real,42.84
wdejrmoyqc.jpg,real,fake,37.09
wdfaepjpmv.jpg,real,fake,33.84
wdfeezhsnk.jpg,real,real,47.37
wdgsdwsisj.jpg,real,fake,45.65
wdhlvxigtr.jpg,real,fake,45.69
wdimntshsq.jpg,real,real,48.41
wdjakibrey.jpg,real,real,47.8
wdkptmgkvp.jpg,real,fake,49.19
wdmiozfxer.jpg,real,real,42.49
wdncfnhwto.jpg,real,real,37.26
wdnvdcndwd.jpg,real,fake,44.04
wdpqxqapnv.jpg,real,real,40.56
wdqbtyqfkp.jpg,real,real,37.89
wdtitxrfrh.jpg,real,fake,39.85
wdtnlcsmky.jpg,real,fake,33.73
wdzefhhcwt.jpg,real,real,7.7
wdzjppgkrq.jpg,real,fake,47.36
wdzldsjigx.jpg,real,real,22.01
weadapjagk.jpg,real,real,45.05
webrimfvtt.jpg,real,real,46.51
websfjgutg.jpg,real,real,35.1
webtntciwo.jpg,real,real,48.49
webyiqztha.jpg,real,fake,36.96
wecdyinews.jpg,real,real,34.88
wediirbvdv.jpg,real,real,35.27
wedoghnkxh.jpg,real,fake,36.75
wedyarmcvw.jpg,real,real,32.08
weegoldkhf.jpg,real,fake,42.7
weektplqak.jpg,real,real,49.06
wehiwkddfu.jpg,real,fake,37.35
wehtngqjxl.jpg,real,real,9.63
weiuwbkdmm.jpg,real,real,44.89
wejwwupaik.jpg,real,fake,46.95
wekiwxapcm.jpg,real,fake,37.32
wekjizzdnr.jpg,real,fake,49.74
wekvtahsgt.jpg,real,fake,49.76
weluahjayz.jpg,real,fake,48.94
wepyuhvezr.jpg,real,fake,44.24
wervsihhmx.jpg,real,fake,49.34
wesnaptbrn.jpg,real,fake,40.43
weswgpmomf.jpg,real,real,44.58
wetemidcey.jpg,real,real,40.23
wetxtmuqbk.jpg,real,real,49.3
wevghdmqfm.jpg,real,fake,39.65
wevscpnakv.jpg,real,real,45.05
wewmaulmxp.jpg,real,fake,31.27
wewvgopijp.jpg,real,real,36.26
wexlpxbfde.jpg,real,real,42.12
weyakuslmc.jpg,real,fake,48.23
weyaufavnr.jpg,real,real,38.19
weyftpcbbz.jpg,real,fake,45.43
wfaksjbvuh.jpg,real,real,48.02
wfdkhuappf.jpg,real,real,42.58
wfdlblolif.jpg,real,fake,38.91
wfdlwplbci.jpg,real,real,43.1
wfecziomie.jpg,real,fake,38.33
wffaplgfgn.jpg,real,fake,43.82
wffvntfpfy.jpg,real,fake,47.54
wfgupxdioe.jpg,real,real,42.61
wfighodvzq.jpg,real,fake,42.25
wfjahjzmuf.jpg,real,real,48.25
wfjcilxofl.jpg,real,real,41.25
wfjmzuaxww.jpg,real,fake,47.42
wflkiyvyqh.jpg,real,real,38.56
wfltxqmlvo.jpg,real,real,37.59
wflygwwijx.jpg,real,real,47.07
wfmdmbsjhy.jpg,real,fake,48.83
wfmeffvvce.jpg,real,real,39.71
wfmgruqquc.jpg,real,fake,39.42
wfnjmnhmax.jpg,real,real,27.95
wfpvkkxoia.jpg,real,real,42.84
wfsvuyhlvt.jpg,real,real,29.45
wftayzvvev.jpg,real,real,26.69
wftoukwgtk.jpg,real,fake,44.61
wfvipujbic.jpg,real,fake,41.33
wfvjyelmsr.jpg,real,real,42.74
wfwpmwpuzk.jpg,real,real,31.63
wfwsetddha.jpg,real,real,35.02
wfzdajooqb.jpg,real,fake,38.47
wfzxrfxohw.jpg,real,real,43.41
wgcaothoxl.jpg,real,real,39.67
wgcgqvntuy.jpg,real,fake,48.11
wgcrxowuzt.jpg,real,real,40.35
wgefyecmrc.jpg,real,real,42.12
wgghzzunsp.jpg,real,real,34.32
wghdlvehhq.jpg,real,real,36.83
wgionocrhk.jpg,real,fake,46.07
wgjqmxuxlo.jpg,real,fake,38.96
wgkuhqqfmc.jpg,real,real,32.83
wgmbcqfgkp.jpg,real,real,41.4
wgnujygkzy.jpg,real,real,44.71
wgoyvnmjwu.jpg,real,fake,35.45
wgqlhxpvro.jpg,real,fake,37.29
wgqptridcs.jpg,real,real,41.26
wgswphznis.jpg,real,real,28.69
wgveczfyjy.jpg,real,fake,38.18
wgvklyzchl.jpg,real,real,45.49
wgwtkaniub.jpg,real,fake,47.55
wgwupnyscg.jpg,real,real,47.32
wgxpmspqsp.jpg,real,real,40.9
wgycqahjww.jpg,real,fake,42.91
wgzxvebcjf.jpg,real,real,23.58
whacxvjnyf.jpg,real,real,27.32
whawkommbm.jpg,real,real,45.14
whbxafllos.jpg,real,real,26.86
whbxmegtoq.jpg,real,fake,49.12
whcuavdzbo.jpg,real,real,18.69
whexbmwmbf.jpg,real,real,47.56
whffswfpqp.jpg,real,fake,31.81
whfntjazhf.jpg,real,fake,49.6
whhnuqkbpy.jpg,real,fake,45.98
whixmoazmk.jpg,real,real,31.32
whkimvklkw.jpg,real,real,44.51
whkmwkevrb.jpg,real,fake,44.33
whldccqxyd.jpg,real,real,43.05
whnudzrizn.jpg,real,real,48.76
whouwprivm.jpg,real,real,19.18
whpccifotw.jpg,real,real,44.7
whrmienink.jpg,real,fake,45.92
whtgnseqen.jpg,real,fake,28.2
whtiqqpjwg.jpg,real,real,43.88
whtwlyhaez.jpg,real,fake,29.96
whuftrcnun.jpg,real,real,43.09
whurggewea.jpg,real,fake,48.43
whuroxbmeb.jpg,real,real,48.71
whvxhwihnw.jpg,real,real,40.54
whwamfbbgl.jpg,real,real,38.82
whxkvxzupx.jpg,real,fake,46.81
whzghihvpj.jpg,real,fake,47.6
wiastkfeee.jpg,real,fake,44.92
wibhouoypv.jpg,real,real,41.62
wibskravnb.jpg,real,real,35.43
widacqadcw.jpg,real,real,38.87
wigovvvifj.jpg,real,real,43.05
wihwapvkkp.jpg,real,real,26.8
wihxahqfwx.jpg,real,real,35.32
wiksdqrdai.jpg,real,real,44.13
wilqdbdllh.jpg,real,real,41.03
wilyayimlj.jpg,real,real,46.58
wimbntkoha.jpg,real,real,27.85
wimfcxyaoi.jpg,real,real,44.36
wimqhvyeto.jpg,real,real,31.79
wiqdiiskbi.jpg,real,fake,43.4
wiqtkqwfsw.jpg,real,fake,21.44
wiszpsosqq.jpg,real,fake,47.61
witdmnwioz.jpg,real,real,44.67
wituahqcbz.jpg,real,real,41.52
witzdrryqk.jpg,real,real,40.47
wiunsyfana.jpg,real,real,2.36
wiuyswqzep.jpg,real,real,45.14
wivbvrgvrb.jpg,real,real,45.33
wixbuuzygv.jpg,real,real,35.67
wixujncvee.jpg,real,real,23.59
wizboztwwm.jpg,real,real,47.76
wjbezkpmlw.jpg,real,real,3.66
wjbpvjixdr.jpg,real,real,31.71
wjbzupwcge.jpg,real,real,41.9
wjclipsrpg.jpg,real,real,44.21
wjcrotcasg.jpg,real,real,33.41
wjdqhgutru.jpg,real,fake,30.24
wjesnindbk.jpg,real,fake,43.6
wjfjgybigt.jpg,real,real,38.11
wjfpluuohk.jpg,real,fake,40.37
wjjqqdrxyr.jpg,real,real,43.05
wjkullbkff.jpg,real,fake,49.89
wjletbemlm.jpg,real,fake,43.29
wjllscdfky.jpg,real,real,48.79
wjndqjmsje.jpg,real,real,46.3
wjovriuyvy.jpg,real,fake,46.23
wjrepvzlsv.jpg,real,real,37.41
wjsftxrqzj.jpg,real,fake,44.1
wjuuqzqnbb.jpg,real,real,33.99
wjvsfurvix.jpg,real,fake,33.99
wjwgfkyjev.jpg,real,real,48.32
wjxmmjmchv.jpg,real,real,25.8
wjyardlrdx.jpg,real,real,2.81
wkbpresloa.jpg,real,real,32.95
wkcbjmxlfx.jpg,real,real,44.28
wkeevdsirt.jpg,real,real,49.18
wkeqlffbdl.jpg,real,real,43.21
wkfjsqzatw.jpg,real,fake,44.4
wkkanqmtff.jpg,real,real,24.94
wklvpqcioc.jpg,real,real,42.88
wkmdilzatq.jpg,real,fake,49.6
wkmjjnoihk.jpg,real,fake,44.21
wkndwtfzex.jpg,real,real,29.53
wknpfatwev.jpg,real,fake,49.89
wkqhhozlmd.jpg,real,real,40.45
wkrhbeuvnv.jpg,real,real,28.91
wkrivltdys.jpg,real,fake,45.15
wksotonppz.jpg,real,fake,21.79
wkwipohdkq.jpg,real,fake,48.41
wkwokaovyn.jpg,real,fake,45.12
wkwqblmohw.jpg,real,real,37.61
wkxftmoqsy.jpg,real,real,47.33
wkyftsfazg.jpg,real,fake,38.66
wkyoaybzxb.jpg,real,fake,36.65
wlaupbidru.jpg,real,real,22.25
wleacnohno.jpg,real,real,13.89
wleiojugcj.jpg,real,real,44.71
wleouhwyku.jpg,real,real,34.12
wleulnxkqp.jpg,real,real,31.92
wlfjlraraz.jpg,real,fake,47.24
wlfrljfyec.jpg,real,fake,48.24
wlhnxwleue.jpg,real,real,44.13
wlhrjmuycr.jpg,real,real,49.23
wlhtxeckiy.jpg,real,real,30.84
wlizbrnsxd.jpg,real,fake,44.31
wlmvldkkym.jpg,real,fake,31.81
wlnfnddxcy.jpg,real,fake,44.82
wlnymccicv.jpg,real,real,32.51
wlookjipea.jpg,real,fake,35.84
wlorkihmcm.jpg,real,real,43.63
wloxhpnucy.jpg,real,real,49.89
wlpljmkcid.jpg,real,fake,49.01
wlqssorvfi.jpg,real,real,46.68
wlqznovuxg.jpg,real,fake,41.11
wltgvpzlpf.jpg,real,fake,46.13
wlvsxbsavc.jpg,real,real,43.44
wlwdpfbdrg.jpg,real,fake,49.21
wlxogqaoja.jpg,real,real,49.07
wlytdqnwvx.jpg,real,real,46.07
wlzbbqqfln.jpg,real,real,44.04
wlzsubdwab.jpg,real,fake,43.88
wmbsdtznii.jpg,real,fake,19.06
wmdnqpfcey.jpg,real,fake,42.45
wmdrewmuev.jpg,real,real,41.8
wmeoyvpjdk.jpg,real,real,49.34
wmglzfxxzp.jpg,real,fake,45.75
wmhvqoodir.jpg,real,real,44.07
wmipbjwwbq.jpg,real,fake,23.14
wmjahdrbyr.jpg,real,fake,45.29
wmjbpdwjln.jpg,real,fake,46.73
wmjecgzfzg.jpg,real,fake,43.68
wmjnlzsbgp.jpg,real,real,30.65
wmkbgbvzdr.jpg,real,fake,42.96
wmkbornmzk.jpg,real,real,36.5
wmmottlyys.jpg,real,fake,45.25
wmojulzeul.jpg,real,fake,49.04
wmoqzxddkb.jpg,real,real,26.92
wmqehhaifz.jpg,real,real,36.29
wmqesoefak.jpg,real,fake,42.34
wmqmsbnjsm.jpg,real,real,48.68
wmtmtmmjgn.jpg,real,real,46.33
wmtmwuemhc.jpg,real,fake,49.52
wmxuepgtvy.jpg,real,fake,23.82
wmybdclyvw.jpg,real,real,45.21
wmzlvvesqw.jpg,real,real,26.05
wnaoastfys.jpg,real,fake,47.32
wncmyojmnb.jpg,real,fake,26.25
wngejyajyh.jpg,real,real,40.14
wniujdmckw.jpg,real,real,43.02
wnlnuotcpw.jpg,real,real,33.17
wnmvjvllqn.jpg,real,real,29.31
wnoeywlvtx.jpg,real,real,41.1
wnoitecfmf.jpg,real,real,45.09
wnovcuyuqi.jpg,real,real,37.05
wnpypxywap.jpg,real,fake,29.04
wnpzdccthh.jpg,real,real,37.87
wnqodiowwt.jpg,real,fake,48.94
wnsrqqukld.jpg,real,real,37.48
wnugjdygmg.jpg,real,real,19.18
wnweefhmza.jpg,real,real,31.14
wnwqudnwzo.jpg,real,real,45.73
wnzfpgjkte.jpg,real,fake,37.89
wocgdlsqpd.jpg,real,fake,45.74
woewmsbgot.jpg,real,fake,42.47
wofdncuhbz.jpg,real,real,42.86
wofzfwxyvf.jpg,real,real,33.29
wogdwmhqsu.jpg,real,fake,29.68
wohhrvytaw.jpg,real,real,48.09
wojnfpytps.jpg,real,real,32.12
wolgusoonv.jpg,real,fake,48.29
woljhikhox.jpg,real,fake,49.53
wolrzmfong.jpg,real,real,46.17
womjjzqryh.jpg,real,fake,32.67
womwjwyqzs.jpg,real,real,48.24
wonrzkirwi.jpg,real,fake,47.82
woommqzvfr.jpg,real,real,45.29
wooranbphj.jpg,real,real,39.27
wopzrimghc.jpg,real,real,41.49
woqvoujhyj.jpg,real,fake,48.07
wotgiryojo.jpg,real,fake,31.11
wotuvshiwk.jpg,real,fake,49.68
wouwumpoov.jpg,real,real,13.1
wouwvjljic.jpg,real,real,41.56
wowqljawhw.jpg,real,real,40.13
woxlbmkeys.jpg,real,real,31.57
woxzkqqdfp.jpg,real,real,43.67
woygkaqapj.jpg,real,real,37.04
woytzlcssm.jpg,real,real,43.76
wozjdjdpse.jpg,real,real,46.29
wpafxjaxnj.jpg,real,real,37.42
wpbeacntfv.jpg,real,fake,42.5
wpeizdptiu.jpg,real,real,48.92
wpekgryylc.jpg,real,real,47.76
wpesomjqxs.jpg,real,real,36.9
wpetoxysqs.jpg,real,real,45.14
wpfitjhqed.jpg,real,fake,44.51
wpfmwlccvs.jpg,real,real,45.19
wpjnujngcw.jpg,real,real,44.11
wplfksomwh.jpg,real,real,40.66
wpnxsexzix.jpg,real,real,49.74
wpoxpcievv.jpg,real,fake,48.31
wpptpjmjlh.jpg,real,real,41.99
wpusruriml.jpg,real,fake,38.34
wpwaolpsvy.jpg,real,real,13.55
wpwipnpdmz.jpg,real,fake,49.57
wpwsmgtrak.jpg,real,real,35.64
wpzerceyjq.jpg,real,real,45.0
wqbeswzbtz.jpg,real,real,16.92
wqbzbxjndx.jpg,real,fake,37.14
wqcbijxxbv.jpg,real,real,41.87
wqdksrwolx.jpg,real,real,10.21
wqdrudcuql.jpg,real,fake,49.04
wqdsarmger.jpg,real,real,40.14
wqewnewkhw.jpg,real,fake,46.38
wqewxnshij.jpg,real,real,47.55
wqiptbqphx.jpg,real,fake,23.5
wqjrefiwmr.jpg,real,real,38.08
wqjwaosbxl.jpg,real,fake,35.18
wqkgrkbkvo.jpg,real,fake,26.51
wqmsicmkzf.jpg,real,fake,45.44
wqoihdhglu.jpg,real,real,44.5
wqqhjtkfwz.jpg,real,real,40.59
wqqrghknon.jpg,real,fake,23.09
wqsltapewl.jpg,real,real,45.92
wqsveixiyo.jpg,real,real,45.38
wqtpgcfjlu.jpg,real,real,35.79
wqtqbtysnk.jpg,real,fake,49.75
wquagognqo.jpg,real,fake,45.8
wqylklyzjy.jpg,real,fake,41.87
wqysrieiqu.jpg,real,real,47.06
wrbbrzjscw.jpg,real,real,46.6
wrbuiboyat.jpg,real,fake,42.94
wrcelewmpa.jpg,real,real,33.78
wrcgslpcaj.jpg,real,real,12.12
wrcuqngerf.jpg,real,fake,45.56
wrersztmaj.jpg,real,real,49.24
wrgflmpxpi.jpg,real,fake,14.84
wrigemxqaf.jpg,real,real,38.41
wriqcrvezp.jpg,real,real,43.28
wrjwqnwiss.jpg,real,real,48.58
wrkdlgconk.jpg,real,fake,42.79
wrnfrclvdo.jpg,real,real,13.73
wrsypvucwq.jpg,real,real,49.02
wrtqbywtvy.jpg,real,real,33.74
wruhcnrjue.jpg,real,real,25.54
wrvbcscloj.jpg,real,real,35.67
wrwukrncnw.jpg,real,real,45.85
wrygcoymnd.jpg,real,real,39.71
wrzuojwklk.jpg,real,fake,49.27
wsakyfrbca.jpg,real,real,37.3
wsbalvzdju.jpg,real,real,23.33
wscurxsmqd.jpg,real,real,24.86
wsdaezrogo.jpg,real,fake,37.05
wseswhoteo.jpg,real,real,28.45
wsguuejitn.jpg,real,real,37.06
wsizcajhei.jpg,real,real,23.96
wsjszoiwxk.jpg,real,real,30.94
wsmgfkgzry.jpg,real,fake,29.75
wsmuyaidpf.jpg,real,fake,49.96
wsnjhghyvb.jpg,real,fake,49.05
wsphuogufg.jpg,real,real,30.12
wspmyefsiv.jpg,real,fake,25.08
wspzlksdsb.jpg,real,fake,49.75
wsqagfmhoq.jpg,real,fake,41.78
wsqqgzqorx.jpg,real,real,32.32
wssiqeuwfl.jpg,real,real,40.62
wssiuonxge.jpg,real,real,44.24
wstgvdiflj.jpg,real,real,21.31
wstwunclrh.jpg,real,real,41.94
wsufhnbbyq.jpg,real,real,46.76
wsuouxuuen.jpg,real,real,17.59
wswdtdiadq.jpg,real,fake,47.45
wswnlvujup.jpg,real,fake,45.65
wsxnvbobyw.jpg,real,real,38.53
wsxyuwcrfx.jpg,real,fake,45.49
wtaghbgiln.jpg,real,fake,44.97
wtanjtncth.jpg,real,real,39.9
wtarywxums.jpg,real,real,43.75
wtbijofqxd.jpg,real,real,49.4
wtbxixcqwr.jpg,real,real,45.53
wtdmgazqdu.jpg,real,real,11.29
wtdnljorij.jpg,real,fake,40.76
wtdzwkcxwb.jpg,real,fake,40.42
wtepvazeyq.jpg,real,real,46.68
wteqtorytl.jpg,real,fake,37.16
wthgwbqtlf.jpg,real,fake,42.75
wthrnfhwww.jpg,real,fake,48.3
wticrcwlut.jpg,real,real,33.31
wtiewggmhr.jpg,real,real,20.41
wtoxfiiidm.jpg,real,real,24.55
wtqrmqnqvf.jpg,real,real,48.57
wtreibcmgm.jpg,real,real,36.29
wtsguxyrkq.jpg,real,real,38.64
wtsklpmrwp.jpg,real,real,41.02
wttxitxhen.jpg,real,real,42.3
wtvponpppa.jpg,real,fake,32.56
wtvritaikp.jpg,real,fake,49.6
wtwgtnbhme.jpg,real,fake,48.31
wtymotrufg.jpg,real,fake,24.37
wucrjkwdxe.jpg,real,real,36.84
wucyoanghr.jpg,real,real,34.35
wudkmejywf.jpg,real,fake,46.49
wuesrzmujo.jpg,real,real,36.64
wufrggusgu.jpg,real,real,45.15
wufurcqsnc.jpg,real,real,31.57
wuhhueyezm.jpg,real,fake,33.4
wuhxicjmkj.jpg,real,fake,48.14
wukdokngxd.jpg,real,fake,38.93
wukfwqdsyt.jpg,real,fake,48.16
wukprnrnlv.jpg,real,real,38.49
wumohkrqpa.jpg,real,fake,41.51
wunigwmyit.jpg,real,fake,39.68
wupoiiknff.jpg,real,real,18.91
wursaaderz.jpg,real,real,33.21
wuszzqsacr.jpg,real,real,34.74
wuucxbsnok.jpg,real,real,48.49
wuvpewldnx.jpg,real,real,38.67
wuziejscwj.jpg,real,real,49.76
wvbvcbghrx.jpg,real,real,36.43
wvbyeavnpk.jpg,real,fake,44.53
wvccagxjni.jpg,real,fake,47.97
wvcndrevvc.jpg,real,fake,40.66
wvfirpiqam.jpg,real,real,27.26
wvgpbefknk.jpg,real,real,48.06
wvhgqlaiun.jpg,real,real,46.56
wviccdzclo.jpg,real,real,24.93
wvjbkmpfre.jpg,real,real,41.51
wvjuhsrnuz.jpg,real,real,43.53
wvkixatwdp.jpg,real,real,47.49
wvlnveemuy.jpg,real,real,40.28
wvlrwangku.jpg,real,real,33.73
wvmswjdtjo.jpg,real,real,42.7
wvnjcwevzo.jpg,real,real,47.41
wvowpyqjjp.jpg,real,real,32.53
wvplwbyxpy.jpg,real,real,41.75
wvpwszxxpx.jpg,real,fake,48.02
wvquphksdy.jpg,real,real,42.07
wvtlbewjks.jpg,real,fake,45.75
wvvzfioonp.jpg,real,fake,29.42
wvwmiaqwoe.jpg,real,fake,45.84
wvwpsklbax.jpg,real,fake,44.75
wvxgxcukbb.jpg,real,fake,35.04
wvxlbegcgn.jpg,real,real,46.05
wwbvcyialw.jpg,real,real,46.88
wweglcwrov.jpg,real,real,33.98
wwfehhmmhl.jpg,real,fake,41.64
wwffrwubph.jpg,real,fake,46.3
wwgmzeavbd.jpg,real,fake,47.71
wwiixjiuld.jpg,real,fake,42.9
wwkraoiksx.jpg,real,real,45.4
wwmjsyjawr.jpg,real,real,47.89
wwozuefkgl.jpg,real,real,37.82
wwqiuiwdbz.jpg,real,fake,49.01
wwqptmclnt.jpg,real,real,47.51
wwsfqkfkep.jpg,real,fake,28.85
wwswaybymx.jpg,real,real,48.82
wwtkglbqqq.jpg,real,fake,43.14
wwwhrimalk.jpg,real,fake,38.25
wwwnwpitjl.jpg,real,real,46.83
wwxugucmzx.jpg,real,real,32.71
wwzfxsvubn.jpg,real,real,21.31
wxavwmybea.jpg,real,real,41.62
wxbkyghibx.jpg,real,real,37.78
wxcgepdptw.jpg,real,real,35.38
wxdljcjcud.jpg,real,fake,17.18
wxegjawfof.jpg,real,fake,47.87
wxgwqnrvmw.jpg,real,fake,29.57
wxidgolzcc.jpg,real,fake,23.71
wxivowlezc.jpg,real,real,27.02
wxjjpajdod.jpg,real,real,41.51
wxlanyghsv.jpg,real,real,11.09
wxlwawltbg.jpg,real,fake,27.26
wxnfaqzfwf.jpg,real,real,38.1
wxnurvshjq.jpg,real,real,48.1
wxrdzofyrx.jpg,real,fake,43.29
wxrfuemtxj.jpg,real,real,36.86
wxsadodudh.jpg,real,real,9.3
wxsfurwchm.jpg,real,real,43.43
wxsjszngzp.jpg,real,fake,47.23
wxvdvouvld.jpg,real,real,44.13
wxwsihwjse.jpg,real,real,41.99
wxygmoyfrx.jpg,real,fake,47.34
wxyjtncrax.jpg,real,fake,27.25
wxzfhgzeqn.jpg,real,real,44.6
wyaxtkuvmf.jpg,real,real,43.07
wyayehrtgn.jpg,real,real,36.48
wycspzyaxj.jpg,real,real,43.2
wyenndmypq.jpg,real,real,35.26
wyeobynmkl.jpg,real,real,42.51
wyeqtqhfhg.jpg,real,real,46.02
wyevhwjqqt.jpg,real,real,46.94
wyevpnzvgi.jpg,real,real,45.29
wyfbrbliyj.jpg,real,real,42.23
wyfnjqlyuk.jpg,real,real,42.1
wyfrjupxjc.jpg,real,real,31.59
wyhcxlywxf.jpg,real,fake,40.82
wyhnveqgys.jpg,real,fake,49.9
wyhtcmefqt.jpg,real,real,44.06
wyiajvmitt.jpg,real,fake,46.6
wyiudxrzam.jpg,real,real,33.28
wykijtbhaj.jpg,real,real,28.56
wyplspojlv.jpg,real,real,27.55
wyqseodqaj.jpg,real,real,28.4
wyqspxhjrc.jpg,real,real,41.31
wyqwldnvqc.jpg,real,real,39.0
wyramrxebi.jpg,real,real,49.27
wyrmfcvxig.jpg,real,real,39.73
wyrqxpzztf.jpg,real,real,46.18
wyuhafyruq.jpg,real,fake,46.86
wyxgpiibua.jpg,real,fake,19.42
wyxjhtssjb.jpg,real,real,40.82
wyywuthzsk.jpg,real,real,49.72
wyzhmkgxgb.jpg,real,real,41.81
wzaiowwdoe.jpg,real,fake,49.35
wzaqjwxlkl.jpg,real,real,47.55
wzbhnryjxb.jpg,real,real,47.88
wzcxdzftki.jpg,real,real,29.83
wzdnvgackt.jpg,real,real,44.67
wzdpdxajtq.jpg,real,fake,45.01
wzduhzgxfo.jpg,real,real,47.36
wzetgjsqvn.jpg,real,real,49.29
wzexnizsdc.jpg,real,real,44.89
wzfikllecs.jpg,real,fake,30.01
wzgfmtkgjx.jpg,real,real,42.49
wzgmlzddjt.jpg,real,real,29.43
wzkhjmezcs.jpg,real,real,46.6
wzklyczodl.jpg,real,real,42.27
wzlnusxefj.jpg,real,fake,48.47
wzlxlmxjsw.jpg,real,real,45.86
wznmwfwhvq.jpg,real,fake,40.3
wznogjrvvr.jpg,real,real,41.63
wznrdhbfdk.jpg,real,fake,39.53
wznwraryji.jpg,real,fake,20.99
wzogajzmev.jpg,real,fake,48.22
wzrocvfzql.jpg,real,fake,34.02
wzrybcopcd.jpg,real,real,42.32
wzrzjdwssl.jpg,real,real,39.99
wzstwebsxd.jpg,real,real,48.82
wzzibnuoxp.jpg,real,real,44.64
xaagarafhs.jpg,real,fake,44.97
xacpmkqfec.jpg,real,real,42.46
xaeaxgsdye.jpg,real,real,43.02
xaftlwfrnx.jpg,real,real,44.45
xagsvjctmp.jpg,real,real,44.58
xagtrahpoe.jpg,real,real,47.12
xajcrzlpft.jpg,real,fake,42.89
xalmvegccm.jpg,real,real,46.44
xapeioqpva.jpg,real,fake,38.32
xasfkipwvl.jpg,real,fake,43.75
xasidfdyoz.jpg,real,real,46.31
xasiruuazi.jpg,real,real,43.65
xatibakipz.jpg,real,real,40.93
xatruuhtpv.jpg,real,fake,36.56
xaufrrlmgw.jpg,real,real,40.38
xauwencxab.jpg,real,real,42.18
xauwinqgbh.jpg,real,fake,49.64
xaxzeplffo.jpg,real,fake,29.81
xbanyawouv.jpg,real,real,30.75
xbbadnnyxr.jpg,real,fake,46.97
xbbmlygnof.jpg,real,fake,42.78
xbdnqfbxcv.jpg,real,real,31.86
xbentgemej.jpg,real,fake,35.25
xbgaymkhoo.jpg,real,fake,49.72
xbhvvknxcl.jpg,real,real,42.7
xbiyhyjsji.jpg,real,real,40.43
xbizutklwa.jpg,real,real,18.95
xbkgjfnlss.jpg,real,fake,26.62
xbnxqnchxn.jpg,real,real,21.79
xbolgviewp.jpg,real,real,47.09
xbqmeyvujc.jpg,real,real,39.65
xbrqzdiuxp.jpg,real,fake,36.42
xbtuqfmquq.jpg,real,fake,40.84
xburrtmrts.jpg,real,real,48.64
xbwrpfwbry.jpg,real,real,9.6
xbwxkpzryg.jpg,real,fake,27.41
xbxlucxunr.jpg,real,real,18.36
xbynzcnonz.jpg,real,real,42.82
xbyqmnxygz.jpg,real,real,49.77
xcczivkikc.jpg,real,real,43.3
xcdcmgmqbl.jpg,real,fake,30.22
xcdjrcbhob.jpg,real,fake,39.75
xcdkppxfby.jpg,real,fake,34.15
xcdmskvkvl.jpg,real,real,40.18
xcdxpbkgah.jpg,real,fake,48.54
xcfdidxani.jpg,real,real,39.44
xchktpdfys.jpg,real,real,44.46
xchzardbfa.jpg,real,real,43.43
xckfdjolom.jpg,real,fake,47.98
xckjlunrod.jpg,real,real,41.63
xclqbefnvc.jpg,real,real,38.08
xclqflwygx.jpg,real,fake,27.88
xcmrmucmvt.jpg,real,fake,48.14
xcngulpltq.jpg,real,real,46.52
xcpbhjefgt.jpg,real,real,45.18
xcqcjvdrse.jpg,real,fake,48.65
xcruhaccxc.jpg,real,fake,37.11
xctdevlnff.jpg,real,real,45.97
xcvglbxlbw.jpg,real,fake,41.35
xcviojioko.jpg,real,fake,45.7
xcwdxiblec.jpg,real,real,44.05
xczagnysbr.jpg,real,real,27.66
xdbolbpbpt.jpg,real,real,47.14
xdbqzgtptb.jpg,real,fake,32.48
xdbtmuxuii.jpg,real,real,16.37
xdezcezszc.jpg,real,real,47.51
xdfancaenq.jpg,real,real,44.75
xdfonwbyih.jpg,real,fake,38.45
xdixdkzvaa.jpg,real,fake,33.51
xdjrruqjre.jpg,real,real,49.84
xdkrcntpso.jpg,real,real,48.57
xdmvimchwx.jpg,real,real,40.88
xdodtqirhx.jpg,real,real,43.32
xdqbaelmcr.jpg,real,real,38.18
xdqrswutyx.jpg,real,fake,45.9
xdrmtdvyig.jpg,real,real,42.94
xdrupokegs.jpg,real,real,34.93
xdxoqjntjp.jpg,real,real,39.48
xdxpdhcqdf.jpg,real,real,36.91
xdyddccmse.jpg,real,real,49.14
xdygwgezub.jpg,real,fake,29.97
xdymokazer.jpg,real,real,48.28
xdyuwpzbyz.jpg,real,real,32.64
xdyuzumecf.jpg,real,real,48.73
xdznjyebff.jpg,real,real,49.01
xeagsjhxkb.jpg,real,real,24.92
xebhvbcoxc.jpg,real,fake,33.37
xebotqrsyd.jpg,real,fake,39.08
xecauofrsw.jpg,real,real,47.2
xedhivxehk.jpg,real,real,48.63
xefswlhnbj.jpg,real,fake,49.31
xeigatcnfa.jpg,real,real,47.27
xejqfnhojp.jpg,real,fake,42.86
xekyvykhqr.jpg,real,real,46.06
xeluxionnd.jpg,real,fake,37.26
xeofwjlyzr.jpg,real,fake,48.52
xeojzlrney.jpg,real,real,21.23
xeoporttgy.jpg,real,real,40.07
xeqomrbvgl.jpg,real,real,44.53
xergqhjcaj.jpg,real,fake,48.66
xeuhrskjdz.jpg,real,real,44.95
xeuorusmcj.jpg,real,fake,48.18
xevhvruzsq.jpg,real,fake,39.72
xexqjemxyq.jpg,real,fake,48.06
xexsencjjk.jpg,real,fake,47.27
xeygjgpaaa.jpg,real,real,47.97
xeyzkwymwu.jpg,real,fake,45.66
xezayzlkqi.jpg,real,fake,42.49
xezkldtvhk.jpg,real,fake,42.15
xfapqkjqjx.jpg,real,real,19.49
xfchtkchlu.jpg,real,real,45.84
xfdjdsvdoq.jpg,real,fake,49.31
xfemsgumbe.jpg,real,real,43.19
xfethgiiof.jpg,real,fake,47.7
xffcwmucvx.jpg,real,fake,40.86
xffpqhboqa.jpg,real,real,21.77
xfhqlzlntk.jpg,real,fake,43.42
xfihhsgkqx.jpg,real,fake,44.55
xfjxruxuzp.jpg,real,real,46.1
xfkydbbosi.jpg,real,real,42.06
xfkyloxlef.jpg,real,real,49.97
xflgnpinue.jpg,real,real,46.52
xfmssdwize.jpg,real,real,35.28
xfpcywugzj.jpg,real,fake,45.16
xfrewaissn.jpg,real,fake,45.86
xfrfdspnox.jpg,real,real,46.23
xfrnorjjul.jpg,real,real,40.73
xfrswzqrmn.jpg,real,real,41.53
xfsqkrfdir.jpg,real,fake,42.93
xfuorzscac.jpg,real,real,46.84
xfusijsgsl.jpg,real,real,43.0
xfvdfkwuay.jpg,real,real,34.74
xfvjsztftm.jpg,real,real,20.36
xfvodbanvx.jpg,real,fake,33.63
xfwmdwfive.jpg,real,real,27.71
xfxjghfgql.jpg,real,fake,37.03
xfyoksjdbf.jpg,real,real,46.65
xgbgxozjej.jpg,real,real,27.06
xgbsfvvbpj.jpg,real,real,41.18
xgbxdiqays.jpg,real,real,32.65
xgbzbgxdmq.jpg,real,real,45.57
xgclkvwydg.jpg,real,real,17.14
xgcngusuxq.jpg,real,real,37.52
xgdsfwvaky.jpg,real,fake,38.89
xgduxhlwzo.jpg,real,real,13.2
xgekquqhgh.jpg,real,real,43.92
xgfudmbojn.jpg,real,real,39.63
xgggldxlpa.jpg,real,real,41.39
xggxiunuhp.jpg,real,real,28.92
xghgwnqfqz.jpg,real,real,47.27
xgjjazzkjr.jpg,real,real,38.96
xgktqwvknw.jpg,real,real,9.27
xgmurhbrbx.jpg,real,real,35.64
xgowhhcpjh.jpg,real,real,38.71
xgpghvkjiv.jpg,real,real,46.02
xgpicdcbrc.jpg,real,real,35.11
xgqerzezcm.jpg,real,real,45.86
xgsbzzvpmu.jpg,real,fake,47.55
xgscdzbugy.jpg,real,fake,41.89
xgvbuhafks.jpg,real,fake,45.08
xgwelqejmi.jpg,real,fake,38.76
xgxxomnrun.jpg,real,real,40.11
xgzaoasouj.jpg,real,fake,41.71
xgzzqallhj.jpg,real,real,45.48
xhazjfuqyp.jpg,real,real,32.78
xhcelfjvvl.jpg,real,real,25.94
xhcmxbypyc.jpg,real,real,25.1
xhgsjkwadd.jpg,real,fake,43.38
xhhkfqmuzx.jpg,real,fake,44.68
xhmiwsuwln.jpg,real,real,48.29
xhnfhlwbid.jpg,real,fake,30.31
xhonoegyad.jpg,real,fake,40.39
xhopnbhoiq.jpg,real,real,49.57
xhoruswklx.jpg,real,real,48.94
xhpgqwlyff.jpg,real,fake,35.63
xhrvrdvpqp.jpg,real,fake,48.92
xhshzcghth.jpg,real,fake,38.23
xhsijmkono.jpg,real,real,40.04
xhsnujtnec.jpg,real,real,46.29
xhspqxhrxb.jpg,real,fake,46.76
xhsramepav.jpg,real,fake,46.32
xhtdflcytj.jpg,real,real,46.29
xhtpkmpaba.jpg,real,real,49.48
xhykdwekvl.jpg,real,fake,35.84
xhywuayloi.jpg,real,real,36.78
xibtfhsvyw.jpg,real,fake,36.71
xibxuyhmel.jpg,real,fake,30.45
xicwzjeahw.jpg,real,real,24.88
xidqzrdbzg.jpg,real,real,43.54
xidsbcpobx.jpg,real,fake,34.93
xiecdelptx.jpg,real,real,29.41
xihcuecetu.jpg,real,fake,49.89
xihmwcgijt.jpg,real,fake,39.31
xihqwglcgb.jpg,real,real,49.78
xiixbaptvz.jpg,real,real,44.2
xikmpejguq.jpg,real,real,42.15
xilttmnhnt.jpg,real,fake,37.58
xioaknevdr.jpg,real,real,44.37
xiprlcbxxd.jpg,real,real,48.28
xiqecarvpb.jpg,real,real,46.7
xirkoqnzjk.jpg,real,real,48.37
xirrbpmlja.jpg,real,real,46.29
xituyrljzd.jpg,real,fake,44.79
xiupkiowwb.jpg,real,real,11.26
xiutcafpof.jpg,real,fake,37.54
xiybrafzqm.jpg,real,real,28.53
xjabnijtoe.jpg,real,real,46.52
xjaramnzru.jpg,real,real,44.72
xjefxshzbg.jpg,real,fake,44.1
xjepolduuh.jpg,real,real,25.23
xjffizvhhs.jpg,real,real,49.98
xjfmirjqdf.jpg,real,fake,36.18
xjfourpghd.jpg,real,real,33.61
xjfxakvynp.jpg,real,fake,41.52
xjhdzhgkno.jpg,real,fake,36.79
xjhkylpywh.jpg,real,fake,48.39
xjhnaeiswi.jpg,real,fake,35.07
xjhvkkdnfd.jpg,real,real,33.82
xjinzawywt.jpg,real,fake,43.06
xjjppmcvgn.jpg,real,real,30.99
xjkaankpjj.jpg,real,fake,30.51
xjlaormxuu.jpg,real,fake,44.1
xjmaavkaxl.jpg,real,real,34.73
xjpinnfjxw.jpg,real,fake,42.53
xjrcwrcssj.jpg,real,fake,48.78
xjrrkbsqyk.jpg,real,real,44.09
xjuezovkbt.jpg,real,fake,47.48
xjugytcndb.jpg,real,real,34.19
xjuudjewce.jpg,real,real,45.86
xjzbutlpup.jpg,real,fake,48.45
xjzkfqddyk.jpg,real,fake,47.04
xjzmkuxskq.jpg,real,fake,42.92
xjzncerlbw.jpg,real,fake,36.38
xjzttepkkq.jpg,real,real,7.56
xkeiiwdbrh.jpg,real,real,48.58
xkgfafkidn.jpg,real,real,48.36
xkhomcfvko.jpg,real,real,16.01
xkimgoyswv.jpg,real,real,35.37
xkjvhwddmz.jpg,real,fake,46.26
xkjwdgyqhi.jpg,real,real,17.95
xkkwljxxqy.jpg,real,real,46.99
xklkkvztgc.jpg,real,real,32.19
xklmdgemio.jpg,real,fake,47.86
xkmkgakdqm.jpg,real,real,45.3
xkmmrmxwde.jpg,real,fake,38.43
xkmyyjztoo.jpg,real,real,30.99
xkokkanfcj.jpg,real,real,33.16
xkpaqvpzvj.jpg,real,fake,20.88
xkqzvwznhl.jpg,real,real,38.52
xkrloldqad.jpg,real,real,35.39
xkrrmawgaz.jpg,real,real,26.83
xkspwcmsid.jpg,real,real,48.69
xkstqrneyc.jpg,real,fake,42.77
xktipmfwcx.jpg,real,real,39.33
xktwgzpomg.jpg,real,real,27.02
xkvafjalpe.jpg,real,real,18.69
xkwcbtpbvf.jpg,real,real,43.93
xkxpxvbxil.jpg,real,fake,40.38
xkxryjpmwk.jpg,real,fake,45.52
xkxyusmczj.jpg,real,fake,40.84
xkzavewqnh.jpg,real,fake,44.15
xkznbmutcv.jpg,real,real,49.0
xkzxogkqyr.jpg,real,real,39.28
xlbnmndmku.jpg,real,real,37.74
xldzfcejov.jpg,real,real,46.51
xleadejchd.jpg,real,fake,42.29
xleuufeoti.jpg,real,fake,45.68
xlewytmgee.jpg,real,real,46.73
xlfbhfwlte.jpg,real,real,48.47
xlghufwrke.jpg,real,fake,48.85
xlgzsipnhf.jpg,real,real,42.25
xlinawzewi.jpg,real,real,44.75
xlncoajjum.jpg,real,real,45.87
xlpliewehj.jpg,real,real,41.68
xlrofhbtzg.jpg,real,real,28.83
xlrtwaqxxs.jpg,real,real,49.43
xltllxrdfg.jpg,real,real,33.72
xlubltdxza.jpg,real,real,39.99
xlwebdaikv.jpg,real,real,44.19
xlwlctecwe.jpg,real,real,44.79
xlwtrpwrhl.jpg,real,real,46.92
xlxrlesuds.jpg,real,real,44.39
xlxyzouisc.jpg,real,real,42.66
xlycadmnzu.jpg,real,real,44.45
xlzvqpfcde.jpg,real,fake,32.99
xmaltooilz.jpg,real,real,45.55
xmbscdqzuq.jpg,real,real,36.95
xmdowqtcwi.jpg,real,fake,35.95
xmewblvhmq.jpg,real,real,43.19
xmfcxuikuw.jpg,real,real,45.55
xmjmtxpmho.jpg,real,fake,43.54
xmkwsnuzyq.jpg,real,fake,47.65
xmlgvhkivr.jpg,real,fake,49.96
xmlhohpkai.jpg,real,fake,39.96
xmmoixcdre.jpg,real,real,44.63
xmntybcgwa.jpg,real,real,42.4
xmnxvpprpy.jpg,real,fake,34.22
xmsfoxihuk.jpg,real,fake,32.77
xmsgcbptln.jpg,real,fake,47.03
xmsmpvetfm.jpg,real,fake,43.04
xmulzzwmkp.jpg,real,real,41.29
xmyoobuyat.jpg,real,real,32.59
xnarvhxkfy.jpg,real,fake,17.44
xncgusyghe.jpg,real,fake,38.07
xncqpmoabm.jpg,real,fake,48.25
xneynfejbp.jpg,real,fake,28.43
xnfjrjcnwt.jpg,real,real,24.37
xnfwdpptym.jpg,real,real,47.8
xngpzquyhs.jpg,real,real,47.18
xnhcreiyqg.jpg,real,fake,40.63
xnhdwynmmo.jpg,real,real,48.08
xnhfbwlupc.jpg,real,real,19.38
xnhnyfffeu.jpg,real,fake,46.84
xnikysqolj.jpg,real,real,40.61
xniszkvyiv.jpg,real,real,43.94
xniuxdhzew.jpg,real,real,30.54
xnjfuoqvxy.jpg,real,real,39.13
xnkfakdfbo.jpg,real,real,10.94
xnljlvxxes.jpg,real,real,46.74
xnlmsfumww.jpg,real,real,49.95
xnlplanvyz.jpg,real,fake,47.22
xnojggkrxt.jpg,real,real,46.72
xnqizzjnyr.jpg,real,real,45.94
xnrwmpxhrk.jpg,real,real,30.83
xnsviqtwyr.jpg,real,real,35.64
xntwfzhlue.jpg,real,real,40.45
xnurkhdtxd.jpg,real,real,46.17
xnvblwqjqb.jpg,real,real,37.52
xnvpeumbbq.jpg,real,real,38.6
xnvvoscjjc.jpg,real,fake,46.31
xnydmgdhum.jpg,real,fake,44.14
xnzwwmioyx.jpg,real,fake,49.51
xobhsemxmv.jpg,real,real,45.13
xobjrvpdzt.jpg,real,fake,47.48
xocdwrxgxm.jpg,real,fake,47.86
xocihpjsbv.jpg,real,real,49.79
xodoqfbfag.jpg,real,real,30.84
xoeiyltigh.jpg,real,real,30.51
xoelxhwhkm.jpg,real,fake,43.5
xofswkdrvb.jpg,real,fake,49.55
xogusjcata.jpg,real,fake,46.16
xogwctpikv.jpg,real,real,41.39
xohekdasxo.jpg,real,fake,41.65
xohmwakhdb.jpg,real,real,29.76
xohsacasxf.jpg,real,real,40.42
xohyoaqhmh.jpg,real,fake,27.44
xoitmjpmdi.jpg,real,real,39.89
xoiugdvlcs.jpg,real,real,26.35
xoiyevqols.jpg,real,fake,21.49
xojavkscdx.jpg,real,fake,47.24
xojuannegi.jpg,real,fake,48.31
xoowpymrmj.jpg,real,fake,49.03
xorspaztbe.jpg,real,real,47.43
xosbvurwon.jpg,real,fake,36.78
xotjbxkxyf.jpg,real,real,39.63
xoupnramxr.jpg,real,real,42.46
xovvyvzqee.jpg,real,real,48.01
xowmjjuavg.jpg,real,real,35.3
xoxnjeqvbx.jpg,real,fake,34.81
xoxzdogmfx.jpg,real,fake,30.28
xoyynavepm.jpg,real,real,33.39
xpamogdpoj.jpg,real,real,10.59
xpatyuhvaq.jpg,real,fake,27.0
xpdwqvnafq.jpg,real,real,39.49
xpecubsuvx.jpg,real,fake,21.69
xpehzjgxal.jpg,real,real,41.1
xpemvlvcqw.jpg,real,fake,43.3
xpexotnioo.jpg,real,fake,28.24
xpfukgkumy.jpg,real,fake,40.16
xpgnlphhug.jpg,real,fake,41.98
xpivslxbup.jpg,real,real,48.24
xplbxrdcid.jpg,real,real,47.8
xplqloyqlu.jpg,real,fake,49.3
xplxzhzeum.jpg,real,fake,49.13
xpmcxuvbqc.jpg,real,real,37.56
xpmowtezpr.jpg,real,real,47.24
xppjhsqnnm.jpg,real,fake,30.93
xpqeyyrhmn.jpg,real,fake,28.34
xpspcxmqqi.jpg,real,real,47.49
xputpatbat.jpg,real,real,48.03
xpwzoebyho.jpg,real,fake,26.84
xpxqxdbjud.jpg,real,fake,25.84
xpxrhbtddy.jpg,real,fake,48.06
xpxssnqedu.jpg,real,fake,49.43
xpzzmesgcg.jpg,real,real,49.44
xqaavkxuky.jpg,real,fake,47.0
xqavrcmpfc.jpg,real,real,20.18
xqbyzltydd.jpg,real,fake,49.94
xqdkopasgj.jpg,real,real,46.35
xqenuhfjkr.jpg,real,real,40.23
xqenvalont.jpg,real,real,37.32
xqfljmfjui.jpg,real,fake,47.93
xqfvnauoid.jpg,real,real,43.88
xqfzrpzqwy.jpg,real,real,25.26
xqhfrphvuf.jpg,real,fake,49.08
xqhktszosc.jpg,real,real,39.44
xqhwinqcxd.jpg,real,real,33.35
xqjkzfyhew.jpg,real,real,49.02
xqjwwueqrv.jpg,real,real,35.87
xqllbxbdzc.jpg,real,fake,44.56
xqmrrciral.jpg,real,real,33.42
xqmwbyopbp.jpg,real,real,31.4
xqnykluhws.jpg,real,real,32.99
xqpuslrtuu.jpg,real,real,41.16
xqpxdxykem.jpg,real,real,41.46
xqpzznwems.jpg,real,real,24.6
xqredxlgze.jpg,real,real,45.69
xqrxpffkpz.jpg,real,real,43.46
xqsivexncg.jpg,real,real,9.21
xqtwdempos.jpg,real,real,26.46
xqvehrhgaf.jpg,real,real,48.9
xqvsqrniqw.jpg,real,fake,47.58
xqvsupjdkb.jpg,real,real,47.48
xqvzcbjhea.jpg,real,real,38.52
xqwtvuwrrt.jpg,real,real,49.01
xqwzanxbpb.jpg,real,real,42.16
xqzrwenryk.jpg,real,fake,42.73
xrahxsyzqw.jpg,real,fake,40.4
xraljbenwk.jpg,real,fake,40.51
xrbbqdkqfq.jpg,real,real,44.03
xrbrbnkmjc.jpg,real,real,46.05
xrcsmqiekd.jpg,real,fake,46.28
xrdbjgmayg.jpg,real,real,44.04
xrdopedqcu.jpg,real,fake,48.37
xrduhzwpsh.jpg,real,real,32.01
xregtrvzyz.jpg,real,real,46.84
xrexmjcofm.jpg,real,fake,41.45
xrfnrllgjg.jpg,real,fake,48.0
xrgbqhhgkf.jpg,real,real,32.38
xrgwxiqtrw.jpg,real,real,34.58
xrhqtmxlvx.jpg,real,real,30.74
xrhvfgkdwr.jpg,real,fake,28.7
xribbkhadz.jpg,real,fake,40.82
xrkijerqdw.jpg,real,fake,32.38
xrkkjudaks.jpg,real,fake,47.31
xrlpicdrdq.jpg,real,real,49.99
xrnrtmxfad.jpg,real,real,48.72
xroslebnzu.jpg,real,fake,39.26
xrptgxzcry.jpg,real,real,47.13
xrqrhtyrgz.jpg,real,fake,39.59
xrsbogvdne.jpg,real,fake,46.29
xrsxkkqxzw.jpg,real,real,49.98
xrtenpoayf.jpg,real,fake,41.5
xrutmgrmcq.jpg,real,real,49.96
xrwgfbqwin.jpg,real,real,41.92
xryocqnyji.jpg,real,real,28.67
xrzhrmsqty.jpg,real,real,39.31
xrzzoboflf.jpg,real,fake,21.71
xsfvtcotaq.jpg,real,fake,45.49
xsgmwwbeib.jpg,real,fake,49.54
xsgqyokzbe.jpg,real,real,45.1
xsgyoyzxqe.jpg,real,fake,42.38
xsixsnzucg.jpg,real,real,44.86
xskbzajhqh.jpg,real,fake,45.48
xskcfkfjun.jpg,real,real,42.29
xskoraeagh.jpg,real,real,44.06
xskwykhqwd.jpg,real,real,48.74
xslaiedvgv.jpg,real,real,18.57
xslgptuism.jpg,real,real,43.87
xsmgcxehef.jpg,real,fake,36.79
xspwbaarsu.jpg,real,real,40.97
xspyysfmdj.jpg,real,fake,43.73
xsrqmyfyrw.jpg,real,real,30.27
xsrrkijyqa.jpg,real,fake,44.75
xstcizsctw.jpg,real,fake,49.37
xstcnbsmnn.jpg,real,fake,39.82
xstkngzhta.jpg,real,real,29.05
xsxcdnkdjb.jpg,real,real,35.9
xsxdnmzawz.jpg,real,fake,39.16
xtcpqogdoh.jpg,real,real,39.69
xtehadqndf.jpg,real,real,47.97
xtftapqcmv.jpg,real,fake,49.02
xthifkignl.jpg,real,real,38.63
xthobrrdnn.jpg,real,fake,45.71
xthvewmjxj.jpg,real,real,48.69
xtihopzbsx.jpg,real,real,41.34
xtjgzcumvj.jpg,real,fake,40.65
xtnsmeopnl.jpg,real,fake,49.42
xtpjsqbxmd.jpg,real,real,44.85
xtrqhxskgr.jpg,real,real,45.51
xttdkfsiti.jpg,real,fake,35.04
xttwbloiwj.jpg,real,real,30.01
xtugrytxgq.jpg,real,real,3.37
xtupmazgyv.jpg,real,real,48.34
xtzbukvobk.jpg,real,fake,48.78
xtzqtgfucc.jpg,real,real,8.38
xueiaudupv.jpg,real,real,46.31
xuelsqpflp.jpg,real,real,38.98
xugbywbvgv.jpg,real,real,44.7
xugmhbetrw.jpg,real,real,49.13
xugnmurffo.jpg,real,fake,47.18
xugrceeldg.jpg,real,real,11.27
xuhcvxtzxd.jpg,real,real,42.71
xukwfyprsa.jpg,real,fake,38.84
xukyofsjzl.jpg,real,real,48.6
xulyukymrz.jpg,real,real,41.12
xumhhfwytr.jpg,real,fake,41.35
xumrrieufz.jpg,real,real,34.98
xumufxeamd.jpg,real,fake,39.72
xundigwfsk.jpg,real,fake,45.43
xuqfvpgytw.jpg,real,real,39.5
xuundwbviz.jpg,real,real,47.01
xuvjbhkfqu.jpg,real,real,23.17
xuwnqxoxju.jpg,real,real,40.18
xuxiuacwuy.jpg,real,real,32.77
xuxkfhqjiu.jpg,real,fake,26.55
xvaacqjaso.jpg,real,real,46.6
xvbzdpsegk.jpg,real,real,46.21
xvgqnqfcrx.jpg,real,fake,45.38
xvhdtwzild.jpg,real,real,39.44
xvjhjsprln.jpg,real,real,24.83
xvjwqniyaq.jpg,real,fake,46.48
xvkcbphklp.jpg,real,real,39.91
xvkwijqxvg.jpg,real,fake,48.07
xvlxjhclws.jpg,real,fake,48.58
xvmwxpwtgf.jpg,real,fake,37.36
xvreklxokj.jpg,real,real,38.48
xvslzohiei.jpg,real,fake,45.68
xvuwpdjtpn.jpg,real,real,45.23
xvykxozqpq.jpg,real,real,47.0
xvzwwkbkav.jpg,real,real,31.16
xwbjtlqxeo.jpg,real,real,40.85
xwboqimxxs.jpg,real,fake,47.25
xwbussrpzh.jpg,real,real,33.5
xwcggrygwl.jpg,real,real,28.97
xwfwyzzxhs.jpg,real,real,44.79
xwizwjdjdw.jpg,real,fake,40.42
xwkqdyyypi.jpg,real,real,36.85
xwoatawzvo.jpg,real,real,45.42
xwomeqanfv.jpg,real,real,44.48
xwqztfpxtp.jpg,real,real,24.62
xwrercqtfk.jpg,real,real,39.57
xwrqwazdpf.jpg,real,real,42.39
xwsbkiaclt.jpg,real,fake,34.97
xwtizvngtf.jpg,real,fake,48.7
xwurgqhdby.jpg,real,real,47.32
xwvpbhquwg.jpg,real,fake,43.45
xxabehwhcg.jpg,real,real,44.51
xxajwzyeso.jpg,real,real,46.95
xxbgrggplz.jpg,real,real,17.43
xxbunqmupn.jpg,real,fake,37.87
xxcryrjpfq.jpg,real,real,42.04
xxfojdodmt.jpg,real,real,37.97
xxgbnmsgak.jpg,real,real,30.85
xxhbjrpyij.jpg,real,real,49.46
xxidluxdnc.jpg,real,real,46.82
xxjvdqxhuh.jpg,real,real,47.36
xxlyukpmtg.jpg,real,real,44.36
xxmdknsonl.jpg,real,fake,32.0
xxnffgfhrf.jpg,real,real,29.12
xxnofoeqhm.jpg,real,fake,46.29
xxnoxvcpxz.jpg,real,real,38.55
xxpizciplj.jpg,real,real,37.2
xxpxvgbysd.jpg,real,real,48.53
xxrdblkmlm.jpg,real,real,48.94
xxrhhkitse.jpg,real,real,46.01
xxrltrqmbm.jpg,real,fake,42.21
xxrzzncksa.jpg,real,fake,45.64
xxsvyvxhxi.jpg,real,real,49.77
xxsxktyvzt.jpg,real,real,47.37
xxtatbfdfk.jpg,real,fake,40.83
xxtbukztkx.jpg,real,fake,48.9
xxtwgtyqio.jpg,real,real,20.33
xxupwwukoh.jpg,real,real,39.14
xxvfbouhcr.jpg,real,real,35.57
xxystyaufk.jpg,real,real,27.26
xxzefxwyku.jpg,real,real,7.28
xybvgsaqso.jpg,real,real,49.16
xybydjpwfc.jpg,real,fake,42.53
xycvfqygqq.jpg,real,real,49.86
xyfmhzgqjz.jpg,real,fake,45.38
xyhqgcspxt.jpg,real,fake,44.32
xyhubhqgju.jpg,real,real,43.34
xyioxposka.jpg,real,real,10.65
xykyyafsml.jpg,real,fake,19.42
xymrwyzajc.jpg,real,fake,27.25
xyobbjywdf.jpg,real,fake,47.39
xyqmqkthij.jpg,real,fake,42.78
xysjhiemoo.jpg,real,fake,46.31
xyuapdolga.jpg,real,fake,34.75
xyucutnxhz.jpg,real,real,23.51
xyvvgbdwde.jpg,real,real,23.28
xywbmzyrlu.jpg,real,real,32.6
xywdirutxf.jpg,real,real,45.71
xyynvfwdgo.jpg,real,fake,43.27
xzaivqnapk.jpg,real,real,35.3
xzamqvovkw.jpg,real,real,46.88
xzayxilesu.jpg,real,real,25.6
xzcexrifxq.jpg,real,real,48.05
xzcsvcknkn.jpg,real,real,49.36
xzdjfhcvms.jpg,real,fake,46.29
xzdvlrcknf.jpg,real,real,21.33
xzelyfouvo.jpg,real,fake,28.47
xzeoszmiai.jpg,real,real,41.79
xzesrzgebd.jpg,real,real,46.32
xzfnavofil.jpg,real,real,44.93
xzfppbayms.jpg,real,real,47.97
xzgvdrtnek.jpg,real,real,48.84
xzhlniwqng.jpg,real,fake,41.12
xzisoplszl.jpg,real,real,47.13
xziyveomua.jpg,real,real,43.67
xzkbwmyogl.jpg,real,real,50.0
xzkikmghps.jpg,real,fake,36.96
xzkwbswkao.jpg,real,real,49.73
xzmplldajk.jpg,real,fake,45.7
xzoaofnozj.jpg,real,real,37.84
xzpityeljb.jpg,real,real,49.93
xzqtkkqfie.jpg,real,real,46.64
xzrmelidhp.jpg,real,real,33.09
xztdrwuwrm.jpg,real,fake,49.02
xztoomyaas.jpg,real,real,10.61
xzvnnhzbqd.jpg,real,real,35.68
xzvrgckqkz.jpg,real,fake,42.13
xzvtbwryet.jpg,real,real,23.74
xzzdkjfjyx.jpg,real,fake,17.34
xzzfdxzkys.jpg,real,real,43.0
yaawipmswe.jpg,real,real,35.59
yabbecufmd.jpg,real,fake,49.86
yabcqxnrqh.jpg,real,fake,49.87
yabqnsbpmc.jpg,real,fake,46.63
yadkdooxnq.jpg,real,fake,27.66
yadnjfpztj.jpg,real,fake,48.61
yaggczgzwf.jpg,real,real,36.01
yagllixjvh.jpg,real,fake,49.69
yaivzmwaiu.jpg,real,real,49.69
yajjayfvwh.jpg,real,fake,43.4
yakdhrtgez.jpg,real,fake,23.97
yanaertrpl.jpg,real,real,42.3
yanzsjwhrb.jpg,real,fake,48.33
yaqduktvtx.jpg,real,fake,46.01
yaqihrbiko.jpg,real,fake,29.36
yaqmpriaxm.jpg,real,real,26.22
yaqmyzloai.jpg,real,real,46.43
yaqvahwsni.jpg,real,real,48.29
yasqmkxujm.jpg,real,real,40.56
yauptnvsum.jpg,real,fake,49.82
yavtuvqbsh.jpg,real,real,14.04
yawfxchzzu.jpg,real,real,30.94
yaxrqafsok.jpg,real,fake,35.63
ybabhnaoga.jpg,real,real,49.24
ybbbkocsao.jpg,real,fake,44.53
ybbmekktth.jpg,real,fake,48.32
ybbrkacebd.jpg,real,real,48.25
ybdkwtpqwp.jpg,real,real,37.14
ybdtapfqzq.jpg,real,fake,47.24
ybeipkespm.jpg,real,real,41.33
ybetenmsye.jpg,real,fake,34.51
ybfbwnjmrz.jpg,real,fake,49.18
ybgmyqkxjh.jpg,real,real,48.1
ybhlbadxwo.jpg,real,fake,45.08
ybjrqnqnno.jpg,real,real,43.68
ybkqykotud.jpg,real,fake,48.25
ybmpcnodrg.jpg,real,real,34.91
ybnemycaum.jpg,real,real,48.64
ybnucgidtu.jpg,real,real,43.61
yboctdaujc.jpg,real,fake,29.19
ybqeurufjk.jpg,real,fake,39.95
ybqevzyiou.jpg,real,real,43.35
ybqmttnept.jpg,real,fake,39.32
ybrgaiveux.jpg,real,real,47.52
ybruvnxfit.jpg,real,real,29.5
ybsbipoacu.jpg,real,real,49.34
ybsdhmsuun.jpg,real,real,8.31
ybsyskzmec.jpg,real,real,49.81
ybtrbrcqzc.jpg,real,fake,21.87
ybtxayjyaz.jpg,real,real,35.93
ybvfaxjsic.jpg,real,real,41.53
ybvwvncszj.jpg,real,fake,33.72
ybvxpbkhkx.jpg,real,real,38.36
ybwhpwzdwg.jpg,real,real,11.24
ybzbevfyom.jpg,real,real,47.58
ybztbncgbq.jpg,real,real,45.87
yceploelog.jpg,real,fake,27.05
ycfxtemkuj.jpg,real,real,39.39
ycgrwhoaqk.jpg,real,real,44.32
ycgyjqlygh.jpg,real,real,42.65
ychzyajfck.jpg,real,real,35.64
yciyyfogex.jpg,real,real,33.98
ycopcojgpy.jpg,real,fake,40.81
ycrdvxadhb.jpg,real,real,44.53
ycrnhmuons.jpg,real,real,46.69
yctiinwdfy.jpg,real,fake,49.85
ycttwzwkpx.jpg,real,real,42.03
ycvyqtrzft.jpg,real,real,44.81
ycxznnicma.jpg,real,fake,47.15
ycynjgqjba.jpg,real,real,49.05
ycznpzwurl.jpg,real,real,29.76
ydanxqoycq.jpg,real,real,17.14
ydawjbtnwi.jpg,real,real,34.15
ydbbyvetdb.jpg,real,real,48.22
ydefdghwzn.jpg,real,fake,39.15
ydfcdsrrff.jpg,real,fake,49.21
ydfcqqrcbv.jpg,real,real,43.04
ydfuqpxbom.jpg,real,fake,43.24
ydgtctdttz.jpg,real,fake,35.04
ydlitsqkza.jpg,real,real,38.45
ydmgtywlti.jpg,real,real,45.76
ydntymedcu.jpg,real,fake,44.55
ydorlzopai.jpg,real,real,26.93
ydqvbgbwup.jpg,real,real,38.13
ydtqmvjoih.jpg,real,real,44.05
ydvkwvsdxq.jpg,real,real,36.05
ydvljrwivu.jpg,real,real,44.71
ydvspkswjp.jpg,real,real,25.93
ydvwivmlhk.jpg,real,fake,45.34
yeabzuilfx.jpg,real,fake,26.5
yeafhzeomq.jpg,real,real,35.49
yebeeujegi.jpg,real,real,45.01
yednejmedv.jpg,real,real,44.53
yedrixstja.jpg,real,real,17.85
yehyyjdfte.jpg,real,fake,44.37
yeiteagpwk.jpg,real,real,39.89
yeknwbwxvt.jpg,real,real,31.82
yenazjqyga.jpg,real,fake,48.93
yengcmmwvh.jpg,real,fake,28.28
yeniyzmlje.jpg,real,fake,47.37
yennshallj.jpg,real,real,45.44
yeotajbmun.jpg,real,fake,44.1
yephtexyrr.jpg,real,fake,34.37
yeqqlbhgze.jpg,real,real,43.02
yetoyrfijk.jpg,real,real,49.34
yetyqnlnvc.jpg,real,real,25.27
yevtnyeaxq.jpg,real,fake,34.29
yewabcvapc.jpg,real,real,44.69
yexeazbqig.jpg,real,fake,47.65
yezrqwimia.jpg,real,real,44.66
yfavmkqxat.jpg,real,real,42.77
yfbfgifkil.jpg,real,fake,18.04
yfcmcnjvub.jpg,real,real,45.35
yfcmcxfytn.jpg,real,real,44.52
yfgianlyxy.jpg,real,real,21.97
yfgxwrwowp.jpg,real,real,30.49
yfhqhjbtdb.jpg,real,real,35.6
yfhygvijla.jpg,real,fake,29.04
yfilxwqpce.jpg,real,real,36.93
yfjdaeocjy.jpg,real,fake,46.96
yfjhmblyxs.jpg,real,fake,41.36
yfjkgiynbi.jpg,real,fake,46.19
yfjripqxze.jpg,real,real,4.42
yfkifnthut.jpg,real,fake,34.5
yfkkzazgae.jpg,real,real,28.86
yfkuojmkac.jpg,real,real,31.58
yflbjydirs.jpg,real,real,41.93
yflloaxkzy.jpg,real,real,10.51
yfmrxxfper.jpg,real,real,43.81
yfnalahkmb.jpg,real,fake,49.83
yfnqnwzemm.jpg,real,real,42.69
yfobedcwrw.jpg,real,real,37.41
yfprwjgwir.jpg,real,real,28.65
yfquxzpxjt.jpg,real,fake,30.27
yfrdadfdwo.jpg,real,real,48.62
yfsnwkbafm.jpg,real,fake,46.33
yftxfbikwn.jpg,real,fake,44.15
yfxvjewtjq.jpg,real,real,45.07
yfzhahbzea.jpg,real,fake,31.57
yfznrrpoek.jpg,real,real,39.09
yfzvqtpneb.jpg,real,real,22.33
ygaaujjova.jpg,real,real,31.69
ygartarjgc.jpg,real,real,24.93
ygbhnvyenv.jpg,real,real,45.13
ygcrqskjni.jpg,real,real,44.16
ygdbohfkzp.jpg,real,fake,45.15
ygdgwyqyut.jpg,real,real,45.44
ygfaytefyd.jpg,real,fake,41.68
yghxoihrle.jpg,real,real,47.38
ygiiuiahvf.jpg,real,fake,47.45
ygiscbckjl.jpg,real,fake,33.66
ygkefjuqop.jpg,real,real,37.05
ygnbegsvrn.jpg,real,real,48.94
ygnrcogikg.jpg,real,real,38.99
ygpgdfamrd.jpg,real,real,45.15
ygpgpgzywd.jpg,real,real,41.46
ygqzmkxuru.jpg,real,fake,45.39
yguohtopgf.jpg,real,fake,47.89
ygvsuimehc.jpg,real,real,31.13
ygxtaulugw.jpg,real,real,41.41
ygxwrhaese.jpg,real,real,46.95
ygyhurweua.jpg,real,fake,47.75
ygysuzkvri.jpg,real,real,49.35
ygyutwsyra.jpg,real,fake,31.69
ygzajizgvi.jpg,real,fake,49.16
yhaahxnbcv.jpg,real,fake,23.66
yhccejexpf.jpg,real,real,44.29
yhcnrijzuu.jpg,real,fake,48.78
yhcnxzcbds.jpg,real,real,46.92
yhhzstaqsg.jpg,real,real,49.79
yhjlnisfel.jpg,real,fake,41.94
yhjrxkrtpz.jpg,real,real,21.92
yhjsxvfynx.jpg,real,fake,36.95
yhkswjgrsj.jpg,real,real,49.18
yhlmbxaabq.jpg,real,real,40.28
yhmazfyaat.jpg,real,real,47.08
yhoivjlvgd.jpg,real,fake,47.4
yhqqwnlqdi.jpg,real,real,38.1
yhriqeialm.jpg,real,fake,39.49
yhrpxoocia.jpg,real,real,36.42
yhsltdpfpk.jpg,real,real,41.42
yhtvnvmpqj.jpg,real,fake,48.18
yhupajgsnz.jpg,real,real,39.56
yhwewmfucb.jpg,real,fake,44.18
yhxlweppnr.jpg,real,fake,47.99
yhzknnoety.jpg,real,real,44.99
yiafckaqsb.jpg,real,real,49.63
yibubxuixs.jpg,real,real,41.59
yibwycyhaz.jpg,real,real,47.75
yicbshfjvy.jpg,real,fake,48.71
yicfowyeqc.jpg,real,fake,49.4
yicmivfoay.jpg,real,fake,48.96
yieptjmvhm.jpg,real,fake,47.58
yiftujqlxd.jpg,real,real,45.24
yigbywpiox.jpg,real,real,43.64
yihodfxbqj.jpg,real,real,40.18
yijczbxusa.jpg,real,fake,49.6
yilhaiiopo.jpg,real,real,39.19
yiluzrwomh.jpg,real,real,37.37
yiluzssiis.jpg,real,real,36.28
yinkesudvb.jpg,real,real,41.74
yinwzittws.jpg,real,real,47.56
yiobxevqad.jpg,real,fake,44.59
yipzmaknol.jpg,real,real,43.17
yiqdjbotyg.jpg,real,fake,28.19
yiqhbxgfav.jpg,real,fake,22.82
yiqtxlpcia.jpg,real,real,10.35
yirkaxfwgb.jpg,real,fake,46.44
yisdyigvrx.jpg,real,fake,49.46
yismsygbtj.jpg,real,real,45.32
yivaecncdt.jpg,real,fake,49.96
yivyxagzay.jpg,real,fake,42.95
yiwiaghxqb.jpg,real,real,49.27
yiwjftbcgm.jpg,real,real,46.21
yiwldoyyvv.jpg,real,fake,43.55
yiwudavgin.jpg,real,real,37.35
yixioevjln.jpg,real,real,30.47
yixkdodzfd.jpg,real,fake,45.38
yixscrxpvg.jpg,real,real,17.62
yiykshcbaz.jpg,real,real,40.21
yjbobcwgzl.jpg,real,real,21.38
yjdlytyjlt.jpg,real,fake,49.86
yjdmyxutxa.jpg,real,real,30.52
yjeslmwyfn.jpg,real,real,38.89
yjfqckuyub.jpg,real,fake,33.78
yjhgruujcq.jpg,real,real,32.7
yjhmxguwbo.jpg,real,real,48.56
yjkqrqnufx.jpg,real,real,32.19
yjlsxqoauz.jpg,real,real,38.01
yjopklxubl.jpg,real,fake,42.82
yjrtwxwyin.jpg,real,real,44.46
yjsmfknvpj.jpg,real,fake,45.42
yjvfctrykm.jpg,real,fake,47.16
yjwpdqlkee.jpg,real,real,31.0
yjzgrighqo.jpg,real,real,33.74
yjzpjnxzoi.jpg,real,real,28.55
ykccbybjcj.jpg,real,real,41.05
ykdbemyzig.jpg,real,real,43.1
ykdrzctodm.jpg,real,real,21.64
ykefxibtdf.jpg,real,real,46.96
ykfllpyawg.jpg,real,fake,49.52
ykgdmawthl.jpg,real,real,46.85
ykieefmksb.jpg,real,real,40.43
ykifgltuke.jpg,real,fake,47.93
ykiwqdacfa.jpg,real,real,43.72
ykjkqjsuao.jpg,real,real,44.92
ykjpjpacui.jpg,real,real,47.4
yklamzsdff.jpg,real,fake,39.76
yklrylijjp.jpg,real,real,47.45
ykmpcxevug.jpg,real,real,48.47
ykneefbtbm.jpg,real,real,25.03
yknneawkrz.jpg,real,real,30.82
ykntspvmky.jpg,real,fake,49.29
yknzoyqlrq.jpg,real,fake,24.81
ykofirxynw.jpg,real,fake,42.63
ykpatcwgia.jpg,real,real,48.82
ykpbxgerzh.jpg,real,real,41.38
ykqkczfplf.jpg,real,real,49.79
ykscxihxya.jpg,real,real,37.06
ykvzbilhls.jpg,real,real,24.99
ykwbhuapcb.jpg,real,fake,25.36
ykwuoenwjm.jpg,real,real,40.75
ykxfnneiuq.jpg,real,real,46.04
ykxuygbjwe.jpg,real,fake,42.55
ykybgxsizu.jpg,real,fake,47.21
ykywskdwlc.jpg,real,fake,39.44
ylbdflgawa.jpg,real,fake,43.09
ylbkdjcqkq.jpg,real,fake,46.64
ylbnoyagmj.jpg,real,real,39.49
ylbpsomcpw.jpg,real,real,48.15
ylbsnpuyhz.jpg,real,real,19.0
ylcwtghrqs.jpg,real,real,26.26
yldfeutgrz.jpg,real,real,48.51
yldkxfflqg.jpg,real,real,32.56
ylitqpvnkm.jpg,real,fake,49.82
yljecirelf.jpg,real,fake,45.28
yllncwzjrl.jpg,real,real,27.98
ylntmnbfvk.jpg,real,fake,33.25
ylqclqfhlt.jpg,real,real,30.6
ylqqzvhvng.jpg,real,fake,22.97
ylrdassulc.jpg,real,real,40.52
yltdzmmmcg.jpg,real,real,48.44
yltmjvmuln.jpg,real,real,49.49
ylvppinesp.jpg,real,fake,46.5
ylwrmmryxj.jpg,real,fake,47.64
ylwtmwkbch.jpg,real,real,30.83
ylxleoxzcm.jpg,real,fake,46.27
ylxwcwhjjd.jpg,real,real,37.52
ymapogefom.jpg,real,real,42.17
ymbkmmrqzg.jpg,real,fake,48.13
ymbnmhldpf.jpg,real,fake,22.94
ymbonknkzs.jpg,real,fake,41.44
ymbzijlqya.jpg,real,fake,44.44
ymcdoqvvys.jpg,real,real,44.44
ymfrgnrvfw.jpg,real,real,27.82
ymgvkdwrag.jpg,real,real,25.8
ymgzshhkxh.jpg,real,real,38.84
ymifiuwjkz.jpg,real,real,49.8
ymijzdifid.jpg,real,real,36.53
ymlvcyksmi.jpg,real,real,49.58
ymmnqndqbv.jpg,real,real,39.86
ymmwbxjncs.jpg,real,fake,42.31
ymngcysczs.jpg,real,real,38.47
ymofihdaqg.jpg,real,real,40.1
ymprxvokzn.jpg,real,real,46.82
ymsemcinsv.jpg,real,real,32.53
ymsfmzuove.jpg,real,real,29.06
ymsxaemyex.jpg,real,real,40.89
ymtldlhboa.jpg,real,fake,46.73
ymugvyxuka.jpg,real,fake,49.84
ymuufhthca.jpg,real,real,46.53
ymwmhfiwmb.jpg,real,real,47.7
ymxibekbia.jpg,real,real,41.69
ymyjtjywus.jpg,real,real,44.71
ymysdylirs.jpg,real,real,39.2
yndrghtxff.jpg,real,fake,46.64
ynfgxeqzcv.jpg,real,real,21.84
yngdmqhcqs.jpg,real,real,12.34
ynghvptvre.jpg,real,real,47.2
ynhdroiwzr.jpg,real,fake,38.71
ynipfplgjt.jpg,real,real,43.42
ynjvvsrtdm.jpg,real,real,34.25
ynlucsymjj.jpg,real,fake,39.29
ynmluajwre.jpg,real,real,21.93
ynnjufeezy.jpg,real,real,45.62
ynnlbhdrzg.jpg,real,fake,43.02
ynqrdngnqh.jpg,real,real,43.9
ynrcgpktto.jpg,real,real,27.82
ynsxzcicxv.jpg,real,fake,41.67
ynvloqbgmx.jpg,real,fake,40.16
ynvppidwwa.jpg,real,real,43.97
ynvybzsdzq.jpg,real,real,30.72
ynyzjkvrxc.jpg,real,real,45.95
ynzdaxmsch.jpg,real,real,41.88
yoavqsqobz.jpg,real,fake,48.29
yobvrjelvc.jpg,real,real,27.54
yoeetkfxec.jpg,real,fake,24.17
yofslrsdjt.jpg,real,fake,42.11
yofsoklcfd.jpg,real,real,35.16
yogcymnpen.jpg,real,fake,44.05
yogfpwugql.jpg,real,fake,41.0
yohcyoltlz.jpg,real,real,3.75
yohtaqcczj.jpg,real,fake,33.88
yojdtucwfm.jpg,real,real,42.29
yojgeqpgoi.jpg,real,fake,43.52
yokjmkzsbx.jpg,real,fake,42.84
yomaonepsu.jpg,real,real,46.88
yonjrmwwyr.jpg,real,real,44.27
yooowqpwwb.jpg,real,fake,39.36
yoosbxmtow.jpg,real,real,46.97
yoqqryxlll.jpg,real,real,33.71
yoqxsxfdyj.jpg,real,real,39.83
yosdhakmbb.jpg,real,fake,34.97
yospxfvzqo.jpg,real,real,36.28
youicxhpxh.jpg,real,real,42.95
youvmkdlqq.jpg,real,fake,36.92
yovjqxwytr.jpg,real,fake,38.2
yovkaudkhn.jpg,real,fake,42.61
yoyuttrzdw.jpg,real,real,49.37
yozgvygwdr.jpg,real,real,38.77
ypavsvctpq.jpg,real,real,43.84
ypaxbuazvj.jpg,real,real,41.13
ypbjcbjhyp.jpg,real,real,35.0
ypbjlvmiug.jpg,real,real,36.33
ypcdqduufa.jpg,real,fake,33.18
ypchqlxdei.jpg,real,fake,44.33
ypcwodkcdr.jpg,real,real,33.94
ypewpvpfmk.jpg,real,real,48.77
ypflceurxq.jpg,real,real,39.55
ypgapxpqug.jpg,real,fake,46.9
ypgayhhaxx.jpg,real,fake,12.07
ypgxxyvbha.jpg,real,fake,48.43
ypgynzbshp.jpg,real,real,41.7
ypkehhhckj.jpg,real,fake,45.88
ypklhwxhbc.jpg,real,real,31.38
ypksowvcfo.jpg,real,real,41.2
ypmgblojth.jpg,real,real,49.12
ypolxhillo.jpg,real,real,49.43
yppsohptcm.jpg,real,fake,44.17
ypvmdghkwu.jpg,real,real,34.33
ypzxxadhqx.jpg,real,fake,27.9
yqahqscioc.jpg,real,real,31.1
yqaoluahjl.jpg,real,real,36.71
yqcrvbwnat.jpg,real,real,44.03
yqjaubfofy.jpg,real,real,41.81
yqjnyjbaeo.jpg,real,fake,48.23
yqkfscfsfy.jpg,real,fake,46.24
yqlthjdmys.jpg,real,real,39.26
yqomslmjpz.jpg,real,fake,28.63
yqovednfti.jpg,real,fake,47.83
yqqokezxvw.jpg,real,real,39.2
yqqoriksmt.jpg,real,real,47.23
yqrgyckggl.jpg,real,fake,44.74
yqrxlgxaqv.jpg,real,real,26.5
yqwcvpjeuw.jpg,real,real,47.67
yqwjqmskty.jpg,real,real,7.34
yqwtwlkabn.jpg,real,real,49.73
yqxejuawyj.jpg,real,real,49.39
yqximgmtgv.jpg,real,fake,45.74
yqxynworvb.jpg,real,real,45.36
yqyvgsyeof.jpg,real,fake,47.03
yqztaacvao.jpg,real,real,36.41
yraoqjfcmr.jpg,real,real,19.26
yrbpgzhhwk.jpg,real,fake,48.4
yrcwyybknj.jpg,real,fake,44.06
yrdrzkpxgz.jpg,real,real,34.12
yrehvulczu.jpg,real,fake,48.39
yrekvyyjog.jpg,real,fake,48.95
yrflznnutj.jpg,real,real,43.71
yrfneracbq.jpg,real,real,40.45
yrgjkxcrlw.jpg,real,fake,36.26
yrgnvwinlk.jpg,real,fake,46.63
yrkcwbsofn.jpg,real,fake,45.91
yrlogqcteq.jpg,real,real,42.49
yrmtemvrfu.jpg,real,fake,49.29
yrninonaol.jpg,real,real,45.2
yronlutbgm.jpg,real,real,45.29
yrprjvwpaz.jpg,real,real,40.98
yrpuhyvhsu.jpg,real,fake,49.39
yrqhcjnpix.jpg,real,fake,42.02
yrrppiaptl.jpg,real,real,17.16
yruujqxhgk.jpg,real,fake,18.22
yrvsabidav.jpg,real,real,24.15
yrvzgvldop.jpg,real,fake,46.08
yrwhyhmzwi.jpg,real,real,38.97
yrwosofwuf.jpg,real,real,25.9
yrxljghbmn.jpg,real,fake,28.43
yrxmrhbmsj.jpg,real,real,33.23
yrxnqqjvrc.jpg,real,real,46.69
yrzunbqjiy.jpg,real,real,41.12
ysabskzckv.jpg,real,real,45.45
ysakocwmbf.jpg,real,real,43.64
ysdyojsplg.jpg,real,fake,46.98
ysefhwaftq.jpg,real,fake,36.16
ysevrzcrqr.jpg,real,fake,21.44
ysgcmjcxva.jpg,real,fake,49.1
yskccmbywb.jpg,real,real,36.24
ysnepsntpe.jpg,real,real,42.67
ysnsmafhtk.jpg,real,fake,39.68
ysnvafzzji.jpg,real,real,30.21
ysqyvsuwkr.jpg,real,fake,48.73
yssikhuetw.jpg,real,real,43.74
ysspxnqqwh.jpg,real,real,36.87
ystdtnetgj.jpg,real,real,44.4
ysueqdisdo.jpg,real,real,46.27
ysvrdqpdwy.jpg,real,fake,47.5
ysypfjjwsz.jpg,real,fake,46.87
ysythqqvyp.jpg,real,real,49.75
yszcllgrcr.jpg,real,fake,45.53
ytajdmfljr.jpg,real,real,44.44
ytapmohqiw.jpg,real,real,43.22
ythqriczal.jpg,real,real,36.95
ytikzhctma.jpg,real,real,18.03
ytjxjdxmox.jpg,real,real,33.15
ytnylrosdc.jpg,real,real,31.11
ytoamycnxq.jpg,real,real,45.96
ytoqfjghfw.jpg,real,fake,32.13
ytowqhkwnk.jpg,real,real,47.34
ytqhdzqdjd.jpg,real,real,33.39
ytqnoxsags.jpg,real,fake,49.49
ytrdwmsacz.jpg,real,real,38.69
ytufbmkdlq.jpg,real,real,27.88
ytuyccfpuv.jpg,real,real,30.96
ytvcachoir.jpg,real,real,42.05
ytvnstdzze.jpg,real,real,38.08
ytwpcvjikh.jpg,real,real,38.11
ytwyozozbw.jpg,real,fake,49.35
ytxeiqmosc.jpg,real,real,42.9
ytztqzfwmi.jpg,real,real,34.19
yubkooqbsm.jpg,real,real,41.19
yuconpvmqh.jpg,real,real,22.48
yudfbdidar.jpg,real,real,48.88
yuewgyhhyw.jpg,real,fake,42.41
yufgngrzys.jpg,real,real,32.96
yugpoqtwwf.jpg,real,real,26.23
yugvuxhjyu.jpg,real,real,34.34
yujjwbpzxl.jpg,real,fake,47.21
yukprlgfnr.jpg,real,fake,42.03
yumwyzvhzf.jpg,real,fake,42.86
yupsrmckii.jpg,real,real,33.9
yuqdwjizdb.jpg,real,fake,41.33
yurtzoovou.jpg,real,real,45.67
yusjuhoblj.jpg,real,fake,46.63
yuszeaayck.jpg,real,real,40.58
yuuljlhiyu.jpg,real,real,30.89
yuvzsrxurn.jpg,real,fake,42.74
yuwoxpqeuv.jpg,real,real,42.58
yuwvoviras.jpg,real,fake,43.14
yuxshsiale.jpg,real,fake,41.18
yvbamukfcm.jpg,real,real,45.78
yvbwsatekt.jpg,real,real,36.89
yvdanukioz.jpg,real,fake,30.33
yvdlkcsext.jpg,real,fake,35.86
yvdnbmbwyh.jpg,real,fake,39.3
yveesygnvv.jpg,real,real,28.79
yvfoaoiclp.jpg,real,real,48.92
yvggulvpbb.jpg,real,fake,27.16
yvgnaxkajm.jpg,real,real,44.67
yvhitumirh.jpg,real,real,46.2
yvidhwqrqd.jpg,real,real,33.76
yviucixoxg.jpg,real,fake,48.91
yvixrplqty.jpg,real,fake,47.06
yvjahuivjk.jpg,real,real,47.04
yvkuususfu.jpg,real,fake,27.06
yvlfhcdvyo.jpg,real,real,47.91
yvmrwdyxby.jpg,real,fake,33.27
yvnxsysrrs.jpg,real,real,33.26
yvojjqtrju.jpg,real,fake,25.89
yvowabxoto.jpg,real,fake,49.14
yvpmfrnifh.jpg,real,real,39.75
yvqbiivsrs.jpg,real,real,46.86
yvqdkqnrif.jpg,real,real,47.53
yvsaazhxhc.jpg,real,real,31.86
yvsnmunfal.jpg,real,real,22.39
yvtdcrvxbu.jpg,real,real,49.24
yvtogabvsl.jpg,real,fake,44.16
yvvnxnztoj.jpg,real,fake,42.56
yvwbopmnnl.jpg,real,real,47.28
yvwraerzqk.jpg,real,real,48.09
yvyugtnzvk.jpg,real,real,39.49
yvzlvphjyt.jpg,real,fake,34.69
yvzqezsrfe.jpg,real,fake,49.99
ywauchpgum.jpg,real,real,48.78
ywecvdpbvq.jpg,real,real,45.08
ywerlxrqpm.jpg,real,real,8.68
ywiopkwcrj.jpg,real,real,38.83
ywkqwgcwhc.jpg,real,real,47.79
ywlaercgfp.jpg,real,real,38.19
ywltsyervd.jpg,real,fake,37.44
ywmladcexp.jpg,real,real,35.42
ywngdqvpcd.jpg,real,real,17.6
ywothfjglx.jpg,real,fake,43.62
ywpbkpicbt.jpg,real,real,32.32
ywpueiyzvo.jpg,real,fake,38.29
ywtpmkuseg.jpg,real,fake,38.95
ywuadwcnhy.jpg,real,fake,45.54
ywuxuaxwug.jpg,real,real,28.79
ywvbdslsgu.jpg,real,real,45.04
ywvlvpvroj.jpg,real,fake,44.76
ywxpquomgt.jpg,real,real,46.28
yxaqsflxnf.jpg,real,real,40.21
yxdqckdjsb.jpg,real,real,18.3
yxemrtvovf.jpg,real,fake,47.35
yxhhjhyxkt.jpg,real,real,49.52
yxmbuaycdq.jpg,real,real,6.86
yxmnwiwdpb.jpg,real,real,48.47
yxmqxzobbk.jpg,real,fake,48.77
yxnjqsomgw.jpg,real,fake,31.25
yxnwnywsqk.jpg,real,real,49.0
yxqwbxjrtt.jpg,real,real,45.05
yxsdhcbmbk.jpg,real,real,48.23
yxsettcask.jpg,real,fake,47.25
yxsfsjbrxz.jpg,real,real,48.01
yxspebqcym.jpg,real,fake,32.66
yxvzengowq.jpg,real,fake,41.07
yxvziflwgi.jpg,real,fake,40.8
yxwpxumqhf.jpg,real,real,43.03
yxxidwmzag.jpg,real,real,48.07
yxyhvdlrgk.jpg,real,real,45.02
yxymghoach.jpg,real,real,40.73
yybdkorjek.jpg,real,fake,39.91
yybmjbtavz.jpg,real,real,49.2
yybndruxch.jpg,real,fake,42.54
yybyvwtodb.jpg,real,fake,44.78
yydptbvwac.jpg,real,fake,40.47
yyecgshcla.jpg,real,real,31.67
yyfknjxaey.jpg,real,real,13.23
yyfpfzgncp.jpg,real,real,47.26
yygtmzelts.jpg,real,real,22.2
yyhexmlgyi.jpg,real,real,42.95
yyitvdtwvw.jpg,real,fake,43.6
yyjhtexlly.jpg,real,real,21.08
yylddjnged.jpg,real,fake,49.45
yymedrgilu.jpg,real,real,43.95
yyohndwbjd.jpg,real,real,35.82
yypbrzvfpa.jpg,real,fake,47.73
yyqfgqdlgk.jpg,real,fake,41.2
yyqthfcirc.jpg,real,fake,37.91
yyrltwsdvx.jpg,real,real,39.91
yyrpsrmjfd.jpg,real,real,48.54
yyrrytwwva.jpg,real,real,44.64
yysjbqhmsx.jpg,real,real,34.47
yysxcapiqg.jpg,real,real,47.19
yyudmkuhxo.jpg,real,real,44.07
yyuemfqduf.jpg,real,fake,48.47
yyuodrxazd.jpg,real,fake,37.46
yyuuymrkvr.jpg,real,fake,29.66
yywlqpamxq.jpg,real,real,38.39
yywvkziuvp.jpg,real,real,44.16
yyxuyzaycm.jpg,real,real,25.06
yyyqdyejwn.jpg,real,fake,45.36
yyzrhpllyu.jpg,real,real,48.52
yzasourxza.jpg,real,real,38.85
yzebcskiyu.jpg,real,fake,35.92
yzetolzbiu.jpg,real,real,21.12
yzhrdoqqxk.jpg,real,real,40.02
yzilccrwcj.jpg,real,fake,43.95
yziqsfcxcv.jpg,real,real,19.94
yzjkkacood.jpg,real,real,31.79
yzkzawtzge.jpg,real,real,24.91
yzmlvibpcg.jpg,real,real,23.28
yzpclclzoh.jpg,real,fake,48.32
yzqbwkwxsn.jpg,real,real,25.65
yzqjxkipov.jpg,real,fake,48.03
yzqpmnykha.jpg,real,fake,39.67
yzusjwgyav.jpg,real,real,39.75
yzvwjxnqvx.jpg,real,real,43.03
yzwvmiyoak.jpg,real,real,43.67
yzwzekysjq.jpg,real,real,42.24
yzynqpxpvz.jpg,real,fake,47.83
zadkjxobsl.jpg,real,real,47.15
zadwecmqlx.jpg,real,real,34.36
zaedzhgmfp.jpg,real,fake,27.77
zagtceiohx.jpg,real,real,45.08
zaitbytums.jpg,real,real,48.42
zajmykfzxg.jpg,real,fake,46.2
zajoneixnm.jpg,real,fake,48.42
zanitaghoz.jpg,real,fake,49.77
zaogpfdrol.jpg,real,real,40.25
zapcuhkncj.jpg,real,fake,48.62
zapcuremnl.jpg,real,real,45.6
zapmdhpwxj.jpg,real,real,31.78
zapykiwtda.jpg,real,real,46.53
zaunbinekr.jpg,real,fake,23.7
zavaexsxwv.jpg,real,real,38.22
zavdsjbcza.jpg,real,real,32.34
zayvgeqvls.jpg,real,fake,43.19
zazvxkcjet.jpg,real,real,20.29
zbaasqelzn.jpg,real,real,43.55
zbapyydbhw.jpg,real,fake,47.34
zbedudwede.jpg,real,real,35.05
zbeuuklbju.jpg,real,real,46.89
zbfqqlccak.jpg,real,real,34.57
zbgssotnjm.jpg,real,real,42.49
zbhlvhjjgt.jpg,real,fake,41.29
zbjlhzzbbj.jpg,real,real,45.56
zbkjwfhkfs.jpg,real,real,45.68
zbnrxmlkqx.jpg,real,fake,41.01
zbnsmyigpe.jpg,real,real,42.74
zbotrurper.jpg,real,real,37.4
zbotyhigad.jpg,real,real,49.79
zbppwczssz.jpg,real,real,32.85
zbqlzhirna.jpg,real,fake,46.84
zbriaewnmi.jpg,real,real,28.2
zbrjrjuvrw.jpg,real,fake,32.5
zbrmezlilf.jpg,real,fake,30.61
zbsjlcsetv.jpg,real,real,43.85
zbspiirbrz.jpg,real,real,44.8
zbudjhyrac.jpg,real,real,37.52
zbvgfbzzjq.jpg,real,real,22.58
zbwsftoldc.jpg,real,real,32.33
zbwvauvdoa.jpg,real,real,45.38
zbxucbnpqf.jpg,real,real,47.26
zcaewerejx.jpg,real,real,30.75
zcdzrwelwn.jpg,real,real,44.28
zcffoakqej.jpg,real,real,36.97
zcfpsnaujx.jpg,real,fake,46.04
zcftohlrqf.jpg,real,fake,47.7
zcgszofbno.jpg,real,real,46.45
zchetwpbpc.jpg,real,fake,44.13
zcifiwkooz.jpg,real,real,43.12
zcijgqopyg.jpg,real,fake,36.82
zcjjkcrrle.jpg,real,real,26.91
zcjrdqfnsa.jpg,real,real,37.09
zcmezmfvvx.jpg,real,real,45.49
zcmomlqegk.jpg,real,real,44.54
zcnfzmskfp.jpg,real,real,23.1
zcoshotvyf.jpg,real,fake,39.95
zcpdiajsfj.jpg,real,real,42.74
zcpowftyft.jpg,real,fake,49.31
zcqfxadxpx.jpg,real,fake,37.47
zcswqkeiaq.jpg,real,fake,41.97
zctwbivjzh.jpg,real,real,31.2
zcvnauvcgg.jpg,real,fake,43.05
zcwyysgvjz.jpg,real,real,41.94
zcxavlizzw.jpg,real,fake,48.79
zcxshimzyg.jpg,real,real,42.26
zcyszwygds.jpg,real,real,28.94
zczcdldtqi.jpg,real,fake,39.51
zdbdbhyplo.jpg,real,fake,35.53
zdbejgoqzy.jpg,real,real,22.12
zdccdhrsaj.jpg,real,real,49.42
zdckayghhi.jpg,real,fake,45.92
zddlxlbzfd.jpg,real,real,41.67
zdeyxohjer.jpg,real,fake,48.51
zdhlzusyxx.jpg,real,real,42.99
zdifjhxlvb.jpg,real,real,28.38
zdihoguqyl.jpg,real,real,48.32
zdjdarpamb.jpg,real,fake,45.19
zdjqvjmfqn.jpg,real,real,23.33
zdkjiipngr.jpg,real,real,39.92
zdlhavfmit.jpg,real,real,48.69
zdnepyqjiy.jpg,real,real,7.07
zdpggedkfj.jpg,real,real,48.04
zdrjfakfnt.jpg,real,real,45.19
zdyckloybc.jpg,real,real,40.53
zdzgsbqzml.jpg,real,real,35.85
zeczwhtenf.jpg,real,real,33.76
zedirvvbae.jpg,real,fake,42.35
zeekakenpt.jpg,real,real,44.08
zeeoowztak.jpg,real,real,10.88
zefpvybkmp.jpg,real,real,42.85
zefqhoewww.jpg,real,real,45.39
zefsbbegjb.jpg,real,real,41.64
zegionsphz.jpg,real,real,49.66
zegivghsyd.jpg,real,real,37.28
zeivojfkbb.jpg,real,real,44.11
zejalimkaj.jpg,real,real,40.2
zejwzdeabv.jpg,real,fake,34.24
zejydxripq.jpg,real,real,39.92
zekycdkhdv.jpg,real,real,36.24
zeljwpjvei.jpg,real,fake,43.49
zemxfadqul.jpg,real,fake,27.12
zemzjdbjqk.jpg,real,real,49.33
zeniicgabd.jpg,real,fake,47.99
zeoradpeam.jpg,real,real,19.44
zepgiunwkm.jpg,real,real,46.09
zeuhmhopuw.jpg,real,fake,38.5
zeuqdyakda.jpg,real,real,46.54
zevnbbpzan.jpg,real,real,37.34
zevqhglyrv.jpg,real,fake,48.41
zevzoxnqlb.jpg,real,fake,46.83
zewtytjwwd.jpg,real,real,46.34
zeyxycqrwc.jpg,real,real,31.11
zfamzpsrxq.jpg,real,real,21.7
zfbrjkugbd.jpg,real,real,40.68
zfecmsiodq.jpg,real,real,47.29
zfgdlmzecu.jpg,real,fake,47.74
zfgjechdto.jpg,real,real,8.95
zfkqowplog.jpg,real,real,43.63
zfmghhqqmy.jpg,real,real,46.96
zfnbkyefuh.jpg,real,fake,37.8
zfnjffauct.jpg,real,fake,35.51
zfnrrxzfpw.jpg,real,fake,27.86
zfobicuigx.jpg,real,real,48.94
zfrdxuohtj.jpg,real,real,48.27
zfrqdqczqc.jpg,real,fake,49.6
zfrrixsimm.jpg,real,real,47.22
zfsjxtmgxc.jpg,real,fake,44.62
zfvfgzdzec.jpg,real,real,41.83
zfzoyvhpta.jpg,real,real,47.5
zgbdwlnfrw.jpg,real,real,44.29
zgbxpzlxcn.jpg,real,real,45.83
zgfcwqhyvs.jpg,real,fake,36.29
zggxtwddeu.jpg,real,fake,49.58
zghtbyossg.jpg,real,real,49.63
zghyggthto.jpg,real,real,47.75
zglrhmwxic.jpg,real,fake,40.65
zgmvsysnms.jpg,real,fake,48.12
zgownpvohu.jpg,real,real,26.7
zgqcqzzyxb.jpg,real,fake,37.94
zgrzwmxare.jpg,real,fake,39.49
zgsbhofcsw.jpg,real,fake,46.7
zgsnvgtuhf.jpg,real,real,40.51
zgsolhunip.jpg,real,fake,42.77
zgtvracoga.jpg,real,real,37.57
zgvjfpzubp.jpg,real,real,23.5
zgvzuzkror.jpg,real,real,18.66
zgwrggyysr.jpg,real,real,38.84
zgyhttfzoz.jpg,real,fake,29.16
zgyvitgjil.jpg,real,real,39.13
zgzgmesopd.jpg,real,fake,45.28
zgzpeqtqen.jpg,real,real,40.07
zhbnpqlfub.jpg,real,fake,49.19
zhcssdcnsy.jpg,real,real,44.76
zhcxqdwyuc.jpg,real,fake,38.74
zheoimyoil.jpg,real,real,39.33
zhftwvtutp.jpg,real,real,38.12
zhgrrcvxcw.jpg,real,real,49.4
zhhbzsxfqo.jpg,real,real,42.33
zhiyaowjdu.jpg,real,real,39.74
zhizsrrjcn.jpg,real,real,37.77
zhlhmvpugd.jpg,real,real,32.28
zhmaznszye.jpg,real,real,39.56
zhnnrodwvb.jpg,real,fake,44.19
zhntfoflwh.jpg,real,real,47.42
zhplmoxofo.jpg,real,fake,43.48
zhqsyxrwqs.jpg,real,real,44.91
zhrjrsloix.jpg,real,fake,42.56
zhtrhkbyuy.jpg,real,real,43.9
zhtscwxxfe.jpg,real,real,45.45
zhvpwcvfcx.jpg,real,real,40.7
zhwltzcxik.jpg,real,real,44.3
zhxtmgsjjw.jpg,real,real,49.19
zhyokciyjo.jpg,real,fake,41.87
ziapicelup.jpg,real,fake,43.71
ziatdczqvp.jpg,real,fake,29.53
zicrmtxhft.jpg,real,real,40.86
zieliszkaj.jpg,real,real,42.37
zievpgbjrz.jpg,real,real,49.58
ziexmsthog.jpg,real,real,46.13
zigbepfygf.jpg,real,fake,43.72
zigodhdawk.jpg,real,fake,31.18
zihnzbhbqg.jpg,real,real,39.54
ziipxxchai.jpg,real,fake,40.84
zilqngcakp.jpg,real,fake,37.96
zimdadrfzq.jpg,real,real,41.57
zintyfpjqc.jpg,real,real,39.92
zipmkclglh.jpg,real,real,15.54
ziqbazrfdk.jpg,real,real,30.27
ziqjamfzlv.jpg,real,real,33.15
ziresgcahe.jpg,real,real,44.56
zirgxpzmjj.jpg,real,real,48.84
ziricwvglw.jpg,real,real,32.79
zirujlklpw.jpg,real,fake,39.16
zisasluawf.jpg,real,real,42.03
ziwpqmamiw.jpg,real,fake,47.51
ziwqxziokk.jpg,real,fake,47.33
ziwrbqsqty.jpg,real,real,37.02
zixngaurwv.jpg,real,real,41.99
ziybrtisgb.jpg,real,real,46.21
zjatoyujpi.jpg,real,real,41.97
zjbwxmmrgk.jpg,real,real,9.1
zjcicdzech.jpg,real,real,45.15
zjembwbgxd.jpg,real,fake,48.08
zjeynyeajs.jpg,real,real,29.97
zjfllgltee.jpg,real,fake,45.92
zjhpgqxxky.jpg,real,real,49.16
zjiiefyrtf.jpg,real,real,21.93
zjintloxhp.jpg,real,real,31.39
zjjehvquaq.jpg,real,real,39.92
zjliehpnzv.jpg,real,real,32.96
zjlmvoawrd.jpg,real,real,49.82
zjnrllmowq.jpg,real,fake,36.6
zjodgqdrpb.jpg,real,real,46.83
zjrcpdzigd.jpg,real,real,48.95
zjrlrqhjla.jpg,real,real,46.38
zjrshbpdik.jpg,real,real,38.48
zjrumznqoo.jpg,real,real,12.34
zjtbbycpbc.jpg,real,real,32.05
zjtifyduih.jpg,real,real,20.29
zjtrzigxsy.jpg,real,real,26.34
zjuaieuvfy.jpg,real,real,47.51
zjumzsbgpa.jpg,real,fake,42.48
zjvarjmtnc.jpg,real,real,43.65
zjwdrgxnzc.jpg,real,real,38.37
zjxdphteym.jpg,real,fake,35.44
zjxeptlacm.jpg,real,fake,23.33
zjyabnrolw.jpg,real,fake,48.64
zjzumoazqv.jpg,real,real,45.59
zkadsbaxmz.jpg,real,fake,49.77
zkamlyqzao.jpg,real,real,44.85
zkdexfqvyz.jpg,real,fake,26.9
zkdnihhfry.jpg,real,fake,43.53
zkejuxqzpj.jpg,real,real,33.25
zkeyaqctgr.jpg,real,real,47.07
zkfagiknuv.jpg,real,real,40.09
zkfiwyrzxo.jpg,real,fake,40.86
zkghvjkgfv.jpg,real,real,41.84
zkhgoxsauo.jpg,real,real,35.82
zkhrbpkcmt.jpg,real,real,44.1
zkiglsizpx.jpg,real,real,28.69
zkkrxnwjum.jpg,real,real,43.02
zkksmnscsf.jpg,real,fake,34.91
zkndonaybe.jpg,real,fake,46.75
zkrescvrba.jpg,real,real,43.58
zkrlvwigbl.jpg,real,real,44.72
zkupfdqqel.jpg,real,real,14.75
zkvzrmwyab.jpg,real,fake,26.17
zkzqeaagaa.jpg,real,real,49.09
zkzqwuusyq.jpg,real,fake,49.1
zlahvmfgwr.jpg,real,real,29.13
zlalrqeven.jpg,real,real,41.71
zlawvcbsyy.jpg,real,real,23.61
zlcfxbdymt.jpg,real,real,35.37
zldzgyuxam.jpg,real,real,10.42
zlfbumxcxs.jpg,real,real,46.79
zlfuvvoiql.jpg,real,fake,37.37
zlhvoufjou.jpg,real,real,35.66
zliyslxwcm.jpg,real,fake,39.5
zlkbcmygmq.jpg,real,real,25.78
zlkzrpuczg.jpg,real,real,28.92
zllgbpslut.jpg,real,real,40.98
zlnphbedts.jpg,real,real,47.5
zloeyrtcdh.jpg,real,fake,46.37
zlohmfufig.jpg,real,fake,49.25
zlqsyhmxed.jpg,real,fake,44.28
zlrmbsnyam.jpg,real,fake,44.97
zlsqiyjmvt.jpg,real,fake,33.22
zluyyagzlk.jpg,real,real,15.08
zlvaklmmrp.jpg,real,real,44.89
zmbafcubci.jpg,real,fake,45.11
zmcmnkhvmq.jpg,real,real,45.91
zmdkxnjejh.jpg,real,fake,36.08
zmdlpeuohf.jpg,real,real,28.05
zmdztoiikw.jpg,real,fake,43.41
zmfjyoofct.jpg,real,fake,44.72
zmgbvezhdw.jpg,real,real,34.47
zmgwqzewad.jpg,real,real,44.15
zmhmhgqzrk.jpg,real,real,34.5
zmifggvalj.jpg,real,fake,47.9
zmjkexlnry.jpg,real,real,38.48
zmjksiqxuu.jpg,real,real,41.51
zmkjbubbbb.jpg,real,real,26.79
zmpimfofyq.jpg,real,fake,49.43
zmplbhkwns.jpg,real,fake,35.73
zmqnnddsdj.jpg,real,real,37.25
zmrdtdwdct.jpg,real,fake,36.43
zmrdtytqyr.jpg,real,real,36.01
zmrqqtqyfg.jpg,real,real,43.37
zmsahcjmuz.jpg,real,real,47.45
zmsglbswcn.jpg,real,fake,37.7
zmujxezkrv.jpg,real,real,49.41
zmwriovmpy.jpg,real,real,42.75
zmxeiipnqb.jpg,real,real,30.17
zmxrwaoajx.jpg,real,real,35.47
znagtzjmdg.jpg,real,fake,42.96
znajtjbxfy.jpg,real,real,46.68
znavjwhxtq.jpg,real,fake,45.01
znbriecxut.jpg,real,real,40.39
zneydxtaie.jpg,real,fake,48.6
znhirrnscg.jpg,real,fake,39.51
znhmobdwnv.jpg,real,fake,46.72
znickltiqa.jpg,real,real,42.12
znimabcisi.jpg,real,real,36.68
znlzegqkbp.jpg,real,real,35.28
znmzmierff.jpg,real,real,46.79
znpdbbsfvj.jpg,real,real,45.81
znpeqmngnf.jpg,real,real,28.97
znrjcttefv.jpg,real,fake,43.32
znsntylmoo.jpg,real,real,49.79
znsoaxtask.jpg,real,real,24.06
znsxeanewc.jpg,real,fake,46.16
znvdxgaoay.jpg,real,real,28.44
znwlsmcgar.jpg,real,fake,49.2
znwqwrogrj.jpg,real,real,15.59
znxxkuuaze.jpg,real,fake,49.76
znytebsgjb.jpg,real,fake,45.55
znyxhfxhbp.jpg,real,real,43.67
zoaeaczkyk.jpg,real,real,30.21
zocddvybad.jpg,real,fake,26.5
zocemfhtus.jpg,real,real,47.85
zocvwatcsf.jpg,real,fake,42.24
zofkbbmrup.jpg,real,fake,26.21
zoglmajedn.jpg,real,real,21.53
zohhhtlkex.jpg,real,real,49.5
zohoemsvxx.jpg,real,fake,22.18
zohrsrryio.jpg,real,real,34.66
zohspgrgua.jpg,real,fake,23.56
